wmo,cycle,time,lat,lon,bbp700_surface_mean3,n_points_used
1902368,13,2024-06-28T23:35:56.256000,57.02298,-146.8164,0.001935348380357027,3
1902369,4,2024-05-09T17:51:16.416000,45.00438,-133.36348,0.000873863697052002,3
1902369,5,2024-05-09T21:58:17.472000,45.00592,-133.35674,0.000712680610983322,3
1902369,6,2024-05-10T08:55:57.216000,45.01983,-133.35607,0.0006829366514769694,3
1902369,7,2024-05-10T19:53:30.912000,45.02039,-133.35439,0.0007054455733547608,3
1902369,25,2024-07-23T15:11:37.248000,45.4643,-132.92191,0.0009015049630155166,3
1902369,27,2024-08-12T23:30:20.160000,45.26073,-132.71735,0.0014531132765114307,3
1902369,32,2024-10-02T17:13:49.152000,44.76719,-132.00509,0.0010083784388067822,3
1902369,33,2024-10-12T21:49:39.072000,44.73383,-131.98984,0.0008705289995608231,3
1902370,16,2024-08-01T16:25:22.002000128,4.93024,160.17283,,0
1902370,28,2024-10-02T21:01:31.002000128,5.53331,162.21414,,0
1902371,1,2024-05-11T02:32:20.256000,51.95482,-142.95775,0.0015128395752981305,3
1902371,2,2024-05-11T03:33:15.840000,51.95289,-142.96195,0.0014531465712934732,3
1902371,3,2024-05-11T04:34:15.744000,51.95262,-142.96806,0.0014350180669377248,3
1902371,4,2024-05-11T05:33:22.464000,51.95304,-142.97239,0.0014070487425973017,3
1902371,5,2024-05-11T06:31:52.032000,51.95601,-142.97537,0.0013509391186137993,3
1902371,6,2024-05-11T07:30:00,51.95942,-142.97472,0.0013896072826658685,3
1902371,7,2024-05-11T08:28:05.376000,51.96335,-142.97156,0.0013597856741398573,3
1902371,8,2024-05-11T12:16:32.736000,51.96245,-142.97331,0.001422171713784337,3
1902380,81,2024-03-27T17:15:42.002000128,16.9057,-45.4297,0.00042171375631975633,3
1902380,84,2024-04-26T16:22:47.002000128,18.1814,-44.605,0.00041739548517701525,3
1902380,93,2024-07-25T15:26:14.002000128,18.4716,-42.8579,0.0005137744107438872,3
1902380,94,2024-08-04T15:22:21.002000128,18.572,-42.7869,0.0005511175064990917,3
1902380,95,2024-08-14T14:09:17.002000128,18.6775,-42.7432,0.0005028031397766123,3
1902380,96,2024-08-24T14:05:35.002000128,18.7529,-42.7794,0.00044986761834782857,3
1902380,98,2024-09-13T13:43:42.000999936,18.8366,-42.3478,0.0004990944774666181,3
1902380,100,2024-10-03T14:29:56.002000128,18.6373,-41.7163,0.00045528407402647036,3
1902380,112,2025-02-01T06:06:08.000999936,18.3704,-42.4504,0.0004910174272178361,3
1902380,114,2025-02-21T10:29:33.000999936,17.9128,-42.6521,0.00048092306436349946,3
1902380,116,2025-03-13T15:01:53.002000128,17.9658,-42.5186,0.0005219353285307685,3
1902380,117,2025-03-23T16:02:51.002000128,18.2349,-42.7735,0.0005336635804269463,3
1902380,118,2025-04-02T18:32:12.002000128,18.465,-43.1567,0.0004510864770660798,3
1902382,94,2024-08-02T21:50:16.002000128,18.8974,-29.8982,0.0006245178713773688,3
1902382,98,2024-09-11T22:27:45.002000128,19.099,-30.9288,0.0007537055644206703,3
1902382,111,2025-01-20T09:22:47.000999936,19.9598,-32.4701,0.0006004581421924134,3
1902382,113,2025-02-09T12:15:47.000999936,20.1253,-32.3663,0.0006126730780427655,3
1902382,114,2025-02-19T13:56:29.000999936,19.9975,-32.2187,0.000592100569823136,3
1902382,115,2025-03-01T14:14:06.002000128,19.8288,-32.0973,0.000573513835358123,3
1902384,81,2024-03-28T20:34:53.002000128,20.5495,-42.2041,0.0004683116761346658,3
1902384,84,2024-04-27T21:51:25.002000128,20.4961,-41.0963,0.0004939244342191765,3
1902384,91,2024-07-07T10:47:42.000999936,20.1537,-42.3513,0.00046166379858429235,3
1902384,92,2024-07-17T12:07:04.000999936,20.1062,-42.431,0.0005139997423005601,3
1902384,93,2024-07-27T14:23:33.002000128,20.0788,-42.5806,0.00046263018157333136,3
1902384,94,2024-08-06T16:18:59.002000128,20.0525,-42.7585,0.0004919730708934367,3
1902384,95,2024-08-16T17:28:11.002000128,19.9079,-42.9307,0.0005422349689373126,3
1902384,96,2024-08-26T19:41:31.002000128,19.6202,-43.0478,0.0005008441706498464,3
1902384,97,2024-09-05T21:15:33.002000128,19.3851,-43.0413,0.0004979706330535313,3
1902384,100,2024-10-06T02:27:23,19.076,-41.9417,0.00045129997306503356,3
1902384,112,2025-02-04T00:44:13,19.3373,-41.0262,0.0005128828537029525,3
1902385,80,2024-03-24T08:36:30.000999936,24.7626,-54.9732,0.00044237953261472285,3
1902385,82,2024-04-13T07:51:00.000999936,25.2248,-55.8876,0.0005053089504751066,3
1902385,84,2024-05-03T06:52:10.000999936,26.219,-56.9006,0.00043922362965531647,3
1902385,90,2024-07-02T05:00:54.000999936,25.6681,-57.6725,0.00044385519383164745,3
1902385,92,2024-07-22T05:11:53.000999936,25.3664,-58.56,0.00047222036907138926,3
1902385,93,2024-08-01T05:17:08.000999936,25.144,-58.9336,0.0004574028910913815,3
1902385,94,2024-08-11T06:30:31.000999936,24.8598,-59.2849,0.0006303823417207847,3
1902385,95,2024-08-21T07:05:32.000999936,24.6619,-59.5193,0.00042333405387277406,3
1902385,97,2024-09-10T06:55:25.000999936,24.9345,-59.8098,0.0004832243042377134,3
1902385,102,2024-10-30T06:22:41.000999936,26.1554,-60.5679,0.00043224255205132067,3
1902385,111,2025-01-28T16:57:51.002000128,25.5523,-61.069,0.000456818340656658,3
1902385,112,2025-02-07T19:16:09.002000128,25.6232,-60.9101,0.0004630467058935513,3
1902385,113,2025-02-17T20:08:36.002000128,25.583,-60.612,0.00038174363241220516,3
1902385,116,2025-03-20T02:34:54,25.5674,-58.5908,0.00038492555419603985,3
1902385,118,2025-04-09T07:03:57.000999936,25.7832,-58.1477,0.0007332712411880493,3
1902453,36,2024-05-16T19:10:10.002000128,-1.993,71.5785,0.0005425165290944278,3
1902453,62,2025-02-01T22:15:54.002000128,-3.958,75.4516,0.0008064877086629471,3
1902453,64,2025-02-22T02:20:12,-3.5202,74.4732,0.0005903044948354363,3
1902453,68,2025-04-03T10:26:21.000999936,-3.7246,73.934,0.0006673624156974256,3
1902454,47,2024-09-05T12:25:59.000999936,3.0234,56.7168,0.0012749935655544202,3
1902454,50,2024-10-05T13:27:23.000999936,2.8706,57.0281,0.0008657122768151263,3
1902454,51,2024-10-15T12:18:03.000999936,2.6421,57.3241,0.0010413598890105884,3
1902454,52,2024-10-25T12:51:41.000999936,2.0301,57.1722,0.0008176973205991089,3
1902454,53,2024-11-04T11:53:26.000999936,2.7352,57.2926,0.0007396826598172387,3
1902454,55,2024-11-24T16:23:08.002000128,2.5401,57.8567,0.0006283304731672009,3
1902454,56,2024-12-04T19:16:28.002000128,1.9951,56.7662,0.0008727364474907517,3
1902455,52,2024-10-24T06:29:00.000999936,3.0474,70.384,0.0005489469428236285,3
1902455,65,2025-03-04T08:45:50.000999936,2.6461,74.8406,0.0004824355225233982,3
1902455,69,2025-04-13T17:08:16.002000128,2.6129,73.4408,0.0006457529768037299,3
1902456,33,2024-03-23T07:37:59.000999936,-26.5859,56.8201,0.0008354966606323918,3
1902456,36,2024-04-22T08:56:46.000999936,-26.1912,56.559,0.000569277365381519,3
1902456,38,2024-05-12T08:05:12.000999936,-25.8375,55.6236,0.0006037216129091879,3
1902456,40,2024-06-01T08:13:13.000999936,-25.5663,54.2614,0.0005894807982258499,3
1902456,41,2024-06-11T07:34:00.000999936,-25.4739,53.5909,0.0006526917568407953,3
1902456,42,2024-06-21T08:26:46.000999936,-25.3053,52.8545,0.0007145084867564341,3
1902456,44,2024-07-11T07:43:12.000999936,-25.4654,51.7784,0.000653495779260993,3
1902456,45,2024-07-21T06:57:17.000999936,-25.8875,51.4979,0.0006481653933102886,3
1902456,47,2024-08-10T06:19:23.000999936,-26.2652,51.1696,0.0007234993002687892,3
1902456,51,2024-09-19T07:32:53.000999936,-25.8217,52.2875,0.0007893534105581542,3
1902456,54,2024-10-19T07:12:23.000999936,-24.7918,53.141,0.0005060798624375215,3
1902456,59,2024-12-08T09:18:12.000999936,-24.4367,55.6242,0.0004914153832942247,3
1902456,66,2025-02-16T22:35:12.002000128,-22.9229,56.5052,0.0006374693281638125,3
1902456,68,2025-03-09T03:51:05,-23.9344,56.5001,0.0006705958706637224,3
1902457,31,2024-03-29T01:23:41,6.0073,66.1508,0.0006096272457701465,3
1902457,51,2024-10-15T09:49:40.000999936,6.2049,67.5549,0.0005471011390909553,3
1902457,52,2024-10-25T10:20:46.000999936,6.0366,67.6384,0.0004979249691435447,3
1902457,57,2024-12-14T17:37:26.002000128,6.223,67.6463,0.0006542613070147733,3
1902457,65,2025-03-05T11:28:39.000999936,5.2019,67.8277,0.0006802701585305234,3
1902457,66,2025-03-15T13:14:33.000999936,5.2956,67.8169,0.0006034481339156628,3
1902457,67,2025-03-25T15:51:48.002000128,5.5474,67.9548,0.0007598666901079317,3
1902458,50,2024-10-16T10:48:53.000999936,12.9215,67.8612,0.0007774849267055591,3
1902458,60,2025-01-25T03:04:12,13.1713,67.2582,0.0007413743296638131,3
1902458,63,2025-02-24T09:20:48.000999936,12.5613,67.3002,0.00061837900041913,3
1902458,64,2025-03-06T11:54:47.000999936,12.393,67.3331,0.0006870417467628916,3
1902458,65,2025-03-16T14:25:08.002000128,12.3587,67.317,0.0010598095056290429,3
1902458,66,2025-03-26T16:19:55.002000128,12.3965,67.2613,0.0006311387599756321,3
1902458,67,2025-04-05T18:55:35.002000128,12.414,67.2476,0.0007785068009980023,3
1902490,6,2024-04-19T20:20:18.002000128,-28.788,1.4454,0.0005096031042436758,3
1902490,8,2024-05-09T19:16:25.002000128,-29.4134,0.6195,0.0005428815493360162,3
1902490,14,2024-07-08T10:20:22.000999936,-30.8115,-0.7818,0.00049743444348375,3
1902490,26,2024-11-05T05:20:44.000999936,-31.136,-2.1131,0.0008192446548491716,3
1902490,33,2025-01-14T16:10:24.002000128,-32.0829,-4.8045,0.0004793290378681074,3
1902492,31,2024-12-07T23:00:33.002000128,-0.4011,-3.2536,0.0007682466530241072,3
1902492,39,2025-02-26T18:21:20.002000128,-0.6322,-2.068,0.0014399886131286621,3
1902493,7,2024-05-02T05:24:37.000999936,-31.5659,-0.4727,0.0005340882150145868,3
1902493,8,2024-05-12T05:53:31.000999936,-31.3413,-0.4158,0.000532991272242119,3
1902493,28,2024-11-28T06:13:07.000999936,-31.36,-4.3944,0.00074301347679769,3
1902493,33,2025-01-17T15:35:41.002000128,-30.2076,-6.6698,0.0005316356158194443,3
1902493,36,2025-02-16T21:17:07.002000128,-29.5214,-8.0189,0.0004537020189066728,3
1902493,39,2025-03-19T01:38:43,-29.5216,-8.6673,0.00045579079111727577,3
1902495,15,2024-07-13T16:38:12.002000128,-19.5017,0.0214,0.0007220968060816327,3
1902495,21,2024-09-11T13:03:25.000999936,-19.3728,-0.4279,0.000955994512575368,3
1902495,33,2025-01-09T22:12:54.002000128,-19.5043,-1.7652,0.000527580016447852,3
1902495,37,2025-02-19T05:46:25.000999936,-17.2575,-2.1097,0.0005856519759011766,3
1902495,41,2025-03-31T10:31:13.000999936,-18.6044,-2.272,0.0005636075511574745,3
1902496,11,2024-06-01T16:23:01.002000128,-16.1745,-2.6666,0.0005702922353520989,3
1902496,22,2024-09-19T14:31:10.002000128,-15.6171,-1.8615,0.0009670618843908111,3
1902496,34,2025-01-17T21:11:38.002000128,-15.3189,-2.049,0.0004900122973291824,3
1902496,36,2025-02-07T00:31:05,-15.4219,-1.7817,0.0005657837803786,3
1902496,40,2025-03-19T07:33:05.000999936,-15.6172,-1.2644,0.0005222499603405595,3
1902497,5,2024-03-31T15:48:57.002000128,-12.0473,1.0059,0.00044568256513836485,3
1902497,6,2024-04-10T14:46:33.002000128,-11.9774,1.2566,0.0005068408985001346,3
1902497,41,2025-03-27T08:06:10.000999936,-11.8941,-1.8473,,0
1902499,17,2024-07-24T15:21:01.002000128,-3.9665,-5.3835,0.0013256436213850975,3
1902500,10,2024-05-27T06:22:24.000999936,-23.5357,-0.8765,0.00049714408426856,3
1902500,12,2024-06-16T04:42:38,-23.6189,-1.1847,0.000528980124120911,3
1902500,14,2024-07-06T01:21:31,-23.783,-1.3988,0.0005243334647578498,3
1902500,33,2025-01-11T19:54:18.002000128,-21.5583,-1.8239,0.00047887272861165303,3
1902500,35,2025-01-31T23:29:12.003000064,-21.1501,-2.4836,0.00047305765716979903,3
1902500,36,2025-02-11T01:41:22,-20.932,-2.4504,0.000641680380795151,3
1902500,37,2025-02-21T03:04:29,-20.9962,-2.0203,0.0006058208916025857,3
1902500,39,2025-03-13T06:12:19.000999936,-21.0907,-0.5166,0.0005540926164637009,3
1902500,41,2025-04-02T09:37:03.000999936,-21.0002,0.8422,0.000672553297287474,3
1902501,29,2025-02-17T03:31:00,-5.138,-90.752,0.0013235527245948713,3
1902652,1,2025-03-17T09:56:54.000999936,12.4669,-111.8918,0.0007960332441143692,3
1902652,3,2025-04-07T00:13:03,11.5871,-111.6563,0.0006407103889311353,3
1902722,2,2025-03-04T21:30:00.002000128,-22.2126,-34.4197,0.0006232419206450383,3
1902742,1,2025-02-19T09:57:26.000999936,28.8796,-73.8837,0.0007797790846476952,3
1902742,2,2025-03-01T15:53:59.002000128,28.7208,-74.447,0.0009220134428081413,3
1902742,3,2025-03-11T22:19:24.002000128,28.7844,-74.4048,0.0008526570939769348,3
1902742,5,2025-04-01T10:47:22.000999936,28.9901,-75.1732,0.0009254676794322828,3
1902742,7,2025-04-21T22:55:57.002000128,28.225,-75.7392,0.0007719698284442226,3
2903439,15,2025-03-12T07:15:28.000999936,-35.1962,-109.8256,0.000702797396418949,3
2903440,8,2025-01-02T01:14:09,-37.6193,-99.0845,0.0006035063803816835,3
2903440,9,2025-01-12T04:24:09,-37.6585,-99.2896,0.0007127397111617029,3
2903441,13,2025-02-23T02:10:16,-39.4282,-88.6174,0.0008373879827558994,3
2903442,5,2024-12-05T12:18:24.000999936,-40.6487,-79.0922,0.0025918112757305303,3
2903442,6,2024-12-15T14:01:29.002000128,-40.5412,-78.8856,0.0035963112798829875,3
2903442,8,2025-01-04T18:30:52.002000128,-40.6222,-78.3615,0.00223631466117998,3
2903442,10,2025-01-24T23:14:37.002000128,-40.411,-77.8497,0.003247648011893034,3
2903442,12,2025-02-14T04:55:00.000999936,-40.0598,-78.2501,0.0009905541858946283,3
2903442,15,2025-03-16T09:05:03.000999936,-39.9319,-79.1028,0.0010809596472730239,3
2903442,16,2025-03-26T12:05:23.000999936,-40.0148,-79.3366,0.001541962653088073,3
2903451,41,2024-04-10T07:51:17.000999936,-0.3631,148.0637,0.00047883303098691005,3
2903451,56,2024-09-07T12:02:13.000999936,0.2613,151.1196,0.0004916562077899774,3
2903451,57,2024-09-17T12:56:15.000999936,0.0817,149.8688,0.0003812787278244893,3
2903451,60,2024-10-17T14:06:49.002000128,1.0595,147.1215,0.00039464877530311543,3
2903451,75,2025-03-16T20:19:32.002000128,0.8616,141.2927,0.0005113606651624044,3
2903459,36,2024-05-04T19:04:05.002000128,-9.636,-93.1594,0.0007046544924378395,3
2903459,38,2024-05-25T09:21:41.000999936,-9.9352,-93.5128,0.0007500029751099646,3
2903459,53,2024-10-26T18:56:27.002000128,-9.1758,-94.1482,0.0009121953238112231,3
2903459,54,2024-11-06T01:06:00,-9.3853,-94.2712,0.0010613686948393781,3
2903459,60,2025-01-06T17:28:36.002000128,-9.5922,-93.6917,0.0010938257910311222,3
2903459,64,2025-02-16T22:40:18.002000128,-10.2701,-92.4371,0.0009284256763445834,3
2903459,69,2025-04-09T09:32:10.000999936,-10.0,-91.9025,0.0008601178997196257,3
2903461,30,2024-03-13T04:21:22,-2.7455,-98.1712,0.0011104249861091375,3
2903461,32,2024-04-02T18:38:07.002000128,-2.993,-98.6811,0.0008337964148571094,3
2903461,37,2024-05-24T05:39:03.000999936,-3.1537,-99.3893,0.0007927812403067946,3
2903461,39,2024-06-13T19:11:42.002000128,-3.0582,-100.2953,0.0007271149661391973,3
2903461,51,2024-10-15T04:44:40,-2.9927,-104.0739,0.0013145670915643375,3
2903461,52,2024-10-25T11:14:09.000999936,-2.2304,-104.5217,0.0014490245375782251,3
2903461,56,2024-12-05T14:30:41.002000128,-2.4035,-104.6541,0.0017427882024397452,3
2903461,57,2024-12-15T21:28:15.002000128,-2.3945,-104.342,0.0012593423016369343,3
2903461,58,2024-12-26T04:56:55.000999936,-2.8295,-104.2468,0.0009315992938354611,3
2903462,31,2024-03-22T00:05:08,0.4592,-97.5757,0.0011898078955709934,3
2903462,32,2024-04-01T01:38:35,0.8099,-97.6481,0.00118277578925093,3
2903462,36,2024-05-11T01:47:59,0.4892,-101.3145,0.0008663757471367717,3
2903462,37,2024-05-21T03:11:26,0.3748,-102.4123,0.0011156319330135982,3
2903462,38,2024-05-31T04:26:19,0.6584,-103.2957,0.0013678263251980145,3
2903462,43,2024-07-20T05:50:27.000999936,-0.1389,-106.8316,0.0015166573769723375,3
2903462,54,2024-11-07T10:28:52.000999936,0.5102,-103.4307,0.001218484714627266,3
2903462,55,2024-11-17T11:26:35.000999936,1.3358,-104.2066,0.0009105342129866282,3
2903462,57,2024-12-07T12:46:50.000999936,1.0082,-103.3064,0.0010689993699391682,3
2903462,58,2024-12-17T13:35:39.000999936,1.9446,-102.9592,0.0013029652958114941,3
2903462,60,2025-01-06T14:56:37.002000128,1.707,-102.2908,0.0009665994245248536,3
2903462,61,2025-01-16T14:56:23.002000128,0.6628,-102.2497,0.0010668633428091805,3
2903462,66,2025-03-07T19:18:30.002000128,1.1524,-101.8315,0.0005877984416050216,3
2903463,31,2024-03-23T18:35:06.002000128,4.0448,-98.0858,0.000743863716100653,3
2903463,33,2024-04-12T21:46:38.002000128,4.1673,-97.3651,0.000505477519861112,3
2903463,37,2024-05-23T03:07:12,3.7352,-97.2972,0.001041471608914435,3
2903463,49,2024-09-20T09:51:26.000999936,2.1822,-101.8286,0.0006939526453303794,3
2903463,53,2024-10-30T13:15:03.000999936,2.6943,-102.8325,0.0007898089825175703,3
2903463,60,2025-01-08T19:28:34.002000128,2.7659,-102.432,0.0008114349329844117,3
2903463,61,2025-01-18T20:35:48.002000128,2.5818,-102.4344,0.0009704536253896853,3
2903463,62,2025-01-28T20:55:27.002000128,3.0884,-102.3654,0.000816790503449738,3
2903463,65,2025-02-28T00:04:17,3.1255,-101.9923,0.0006845298921689391,3
2903463,66,2025-03-10T00:28:57,3.1467,-101.9238,0.0008464092194723586,3
2903464,48,2024-10-26T06:22:04.000999936,3.1875,82.7567,0.0004745244320171575,3
2903464,53,2024-12-16T20:58:05.002000128,3.4246,80.6939,0.0006368708952019612,3
2903464,61,2025-03-09T08:15:26.000999936,4.6514,83.1131,0.00047867738370162744,3
2903464,65,2025-04-19T12:54:24.000999936,2.2423,82.4356,0.0004150450210242222,3
2903465,36,2024-05-25T11:22:21.000999936,-4.6514,86.385,0.0005406112759374082,3
2903465,62,2025-02-10T02:14:54,-4.8615,89.6871,0.000810809840913862,3
2903465,65,2025-03-12T03:40:09,-4.9572,90.1154,0.0007896195747889578,3
2903465,68,2025-04-11T05:34:02.000999936,-5.3841,93.0057,0.0006357234281798204,3
2903465,69,2025-04-21T05:33:16.000999936,-5.615,93.9177,0.0005532544649516543,3
2903466,48,2024-10-17T17:48:29.002000128,0.8218,67.7474,0.0009051463760746022,3
2903466,49,2024-10-27T18:00:55.002000128,1.2482,66.4573,0.0008904115917781988,3
2903466,50,2024-11-06T18:23:58.002000128,1.4123,65.9271,0.0005902607614795367,3
2903466,63,2025-03-17T02:29:57,-0.458,73.1282,0.0004915624546507994,3
2903468,29,2024-04-20T07:06:19.000999936,-18.1446,101.5234,0.0005779686034657061,3
2903468,31,2024-05-10T21:06:35.002000128,-18.9091,100.7331,0.0005944576696492732,3
2903468,33,2024-05-31T11:39:13.000999936,-19.3742,100.8686,0.0005314236817260584,3
2903468,38,2024-07-21T21:47:08.002000128,-18.3881,99.6788,0.0005251137772575021,3
2903468,39,2024-08-01T04:29:06,-18.2822,99.2057,0.0005328009137883782,3
2903468,40,2024-08-11T11:29:21.000999936,-18.2063,98.6777,0.0005810246608840922,3
2903468,46,2024-10-12T07:34:37.000999936,-18.9007,96.8162,0.0005495356163010001,3
2903468,48,2024-11-01T22:01:37.002000128,-18.7045,96.73,0.0005114582794097563,3
2903468,53,2024-12-23T11:34:15.000999936,-17.5667,96.1058,0.0005189603349814812,3
2903468,57,2025-02-02T16:37:59.002000128,-18.501,96.5018,0.0004895484889857471,3
2903468,60,2025-03-05T15:12:44.002000128,-18.8361,97.624,0.0004761637149689098,3
2903472,32,2024-08-07T07:23:51.000999936,-38.951,33.5784,0.000980654052303483,3
2903829,7,2025-04-22T17:59:46.002000128,8.91218,87.48107,,0
2903831,9,2025-04-24T05:17:13.000999936,16.50974,89.67987,,0
2903832,1,2024-12-15T08:00:29.000999936,-29.89963,-90.0039,,0
2903832,2,2024-12-15T09:05:05.000999936,-29.90012,-90.00665,,0
2903832,3,2024-12-15T10:09:40.000999936,-29.9019,-90.00954,,0
2903832,4,2024-12-15T11:16:16.000999936,-29.90471,-90.01217,,0
2903832,5,2024-12-15T12:25:07.000999936,-29.90833,-90.01404,,0
2903832,6,2024-12-15T13:29:48.000999936,-29.91197,-90.0146,,0
2903832,7,2024-12-15T14:36:43.002000128,-29.9149,-90.0148,,0
2903832,8,2024-12-15T15:41:09.002000128,-29.91726,-90.01465,,0
2903832,9,2024-12-15T16:45:43.002000128,-29.91862,-90.01472,,0
2903832,10,2024-12-15T17:52:22.002000128,-29.91911,-90.01523,,0
2903832,11,2024-12-15T18:59:07.002000128,-29.91912,-90.0161,,0
2903832,12,2024-12-15T20:03:39.002000128,-29.91882,-90.01756,,0
2903832,13,2024-12-15T21:13:21.002000128,-29.91879,-90.02056,,0
2903832,14,2024-12-15T22:20:18.002000128,-29.91971,-90.02356,,0
2903832,16,2024-12-16T01:53:56,-29.93015,-90.02934,,0
2903832,17,2024-12-16T07:42:23.000999936,-29.93748,-90.033,,0
2903832,25,2024-12-29T21:06:03.002000128,-29.86151,-90.06604,,0
2903832,26,2025-01-08T13:41:33.000999936,-29.72647,-90.07619,,0
2903832,27,2025-01-18T18:23:33.002000128,-29.39692,-90.04842,,0
2903832,28,2025-01-28T23:19:17.002000128,-29.11365,-89.9915,,0
2903832,32,2025-03-10T10:43:23.000999936,-29.68399,-89.76444,,0
2903833,11,2025-01-11T08:58:09.000999936,-30.41388,-106.19066,,0
2903833,12,2025-01-21T13:24:34.000999936,-30.29562,-106.31212,,0
2903833,16,2025-03-03T07:01:32.000999936,-30.18193,-106.3989,,0
2903833,17,2025-03-13T19:30:59.002000128,-30.42478,-106.37827,,0
2903856,28,2024-06-06T02:04:26,1.8933,-166.5826,0.0006677257479168475,3
2903856,30,2024-06-26T17:08:51.002000128,1.3872,-168.1986,0.0007759039872325957,3
2903856,32,2024-07-17T07:24:08.000999936,1.0899,-170.1622,0.0010811987255389492,3
2903856,34,2024-08-06T21:58:30.002000128,0.887,-172.2144,0.0007983039637717108,3
2903856,40,2024-10-07T16:25:59.002000128,1.2606,-176.7647,0.0008012496206598977,3
2903856,55,2025-03-10T23:49:48.003000064,0.5133,176.5166,0.0007087920093908906,3
2903856,56,2025-03-21T07:11:30.000999936,1.013,177.6435,0.0007065744721330702,3
2903858,39,2025-01-05T01:02:32,-16.7759,-80.0429,0.0012199784784267347,3
2903858,40,2025-01-15T07:29:36.000999936,-16.9682,-79.6684,0.0020438932503263154,3
2903858,41,2025-01-25T14:45:13.002000128,-17.0454,-79.7657,0.0013159950419018667,3
2903858,44,2025-02-25T13:03:07.000999936,-16.5393,-80.5304,0.0008588556083850563,3
2903884,1,2024-11-22T06:08:48.000999936,0.51246,-139.95973,,0
2903884,5,2024-11-22T20:36:17.002000128,0.54565,-139.83793,,0
2903884,6,2024-11-23T04:18:12,0.53529,-139.80534,,0
2903884,7,2024-11-23T13:52:18.000999936,0.53446,-139.7781,,0
2903884,8,2024-11-23T23:37:47.003000064,0.53867,-139.74961,,0
2903884,9,2024-11-24T11:07:18.000999936,0.53896,-139.72074,,0
2903884,10,2024-11-24T22:37:35.002000128,0.53935,-139.69231,,0
2903884,11,2024-11-25T09:48:14.000999936,0.521,-139.67041,,0
2903884,12,2024-11-25T20:53:46.002000128,0.49289,-139.65181,,0
2903884,15,2024-12-17T00:50:23,0.71575,-138.86368,,0
2903884,16,2024-12-26T17:09:09.002000128,0.94099,-138.30625,,0
2903884,17,2025-01-05T21:29:39.002000128,0.3627,-138.38162,,0
2903884,18,2025-01-16T01:49:53,-0.34701,-138.04332,,0
2903884,19,2025-01-26T06:10:45.000999936,-0.22901,-137.41503,,0
2903884,20,2025-02-05T10:30:45.000999936,0.156,-136.75858,,0
2903884,21,2025-02-15T14:53:51.002000128,0.51014,-136.03279,,0
2903884,24,2025-03-18T00:02:06,0.25949,-133.82139,,0
2903887,32,2024-10-15T23:46:34.003000064,15.16129,159.26223,,0
2903887,33,2024-10-26T04:22:01,15.26451,158.96716,,0
2903887,34,2024-11-05T09:09:25.000999936,15.32884,158.62858,,0
2903887,40,2025-01-05T09:05:53.000999936,16.42044,156.12639,,0
2903887,42,2025-01-25T18:25:58.002000128,16.8808,156.46364,,0
2903887,45,2025-02-25T03:57:02,17.74694,157.21155,,0
2903887,47,2025-03-17T13:34:33.000999936,17.21347,157.07375,,0
2903939,1,2025-03-28T15:40:29.002000128,-18.9654,5.996,0.0011775930955385168,3
2903940,2,2025-04-01T02:55:36,-15.8514,-9.9903,0.00046583789905222755,3
2903940,3,2025-04-11T03:57:25,-15.6318,-10.0093,0.000517120526637882,3
2903940,4,2025-04-21T06:01:30.000999936,-15.4563,-10.019,0.00042395237445210415,3
2903941,2,2025-03-24T03:42:36,-15.9267,-19.3275,0.0004720197175629437,3
2903941,3,2025-04-03T05:27:26.000999936,-15.8753,-19.6047,0.0004336529624803613,3
3902261,25,2025-03-24T20:01:17.002000128,58.7238,-24.4276,0.0009481350231605271,3
3902332,1,2024-06-30T09:16:29.000999936,41.5021,-44.7563,0.0005547249068816503,3
3902334,4,2025-04-21T03:52:30,37.8612,-64.6393,0.0024761757037291923,3
3902340,1,2024-10-05T10:20:04.000999936,20.6169,-177.9476,0.0004058813986678918,3
3902340,3,2024-10-25T08:44:52.000999936,20.1832,-177.5378,0.00037247354824406403,3
3902340,13,2025-02-03T05:12:11.000999936,19.6703,-176.3377,0.00045032046424845856,3
3902340,14,2025-02-13T07:48:52.000999936,19.768,-176.4286,0.00042695785911443335,3
3902340,17,2025-03-15T14:15:56.002000128,20.0934,-177.3689,0.00047591144296651083,3
3902340,19,2025-04-04T18:36:57.002000128,20.3698,-178.083,0.0004116298320392768,3
3902341,2,2024-10-20T18:33:21.002000128,15.6326,154.1299,0.00030972017945411306,3
3902341,4,2024-11-09T18:05:02.002000128,14.7717,154.1941,0.00035389871724570793,3
3902341,10,2025-01-09T00:31:55,14.2557,157.7938,0.0003579447705609103,3
3902341,11,2025-01-19T02:36:11,14.8062,158.4096,0.00035980188598235446,3
3902341,12,2025-01-29T05:20:49.000999936,15.1132,158.1851,0.0003587132378015667,3
3902341,13,2025-02-08T06:30:56.000999936,15.3804,157.5909,0.0003642677329480648,3
3902341,16,2025-03-10T12:11:19.000999936,16.1626,155.2342,0.0003124334616586566,3
3902341,17,2025-03-20T14:06:43.002000128,16.1744,154.6282,0.0003559664182830602,3
3902342,1,2024-10-04T11:27:40.000999936,21.0812,-173.1885,0.00037963093685296673,3
3902342,86,2025-01-28T15:08:17.002000128,22.3488,-177.5938,0.0003744752417939405,3
3902342,87,2025-01-29T02:20:19,22.3492,-177.6159,0.00037594019280125696,3
3902342,89,2025-01-30T09:22:24.000999936,22.3767,-177.6258,0.0003949110978282988,3
3902342,90,2025-01-31T01:07:10,22.3647,-177.634,0.00036932624061591923,3
3902342,91,2025-01-31T12:33:20.000999936,22.3627,-177.6494,0.00038702764625971514,3
3902342,92,2025-02-01T03:53:45,22.352,-177.6457,0.00034241631510667503,3
3902342,93,2025-02-01T19:27:12.002000128,22.3561,-177.663,0.00035490170315218467,3
3902342,95,2025-02-02T22:50:58.002000128,22.3561,-177.6748,0.00035683346989875037,3
3902342,96,2025-02-03T10:24:12.000999936,22.3688,-177.6653,0.00038765537707755965,3
3902342,97,2025-02-04T01:55:15,22.3664,-177.6933,0.00035878681228496134,3
3902342,98,2025-02-04T13:16:32.000999936,22.3709,-177.6871,0.0005208256091767302,3
3902342,99,2025-02-05T05:36:42.000999936,22.3624,-177.7069,0.00035485793099117774,3
3902342,100,2025-02-05T17:14:38.002000128,22.369,-177.7087,0.00036798118768880766,3
3902342,101,2025-02-06T08:39:46.000999936,22.3644,-177.7194,0.0003594633696290354,3
3902342,102,2025-02-06T20:24:32.002000128,22.3627,-177.7302,0.00034304699511267245,3
3902342,103,2025-02-07T11:51:36.000999936,22.3611,-177.7285,0.0003771769115701318,3
3902342,104,2025-02-07T23:40:03.003000064,22.3643,-177.7515,0.0003496256152478357,3
3902342,105,2025-02-08T15:03:09.002000128,22.3617,-177.7387,0.00036667320334042114,3
3902342,106,2025-02-09T02:33:09,22.3685,-177.7522,0.00037847253649185103,3
3902342,107,2025-02-09T17:53:04.002000128,22.3643,-177.7281,0.0003579993305417399,3
3902342,108,2025-02-10T05:22:11.000999936,22.3662,-177.7259,0.0003718407921648274,3
3902342,109,2025-02-10T21:00:38.002000128,22.3565,-177.7133,0.0003730207778668652,3
3902342,110,2025-02-11T12:39:29.000999936,22.3541,-177.7006,0.00037312651208291453,3
3902342,111,2025-02-11T23:59:44.003000064,22.3492,-177.6968,0.00036718205471212667,3
3902342,112,2025-02-12T11:54:46.000999936,22.3497,-177.6678,0.00039412055048160255,3
3902342,113,2025-02-13T03:45:09,22.3467,-177.6481,0.00039411053876392543,3
3902342,114,2025-02-13T14:57:44.002000128,22.3472,-177.6194,0.00039207491984901327,3
3902342,120,2025-02-16T10:43:05.000999936,22.3863,-177.6338,0.0003830179339274764,3
3902342,121,2025-02-16T21:55:06.002000128,22.4037,-177.6347,0.00037511314925116795,3
3902342,122,2025-02-17T09:04:20.000999936,22.41,-177.6347,0.00039418247373153764,3
3902342,123,2025-02-17T20:38:12.002000128,22.4335,-177.6418,0.0003758025898908575,3
3902342,124,2025-02-18T08:05:45.000999936,22.444,-177.6433,0.00039944199185507995,3
3902342,125,2025-02-18T18:56:44.002000128,22.4512,-177.6547,0.0003845948085654527,3
3902342,126,2025-02-19T05:55:59.000999936,22.4486,-177.6635,0.00036604343525444466,3
3902342,127,2025-02-19T16:45:23.002000128,22.4409,-177.6743,0.00036926196965699393,3
3902342,128,2025-02-20T03:37:31,22.4342,-177.6763,0.00037324082222767174,3
3902342,129,2025-02-20T14:27:07.002000128,22.4334,-177.6654,0.0003705241930826257,3
3902342,130,2025-02-21T01:17:52,22.4296,-177.6603,0.00035610178019851446,3
3902342,131,2025-02-21T12:06:15.000999936,22.4377,-177.65,0.00040073504593844217,3
3902342,132,2025-02-21T22:54:00.002000128,22.4387,-177.6388,0.00037974020233377814,3
3902342,133,2025-02-22T10:04:59.000999936,22.4461,-177.6405,0.0003889356933844586,3
3902342,134,2025-02-22T20:54:17.002000128,22.457,-177.6436,0.0003659582289401442,3
3902342,135,2025-02-23T07:42:15.000999936,22.4612,-177.6535,0.0003817023631806175,3
3902342,136,2025-02-23T18:16:46.002000128,22.4661,-177.6621,0.00036988243421850103,3
3902342,137,2025-02-24T04:56:01.000999936,22.4623,-177.6583,0.0003718816927478959,3
3902342,138,2025-02-24T15:52:27.002000128,22.4601,-177.6553,0.00036858210417752463,3
3902342,139,2025-02-25T02:29:09,22.4628,-177.65,0.00036989205788510543,3
3902344,12,2025-01-24T17:30:44.002000128,21.3328,177.5775,0.0004366392968222499,3
3902344,18,2025-03-26T01:35:23,20.2167,178.8655,0.00044551909862396616,3
3902345,2,2024-10-22T10:02:14.000999936,14.2343,147.2788,0.00040944767533801496,3
3902345,4,2024-11-11T06:27:51.000999936,13.745,149.9013,0.0003986300628942748,3
3902345,6,2024-12-01T05:06:43.000999936,14.2091,151.3408,0.0004209928447380662,3
3902345,9,2024-12-31T05:50:44.000999936,13.3423,151.7401,0.0004380984076609214,3
3902345,10,2025-01-10T05:57:10.000999936,14.1189,151.8527,0.0004042766716641684,3
3902345,12,2025-01-30T06:47:40.000999936,14.0673,152.9941,0.0004120519248923908,3
3902348,3,2025-01-05T14:25:19.002000128,24.6192,-67.4774,0.00036549179155069095,3
3902348,6,2025-02-04T19:49:45.002000128,25.7665,-68.8196,0.00037372127796212834,3
3902348,11,2025-03-27T08:54:57.000999936,26.73,-66.4802,0.0003350487192316602,3
3902348,12,2025-04-06T09:53:04.000999936,26.5389,-66.2941,0.00033949583303183317,3
3902533,22,2024-10-23T18:31:53.002000128,-4.38081,165.89649,,0
3902533,39,2025-04-14T00:52:25,-4.72806,-178.4218,,0
3902556,33,2024-11-03T00:54:21,-14.9316,-79.6341,0.0013492541232456763,3
3902556,45,2025-03-06T04:43:15,-13.6352,-81.6248,0.0013241560275976856,3
3902615,4,2025-02-09T14:23:03.002000128,26.3388,-37.7412,0.0005754596980599066,3
3902615,5,2025-02-19T15:38:30.002000128,26.2407,-37.5354,0.0006357160164043307,3
3902615,6,2025-03-01T16:53:19.002000128,26.0435,-37.4088,0.000625545100774616,3
4903273,112,2024-07-20T06:04:49.000999936,36.6664,-67.3561,0.0006593820289708674,3
4903273,118,2024-09-21T06:26:22.000999936,37.798,-60.9364,0.00043217200436629355,3
4903273,120,2024-10-12T06:23:47.000999936,38.207,-61.1484,0.0004231653001625091,3
4903274,109,2024-03-23T05:17:20.000999936,26.7081,-74.1724,0.0006130583545503517,3
4903274,110,2024-04-02T06:33:57.000999936,27.1141,-74.3304,0.0004859643328624467,3
4903274,111,2024-04-13T05:22:35.000999936,27.1731,-74.0914,0.0005221971271870037,3
4903274,112,2024-04-23T06:26:06.000999936,27.4939,-73.9929,0.0005222934026581546,3
4903274,113,2024-05-04T05:25:22.000999936,28.0007,-74.5895,0.00043151653759802383,3
4903274,119,2024-07-05T05:58:52.000999936,29.8788,-75.6253,0.0004995665124927958,3
4903274,121,2024-07-26T06:40:43.000999936,28.4839,-76.3822,0.0005422182536373535,3
4903274,122,2024-08-06T05:31:16.000999936,28.3857,-75.4793,0.0005828498979099095,3
4903274,125,2024-09-06T06:41:41.000999936,29.1294,-75.4507,0.00043011455757853884,3
4903274,136,2025-01-04T05:32:40.000999936,23.0769,-71.555,0.0004621175758074969,3
4903274,138,2025-01-26T05:41:18.000999936,23.3707,-71.9879,0.0004406466129391144,3
4903274,139,2025-02-06T06:22:33.000999936,22.9998,-71.6081,0.00041483569657430053,3
4903274,140,2025-02-17T05:49:48.000999936,22.3668,-71.4204,0.00039647353696636856,3
4903274,141,2025-02-28T06:18:43.000999936,22.1717,-70.6209,0.00044517609057947993,3
4903274,143,2025-03-22T06:29:07.000999936,23.8329,-70.5902,0.0004871007695328444,3
4903274,144,2025-04-02T05:10:53.000999936,23.1751,-69.3727,0.0004645324273345371,3
4903458,68,2024-08-17T03:33:00,13.0262,-58.1379,0.0009205976966768503,3
4903458,69,2024-08-27T04:27:07,13.316,-58.2911,0.0008871983348702391,3
4903458,70,2024-09-06T05:12:44.000999936,13.2689,-57.6959,0.000762256192198644,3
4903458,71,2024-09-16T06:45:28.000999936,13.0768,-57.1438,0.0007957750931382179,3
4903458,84,2025-01-25T04:37:51,14.6749,-54.5164,0.000552173665103813,3
4903458,85,2025-02-04T06:13:53.000999936,14.5098,-55.0786,0.0005980632655943433,3
4903459,51,2024-03-22T02:31:48,4.2336,-28.2342,0.0014336634582529466,3
4903459,75,2024-11-17T16:09:12.002000128,3.0782,-23.435,0.0006489926793922981,3
4903459,81,2025-01-17T05:21:26.000999936,3.2793,-23.9268,0.0009412205351206163,3
4903462,56,2024-05-10T03:35:06,7.7546,-55.131,0.0015995771391317248,3
4903462,66,2024-08-18T05:51:13.000999936,9.4404,-53.7041,0.0007238868662777046,3
4903462,67,2024-08-28T05:54:51.000999936,10.1022,-53.2363,0.0007050906424410641,3
4903462,68,2024-09-07T05:56:38.000999936,10.7824,-53.1629,0.0006794002838432789,3
4903462,82,2025-01-26T04:02:02,11.0864,-51.2034,0.0006823470466770232,3
4903485,35,2024-03-25T01:13:50,28.7865,-16.2137,0.0009791451351096232,3
4903485,37,2024-04-13T22:42:02.002000128,28.4265,-15.9927,0.0007541929371654987,3
4903485,38,2024-04-23T21:12:43.002000128,28.1976,-16.0069,0.00046468562019678455,3
4903485,40,2024-05-13T20:37:18.002000128,27.8251,-16.6701,0.0006636782394101223,3
4903485,41,2024-05-23T21:00:33.002000128,27.5551,-16.9901,0.0005212810550195476,3
4903485,43,2024-06-12T20:21:41.002000128,26.9778,-16.9953,0.0005906008300371468,3
4903485,46,2024-07-12T20:53:18.002000128,27.1774,-17.0998,0.0006199437581623594,3
4903485,47,2024-07-22T20:35:41.002000128,27.6511,-17.2582,0.0006967988835337261,3
4903485,53,2024-09-20T21:17:08.002000128,26.6523,-15.5776,0.0005587016348727047,3
4903485,63,2024-12-30T04:43:50,25.3586,-16.7925,0.0006341721164062619,3
4903485,67,2025-02-08T13:26:30.000999936,26.0386,-16.538,0.0016479695526262124,3
4903485,69,2025-02-28T16:41:29.002000128,26.0184,-16.7486,0.001260279289757212,3
4903485,71,2025-03-20T19:10:46.002000128,25.6155,-16.6231,0.0007673365374406179,3
4903486,49,2024-07-09T13:27:14.000999936,4.6314,-19.5258,0.0007905653328634799,3
4903486,62,2024-11-16T09:59:10.000999936,5.1222,-21.5378,0.0009553443912106255,3
4903487,37,2024-03-22T13:20:36.000999936,25.7672,-23.1913,0.0007428233317720393,3
4903487,41,2024-05-01T08:34:02.000999936,25.2513,-22.1673,0.0010551920859143138,3
4903487,47,2024-06-30T01:17:42,25.9495,-23.8291,0.0003854371510290851,3
4903487,49,2024-07-19T22:44:46.002000128,26.1773,-24.3745,0.0005191203284387788,3
4903487,50,2024-07-29T21:02:27.002000128,26.3582,-24.6473,0.000564002936395506,3
4903487,53,2024-08-28T19:26:37.002000128,26.505,-24.2979,0.0005822245536061624,3
4903487,55,2024-09-17T17:01:23.002000128,26.3124,-24.3018,0.0005158285882013539,3
4903487,58,2024-10-17T15:31:36.002000128,25.6969,-23.808,0.0005663899355567992,3
4903487,65,2024-12-26T16:30:58.002000128,26.3734,-23.5909,0.000583885955469062,3
4903487,71,2025-02-24T21:43:33.002000128,26.9625,-22.9562,0.0009450836029524604,3
4903487,75,2025-04-06T02:03:28,26.6558,-22.7256,0.0007494922222880026,3
4903488,42,2024-06-15T11:11:26.000999936,54.4763,-15.7306,0.0007987287438785037,3
4903488,70,2025-03-23T00:33:06,55.3527,-23.7159,0.0006746824753160278,3
4903489,42,2024-04-23T10:24:21.000999936,-2.0777,-17.2414,0.0007717026552806298,3
4903489,44,2024-05-13T08:49:03.000999936,-2.5305,-16.864,0.0007789171650074422,3
4903489,72,2025-02-17T18:18:37.002000128,-2.3926,-16.5716,0.0008086851448751986,3
4903489,74,2025-03-09T20:49:28.002000128,-2.7451,-16.7542,0.0005442113033495843,3
4903489,78,2025-04-19T05:21:45.000999936,-3.1141,-19.1696,0.0009084228659048676,3
4903533,35,2024-04-01T10:34:11.000999936,41.6799,-27.2853,0.0013452601851895452,3
4903533,37,2024-04-21T09:57:12.000999936,41.2968,-27.9923,0.0005070868452700475,3
4903533,43,2024-06-20T04:50:03.000999936,40.6303,-28.2879,0.0009588530519977212,3
4903533,44,2024-06-30T03:42:33,40.8649,-28.2499,0.0006878565958080193,3
4903533,45,2024-07-10T02:02:43,41.1444,-28.2875,0.0008156316083235046,3
4903533,46,2024-07-20T01:30:35,41.2041,-28.4326,0.000850242970045656,3
4903533,47,2024-07-30T00:57:50,41.0939,-28.6967,0.0008597694104537368,3
4903565,4,2025-03-20T08:13:14.000999936,16.721,-49.386,0.0006022491725161672,3
4903570,13,2024-04-12T04:27:48,31.4448,-65.5221,0.0011311967779571812,3
4903570,14,2024-04-22T03:24:45,31.8818,-65.3415,0.0009450135209287206,3
4903570,16,2024-05-12T01:25:19,32.505,-64.9203,0.0007553023751825094,3
4903570,17,2024-05-22T00:44:43,32.6323,-64.8394,0.0006120290490798652,3
4903570,19,2024-06-11T01:34:14,32.646,-64.7137,0.0010447587507466476,3
4903570,20,2024-06-21T01:05:05,32.5676,-64.854,0.0006109164678491652,3
4903570,21,2024-07-01T01:37:58,32.9258,-64.4726,0.0004586583624283473,3
4903570,24,2024-07-31T03:01:26,32.9569,-65.4861,0.0005164983255478243,3
4903570,25,2024-08-10T02:15:56,33.2388,-65.641,0.0005020399500305454,3
4903570,30,2024-09-29T03:38:54,32.4751,-67.1059,0.0004319885338190943,3
4903570,32,2024-10-19T03:08:56,32.016,-66.3215,0.00045988520529742044,3
4903570,43,2025-02-06T17:45:16.002000128,31.2062,-68.2287,0.0005828270999093851,3
4903570,44,2025-02-16T18:33:51.002000128,31.5378,-68.5977,0.0005865774195020398,3
4903570,45,2025-02-26T20:59:33.002000128,31.6328,-68.7102,0.0006295838587296506,3
4903570,48,2025-03-29T03:00:25,32.0155,-67.326,0.000607444749524196,3
4903570,49,2025-04-08T05:15:20.000999936,31.8745,-66.9682,0.0006272908649407327,3
4903571,5,2024-04-20T00:00:46,20.2052,-22.8961,0.0008049235912039876,3
4903571,14,2024-07-18T20:40:54.002000128,19.9037,-22.8508,0.0011867157105977337,3
4903571,17,2024-08-17T19:57:29.002000128,20.1009,-23.3625,0.0011540657142177224,3
4903571,23,2024-10-16T19:14:24.002000128,20.6122,-25.5772,0.0007687320467084646,3
4903571,28,2024-12-06T00:52:16,21.8087,-28.3958,0.000768480026939263,3
4903571,32,2025-01-15T08:40:10.000999936,21.3247,-28.3392,0.0006267715167875091,3
4903571,34,2025-02-04T11:42:30.000999936,20.7987,-28.6648,0.0006748510641045868,3
4903571,38,2025-03-16T17:28:31.002000128,20.2397,-28.7526,0.0005082828380788366,3
4903587,99,2024-10-09T14:56:26.002000128,32.8447,-155.9736,0.0006125748817188045,3
4903747,31,2024-06-02T07:33:31.000999936,-26.3036,108.565,0.0006054023397155106,3
4903830,5,2025-02-20T15:50:50.002000128,26.9051,-35.609,0.0006275421474128962,3
4903831,1,2025-03-29T04:10:25,-19.9967,7.969,0.0011655417426178853,3
5906026,115,2024-07-23T03:19:53,53.9964,-137.702,0.002910828605915109,3
5906036,198,2024-08-03T07:25:45.000999936,-31.6281,48.217,,0
5906036,216,2025-01-24T14:17:22.002000128,-32.3924,49.6569,0.0005630344191255668,3
5906304,127,2024-06-23T05:51:30.000999936,-33.6518,-166.1747,0.0004934965788076321,3
5906304,135,2024-09-11T07:06:35.000999936,-34.4666,-169.1394,0.0006291826333229741,3
5906304,141,2024-11-10T05:43:52.000999936,-34.9825,-168.0964,0.0005184853216633201,3
5906305,127,2024-04-08T11:00:38.000999936,-30.9006,-80.2734,0.000391859735827893,3
5906305,140,2024-08-16T08:39:36.000999936,-30.4755,-80.2055,0.0011310760940735538,3
5906305,149,2024-11-14T06:10:27.000999936,-29.6402,-80.3758,0.0011420729958141844,3
5906305,151,2024-12-04T06:45:40.000999936,-29.363,-80.3273,0.0010456177794064085,3
5906305,155,2025-01-13T05:29:40.000999936,-29.3536,-80.1626,0.0009734315487245718,3
5906305,159,2025-02-22T05:25:26.000999936,-29.2279,-79.9187,0.00047576508950442076,3
5906306,135,2024-08-02T04:56:19.000999936,-37.2655,-87.2704,0.00064548811254402,3
5906307,152,2025-03-02T03:39:26,-38.2848,-152.4255,0.0006576989544555545,3
5906339,140,2025-02-06T04:15:22,13.632,-56.639,0.0006175920910512408,3
5906488,93,2024-09-14T15:36:47.002000128,-36.055,-46.18,0.0013921958937620123,3
5906488,95,2024-10-05T03:34:13,-36.981,-46.114,0.0011521750129759312,3
5906510,102,2025-03-10T04:03:29,27.4582,133.4463,0.0010848574650784333,3
5906513,74,2024-05-22T08:04:20.000999936,27.1468,136.9916,0.0004883975489065051,3
5906537,51,2024-03-31T11:29:49.000999936,-11.8159,58.5776,0.00042874816184242565,3
5906537,59,2024-06-19T10:45:27.000999936,-11.7388,58.7261,0.000516664469614625,3
5906537,66,2024-08-28T09:14:51.000999936,-11.7864,59.0322,0.0006854129993977646,3
5906537,69,2024-09-27T06:34:59.000999936,-11.5251,58.6512,0.0007084762522329887,3
5906537,71,2024-10-17T05:46:08.000999936,-11.5536,58.5135,0.000481188054739808,3
5906537,72,2024-10-27T05:39:15.000999936,-11.2821,58.3893,0.0004145801455403368,3
5906537,73,2024-11-06T04:54:40.000999936,-11.0326,58.2229,0.00044060453850155074,3
5906537,74,2024-11-16T04:05:34,-10.9923,58.1426,0.000409817264880985,3
5906537,85,2025-03-05T21:44:23.002000128,-11.8108,57.8014,0.00038805541892846424,3
5906537,87,2025-03-25T20:53:18.002000128,-10.0413,57.8001,0.00048066807600359124,3
5906537,88,2025-04-04T19:35:54.002000128,-11.1115,58.0366,0.0004993078764528036,3
5906537,89,2025-04-14T19:29:12.002000128,-11.8523,58.0883,0.0007300558305966357,3
5906538,53,2024-04-27T21:41:50.002000128,-26.3599,52.8044,0.0007011104219903549,3
5906538,56,2024-05-27T18:46:00.002000128,-24.8715,52.4809,0.0006272900112283727,3
5906538,58,2024-06-16T17:12:53.002000128,-24.9069,52.1847,0.0006803302676416934,3
5906538,59,2024-06-26T16:01:08.002000128,-25.1162,51.8569,0.0005881975521333516,3
5906538,60,2024-07-06T14:48:37.002000128,-25.2862,51.3509,0.000599549695228537,3
5906538,61,2024-07-16T14:24:17.002000128,-25.4413,50.9977,0.0006304276951899132,3
5906538,73,2024-11-13T04:11:52,-26.7595,50.9073,0.0012570757341260712,3
5906538,74,2024-11-23T03:39:45,-27.1282,50.3475,0.0005988150369375944,3
5906538,75,2024-12-03T02:02:26,-27.6762,49.5794,0.0007883610087446868,3
5906538,76,2024-12-13T01:04:50,-28.319,49.4662,0.0008235821927276751,3
5906538,78,2025-01-02T00:05:24,-28.6856,50.2407,0.0010995293268933892,3
5906538,80,2025-01-21T22:36:49.002000128,-28.4416,50.8677,0.0007889963259610037,3
5906538,81,2025-01-31T22:23:01.002000128,-28.3033,50.8533,0.0008659618712651233,3
5906539,53,2024-04-05T03:01:50,-7.9659,77.1872,0.000681692889581124,3
5906539,73,2024-10-22T02:29:42,-10.3351,76.7308,0.0005906737836388251,3
5906539,79,2024-12-21T03:21:28,-10.8124,76.1045,0.000553118996322155,3
5906539,84,2025-02-09T02:38:26,-13.0194,75.6223,0.0006546660248811046,3
5906539,87,2025-03-11T03:08:02,-13.2081,74.9116,0.0005731255514547229,3
5906540,59,2024-05-28T17:17:06.002000128,-12.6207,45.581,0.0005799399417204162,3
5906540,60,2024-06-07T16:29:46.002000128,-12.626,46.5545,0.0006658527806090812,3
5906540,61,2024-06-17T16:17:31.002000128,-11.9057,46.7813,0.0005592095743243893,3
5906540,64,2024-07-17T13:49:58.000999936,-11.95,47.0996,0.0005730717287709316,3
5906540,65,2024-07-27T13:22:44.000999936,-12.0112,47.6689,0.0005850716455218693,3
5906540,66,2024-08-06T11:52:51.000999936,-12.9289,47.5614,0.0005221185662473241,3
5906540,67,2024-08-16T11:35:33.000999936,-13.354,47.5197,0.0005315289793846508,3
5906540,68,2024-08-26T10:32:44.000999936,-13.2007,47.6242,0.0005289882925959924,3
5906540,70,2024-09-15T09:19:46.000999936,-13.2607,47.6722,0.0004867876317196836,3
5906540,72,2024-10-05T07:19:50.000999936,-13.0297,47.6378,0.0005374923154401282,3
5906540,74,2024-10-25T05:31:17.000999936,-12.6975,47.3901,0.0004382076537391792,3
5906540,76,2024-11-14T04:52:51.000999936,-13.0,47.2935,0.0005098921634877721,3
5906540,83,2025-01-23T02:08:36,-12.8371,47.1187,0.0006335218204185367,3
5906540,86,2025-02-21T23:38:02.003000064,-13.2561,47.1739,0.0009034997395550212,3
5906540,87,2025-03-03T23:36:57.003000064,-13.439,47.3462,0.0007619055492493013,3
5906540,88,2025-03-13T23:27:02.003000064,-13.6364,47.2086,0.0007352432779346904,3
5906540,89,2025-03-23T23:28:21.003000064,-13.5244,47.3077,0.0007398221835804483,3
5906540,90,2025-04-02T22:53:00.002000128,-13.7499,47.2882,0.0006834500430462261,3
5906540,91,2025-04-12T22:49:15.002000128,-13.8336,47.2157,0.0008198176510632038,3
5906541,51,2024-04-07T23:48:12.003000064,-37.2533,-52.8892,0.0006089597591198981,3
5906541,69,2024-10-09T21:59:38.002000128,-37.1725,-39.9765,0.001073875619719426,3
5906563,70,2024-10-04T02:36:30,19.1203,-125.5968,0.0005458005665180584,3
5906563,75,2024-11-22T19:11:22.002000128,18.8949,-125.7032,0.0004807220830116421,3
5906563,77,2024-12-12T16:03:35.002000128,18.8712,-125.6902,0.00044449958174179,3
5906563,79,2025-01-01T12:54:02.000999936,19.102,-125.7192,0.0004460843823229273,3
5906564,58,2024-06-10T20:55:48.002000128,8.6662,-162.0519,0.0006077976625723144,3
5906564,65,2024-08-19T14:43:57.002000128,7.8708,-163.7909,0.0007857382297515869,3
5906564,66,2024-08-29T13:28:19.000999936,7.9128,-163.5896,0.0005605411133728921,3
5906564,78,2024-12-27T01:12:30,10.3663,-162.6114,0.000472691598891591,3
5906564,81,2025-01-25T21:45:16.002000128,10.8571,-160.2705,0.0005005594187726577,3
5906564,82,2025-02-04T21:22:16.002000128,10.9062,-159.8503,0.0005468758560406665,3
5906564,83,2025-02-14T21:16:42.002000128,10.8956,-159.2252,0.000539349935327967,3
5906564,84,2025-02-24T20:32:29.002000128,10.6879,-158.6515,0.0005215606846225759,3
5906564,85,2025-03-06T19:49:44.002000128,10.5203,-158.8509,0.0005787286014916996,3
5906564,86,2025-03-16T19:48:18.002000128,10.3402,-159.5657,0.0010722766358715792,3
5906564,88,2025-04-05T18:24:08.002000128,10.0429,-161.5412,0.0005908932847281297,3
5906566,77,2025-01-05T11:05:12.000999936,-25.8175,-158.3955,0.00034507495001889765,3
5906566,81,2025-02-14T06:56:33.000999936,-25.6826,-159.2392,0.0003264027279025565,3
5906566,85,2025-03-26T01:35:48,-26.0395,-160.525,0.0003467364974009494,3
6990590,2,2025-03-30T10:16:04.000999936,21.9066,-117.8025,0.0004083288173812131,3
6990590,3,2025-04-09T17:55:44.002000128,22.0764,-117.647,0.0003877085982821882,3
6990671,4,2025-04-07T08:44:52.000999936,-15.1857,-13.7328,0.0004883249445507923,3
6990671,5,2025-04-17T10:54:15.000999936,-15.3858,-13.7461,0.000466502378306662,3
6990687,1,2025-02-18T19:20:52.002000128,30.1306,-71.0999,0.0005352457907671729,3
6990687,2,2025-03-01T01:20:58,30.1586,-71.4525,0.001065657086049517,3
6990687,3,2025-03-11T07:50:17.000999936,30.2146,-71.6787,0.0009052685927599669,3
6990687,5,2025-03-31T20:07:04.002000128,30.0014,-72.5563,0.0009716683028576275,3
6990687,7,2025-04-21T08:23:59.000999936,30.3275,-73.4576,0.0008327788091264665,3
7901095,24,2024-04-11T14:28:59.002000128,-0.6554,143.0914,0.0005400701193138957,3
7901095,35,2024-08-02T18:51:58.002000128,-0.0054,147.0066,0.0005132418688541899,3
7901095,39,2024-09-12T22:30:04.002000128,1.3744,148.7303,0.0004137848154641688,3
7901095,54,2025-02-14T09:11:41.000999936,0.956,147.3591,0.0006437224219553173,3
7901097,39,2024-09-26T01:58:44,8.5892,175.5242,0.00037831229080135625,3
7901097,49,2025-01-07T05:49:08.000999936,7.9337,172.4263,0.00044327988871373236,3
7901097,52,2025-02-07T07:20:15.000999936,7.4479,171.0811,0.0006242113886401057,3
7901097,54,2025-02-27T20:41:34.002000128,7.1535,170.2003,0.0005126679316163063,3
7901098,20,2024-04-11T09:07:21.000999936,8.0558,-169.0476,0.0005682208575308323,3
7901098,25,2024-06-01T22:42:23.002000128,7.8807,-173.2316,0.0005519004771485925,3
7901098,30,2024-07-23T12:20:39.000999936,7.6507,-175.335,0.0006681825228345891,3
7901098,34,2024-09-02T18:04:55.002000128,7.5139,-174.6431,0.0005026713867361347,3
7901098,35,2024-09-13T01:48:49,7.1484,-174.1364,0.000456593338943397,3
7901098,37,2024-10-03T16:27:38.002000128,7.2215,-172.4798,0.00042294680800599355,3
7901098,38,2024-10-14T00:10:12,7.4523,-171.8892,0.00041100557427853346,3
7901098,39,2024-10-24T06:52:37.000999936,7.052,-170.9707,0.0004373858100734651,3
7901098,40,2024-11-03T13:56:17.000999936,6.6257,-170.0439,0.00039420012035407126,3
7901098,45,2024-12-25T04:14:34,7.9387,-167.8217,0.0006494468737704059,3
7901098,48,2025-01-25T05:29:34.000999936,7.5658,-168.1139,0.0008785393050250908,3
7901098,49,2025-02-04T12:21:05.000999936,7.858,-168.5363,0.0008304605338101586,3
7901098,50,2025-02-14T20:01:34.002000128,7.8706,-168.9096,0.0007118564681150019,3
7901098,51,2025-02-25T03:38:00,7.7526,-169.5439,0.000870577486542364,3
7901098,52,2025-03-07T11:50:49.000999936,7.655,-170.2051,0.0007579481073965629,3
7901103,25,2025-01-05T18:21:18.002000128,-50.1331,-48.5553,0.0020193475453803935,3
7901103,26,2025-01-16T01:06:48,-49.7843,-47.9561,0.002276496340831121,3
7901107,21,2024-10-09T03:29:14,-41.1732,130.0542,0.000886229119108369,3
7901109,2,2025-03-22T10:16:56.000999936,9.4969,-89.4879,0.0009925685784158607,3
7902101,14,2024-11-07T05:50:47.000999936,2.4897,-93.2327,0.0010389311937615275,3
7902101,20,2025-01-07T20:35:36.002000128,2.5732,-94.2645,0.0006271712870026628,3
7902101,25,2025-02-28T05:59:22.000999936,2.3273,-93.9528,0.0008821535933141907,3
7902101,26,2025-03-10T12:38:02.000999936,2.4407,-93.6199,0.0007929209969006479,3
7902102,14,2024-11-11T03:37:11,-1.6596,-94.3459,0.003111481899395585,3
7902102,22,2025-02-01T04:18:51,-0.6234,-95.945,0.0026991670796026788,3
7902102,23,2025-02-11T10:53:54.000999936,-0.8076,-95.1712,0.002148844456921021,3
7902102,24,2025-02-21T17:10:55.002000128,-1.3897,-94.4118,0.0016141935096432765,3
7902102,25,2025-03-03T23:58:19.003000064,-1.4565,-93.98,0.0011558167170733213,3
7902104,20,2025-01-20T21:43:07.002000128,11.8769,-106.2077,0.0009152039613885184,3
7902104,21,2025-01-31T04:11:00,11.9703,-106.077,0.0009806525195017457,3
7902104,22,2025-02-10T10:33:58.000999936,11.817,-106.0221,0.0010629404957095783,3
7902104,23,2025-02-20T17:36:19.002000128,11.5202,-106.0824,0.0006014955579303205,3
7902104,24,2025-03-02T23:46:37.003000064,11.5729,-106.1497,0.0006276665565868219,3
7902104,26,2025-03-23T13:09:47.000999936,11.5003,-106.0147,0.0005199389221767584,3
7902111,1,2024-07-08T16:46:47.002000128,40.0432,-139.9641,0.0005250024260021746,3
7902111,2,2024-07-09T16:36:28.002000128,40.0579,-139.9653,0.00045329932860719663,3
7902111,20,2024-09-21T03:01:29,40.214,-140.3504,0.0003149839661394556,3
7902111,21,2024-09-26T08:38:47.000999936,40.2886,-140.3013,0.00039158575236797333,3
7902111,28,2024-11-02T05:00:32.000999936,40.5957,-139.567,0.000508752321669211,3
7902111,51,2025-03-03T04:39:20,40.2464,-138.7228,0.0007524961256422102,3
7902112,10,2024-08-05T22:21:41.002000128,40.48,-149.647,0.0012768106923128169,3
7902112,18,2024-09-16T23:51:28.003000064,40.6302,-149.2925,0.00044670233425373834,3
7902136,1,2024-11-14T16:22:15.002000128,2.9608,-140.0116,0.000673483901967605,3
7902136,7,2025-01-15T06:08:16.000999936,3.6813,-137.2351,0.0008249993552453816,3
7902136,8,2025-01-25T13:01:02.000999936,3.9475,-136.7154,0.0008630794667017957,3
7902136,9,2025-02-04T18:56:01.002000128,3.7475,-136.2723,0.0007271320791915059,3
7902136,10,2025-02-15T01:45:38,3.9247,-135.7661,0.0008993238443508744,3
7902136,13,2025-03-17T20:18:40.002000128,3.6089,-134.8332,0.0008600106230005622,3
7902226,3,2025-01-29T16:32:19.002000128,26.9395,-45.5234,0.00038385387354840833,3
7902226,4,2025-02-08T18:16:46.002000128,27.2244,-46.0215,0.0004763879211774717,3
7902226,5,2025-02-18T20:27:49.002000128,27.4787,-46.2214,0.00040098687168210745,3
7902226,8,2025-03-21T01:57:36,27.0313,-46.5017,0.025739760894794017,3
