wmo,profile,file,bbp700_top20m_median,n_values_used
1902367,11,1902367QC.nc,0.0006425000000000001,10
1902368,13,1902368QC.nc,0.0013050000000000002,10
1902369,6,1902369QC.nc,0.0006805,10
1902369,33,1902369QC.nc,0.0011884999999999999,10
1902369,5,1902369QC.nc,0.000644,10
1902369,32,1902369QC.nc,0.000892,10
1902369,27,1902369QC.nc,0.0048365,10
1902369,4,1902369QC.nc,0.0006845,10
1902369,7,1902369QC.nc,0.0006995,10
1902369,25,1902369QC.nc,0.000937,10
1902370,34,1902370QC.nc,0.0007335,10
1902370,28,1902370QC.nc,0.00043349999999999997,10
1902370,46,1902370QC.nc,0.0004845,10
1902370,44,1902370QC.nc,0.000498,10
1902370,16,1902370QC.nc,0.0003645,10
1902371,1,1902371QC.nc,0.001411,10
1902371,5,1902371QC.nc,0.001377,10
1902371,0,1902371QC.nc,0.001426,9
1902371,4,1902371QC.nc,0.0013709999999999998,10
1902371,8,1902371QC.nc,0.0012645,10
1902371,3,1902371QC.nc,0.001367,9
1902371,7,1902371QC.nc,0.0013725,10
1902371,2,1902371QC.nc,0.001522,9
1902371,6,1902371QC.nc,0.00135,10
1902372,36,1902372QC.nc,0.0006835000000000001,10
1902372,13,1902372QC.nc,0.000676,10
1902380,96,1902380QC.nc,0.0005245,10
1902380,114,1902380QC.nc,0.000505,10
1902380,100,1902380QC.nc,0.000469,10
1902380,118,1902380QC.nc,0.000454,10
1902380,95,1902380QC.nc,0.00046,10
1902380,81,1902380QC.nc,0.000459,10
1902380,94,1902380QC.nc,0.0005225,10
1902380,117,1902380QC.nc,0.0004355,10
1902380,112,1902380QC.nc,0.00044950000000000003,10
1902380,121,1902380QC.nc,0.00049,10
1902380,98,1902380QC.nc,0.000426,10
1902380,116,1902380QC.nc,0.000483,9
1902380,84,1902380QC.nc,0.000492,10
1902380,93,1902380QC.nc,0.000543,10
1902381,94,1902381QC.nc,0.000611,10
1902381,98,1902381QC.nc,0.000668,10
1902381,81,1902381QC.nc,0.0005685,10
1902382,115,1902382QC.nc,0.000571,10
1902382,114,1902382QC.nc,0.0005855,10
1902382,113,1902382QC.nc,0.000593,10
1902382,94,1902382QC.nc,0.0006845,10
1902382,98,1902382QC.nc,0.000702,10
1902384,94,1902384QC.nc,0.000563,10
1902384,112,1902384QC.nc,0.0005465,10
1902384,84,1902384QC.nc,0.000484,10
1902384,93,1902384QC.nc,0.0004875,10
1902384,97,1902384QC.nc,0.0004994999999999999,10
1902384,92,1902384QC.nc,0.000464,10
1902384,96,1902384QC.nc,0.0004935,10
1902384,91,1902384QC.nc,0.000533,10
1902384,100,1902384QC.nc,0.0004915,10
1902384,95,1902384QC.nc,0.0005055000000000001,10
1902384,81,1902384QC.nc,0.0004445,10
1902385,118,1902385QC.nc,0.0004155,10
1902385,113,1902385QC.nc,0.0004505,10
1902385,94,1902385QC.nc,0.0004215,10
1902385,112,1902385QC.nc,0.0003985,10
1902385,80,1902385QC.nc,0.00041549999999999996,10
1902385,116,1902385QC.nc,0.0003905,10
1902385,84,1902385QC.nc,0.0004895,10
1902385,93,1902385QC.nc,0.000438,10
1902385,102,1902385QC.nc,0.00043349999999999997,10
1902385,97,1902385QC.nc,0.00041200000000000004,10
1902385,111,1902385QC.nc,0.0004355,10
1902385,92,1902385QC.nc,0.000435,10
1902385,82,1902385QC.nc,0.0004195,10
1902385,95,1902385QC.nc,0.0004225,10
1902385,90,1902385QC.nc,0.00045799999999999997,10
1902453,68,1902453QC.nc,0.0005579999999999999,10
1902453,36,1902453QC.nc,0.00059,10
1902453,62,1902453QC.nc,0.0005765,10
1902453,71,1902453QC.nc,0.0005535,10
1902453,69,1902453QC.nc,0.0006395000000000001,10
1902453,64,1902453QC.nc,0.0005250000000000001,10
1902454,50,1902454QC.nc,0.0011064999999999998,10
1902454,53,1902454QC.nc,0.0007185,10
1902454,52,1902454QC.nc,0.0008225,10
1902454,47,1902454QC.nc,0.001001,10
1902454,56,1902454QC.nc,0.0013809999999999998,10
1902454,51,1902454QC.nc,0.0008875,10
1902454,55,1902454QC.nc,0.0013705,10
1902455,69,1902455QC.nc,0.0006005,10
1902455,52,1902455QC.nc,0.0006145,10
1902455,70,1902455QC.nc,0.0005825,10
1902455,65,1902455QC.nc,0.0005535,10
1902456,41,1902456QC.nc,0.0006605000000000001,10
1902456,59,1902456QC.nc,0.0007335,10
1902456,68,1902456QC.nc,0.0005355,10
1902456,36,1902456QC.nc,0.000606,10
1902456,45,1902456QC.nc,0.000771,11
1902456,54,1902456QC.nc,0.000514,10
1902456,40,1902456QC.nc,0.000692,10
1902456,44,1902456QC.nc,0.0007075,10
1902456,72,1902456QC.nc,0.0005405,10
1902456,58,1902456QC.nc,0.0004994999999999999,10
1902456,71,1902456QC.nc,0.000526,10
1902456,66,1902456QC.nc,0.0005405,10
1902456,43,1902456QC.nc,0.0006895,10
1902456,38,1902456QC.nc,0.0005925,10
1902456,47,1902456QC.nc,0.0008115,10
1902456,33,1902456QC.nc,0.0005835,10
1902456,42,1902456QC.nc,0.000622,10
1902456,51,1902456QC.nc,0.000501,10
1902456,73,1902456QC.nc,0.000534,10
1902457,66,1902457QC.nc,0.0006455,10
1902457,52,1902457QC.nc,0.0005475,10
1902457,65,1902457QC.nc,0.000607,10
1902457,51,1902457QC.nc,0.0005025,10
1902457,31,1902457QC.nc,0.0006945,10
1902457,68,1902457QC.nc,0.000477,9
1902457,67,1902457QC.nc,0.0005555,10
1902457,57,1902457QC.nc,0.000937,10
1902458,66,1902458QC.nc,0.000742,10
1902458,65,1902458QC.nc,0.0006889999999999999,10
1902458,60,1902458QC.nc,0.0006590000000000001,10
1902458,50,1902458QC.nc,0.000589,10
1902458,64,1902458QC.nc,0.0006535,10
1902458,63,1902458QC.nc,0.000957,10
1902458,67,1902458QC.nc,0.000741,10
1902490,26,1902490QC.nc,0.000611,10
1902490,44,1902490QC.nc,0.0004665,10
1902490,6,1902490QC.nc,0.00049,10
1902490,47,1902490QC.nc,0.000407,10
1902490,33,1902490QC.nc,0.0004875,10
1902490,8,1902490QC.nc,0.000531,10
1902492,31,1902492QC.nc,0.00092,10
1902493,7,1902493QC.nc,0.0005255,10
1902493,39,1902493QC.nc,0.00047900000000000004,10
1902493,33,1902493QC.nc,0.0004685,10
1902493,28,1902493QC.nc,0.0005265000000000001,10
1902493,36,1902493QC.nc,0.000429,10
1902493,45,1902493QC.nc,0.0005025,10
1902493,31,1902493QC.nc,0.000559,10
1902493,8,1902493QC.nc,0.000523,10
1902495,21,1902495QC.nc,0.0007475,10
1902495,15,1902495QC.nc,0.0007525,10
1902495,33,1902495QC.nc,0.0005905,10
1902495,37,1902495QC.nc,0.000592,10
1902495,41,1902495QC.nc,0.0005009999999999999,10
1902496,34,1902496QC.nc,0.0005585,10
1902496,11,1902496QC.nc,0.000566,10
1902496,46,1902496QC.nc,0.000676,10
1902496,36,1902496QC.nc,0.00045,10
1902496,45,1902496QC.nc,0.000708,10
1902496,22,1902496QC.nc,0.0007215,10
1902496,40,1902496QC.nc,0.000532,10
1902497,5,1902497QC.nc,0.0005955,10
1902497,41,1902497QC.nc,0.000411,10
1902497,6,1902497QC.nc,0.0005369999999999999,10
1902499,17,1902499QC.nc,0.0011654999999999999,10
1902499,43,1902499QC.nc,0.0006180000000000001,10
1902499,47,1902499QC.nc,0.00168,10
1902500,41,1902500QC.nc,0.0006100000000000001,10
1902500,36,1902500QC.nc,0.00059,10
1902500,45,1902500QC.nc,0.000567,10
1902500,35,1902500QC.nc,0.0005945,10
1902500,12,1902500QC.nc,0.000486,10
1902500,39,1902500QC.nc,0.0006405,10
1902500,33,1902500QC.nc,0.000485,10
1902500,10,1902500QC.nc,0.000511,10
1902500,37,1902500QC.nc,0.0006895,10
1902500,46,1902500QC.nc,0.000533,10
1902500,14,1902500QC.nc,0.000526,10
1902501,29,1902501QC.nc,0.0014135,10
1902501,37,1902501QC.nc,0.0009910000000000001,10
1902644,23,1902644QC.nc,0.000791,10
1902644,32,1902644QC.nc,0.002908,10
1902644,36,1902644QC.nc,0.001049,9
1902644,40,1902644QC.nc,0.0016094999999999998,10
1902644,17,1902644QC.nc,0.000841,10
1902644,16,1902644QC.nc,0.00127,10
1902644,19,1902644QC.nc,0.0009755,10
1902652,3,1902652QC.nc,0.000553,10
1902652,6,1902652QC.nc,0.0007285,10
1902652,1,1902652QC.nc,0.0006195,10
1902652,0,1902652QC.nc,0.000792,10
1902722,2,1902722QC.nc,0.000565,10
1902722,0,1902722QC.nc,0.0005835,10
1902742,1,1902742QC.nc,0.000946,9
1902742,10,1902742QC.nc,0.00051,9
1902742,5,1902742QC.nc,0.000818,9
1902742,3,1902742QC.nc,0.000804,9
1902742,12,1902742QC.nc,0.000548,9
1902742,7,1902742QC.nc,0.000579,9
1902742,2,1902742QC.nc,0.000853,9
2903439,0,2903439QC.nc,0.001033,10
2903439,15,2903439QC.nc,0.000691,10
2903440,9,2903440QC.nc,0.0008179999999999999,10
2903440,8,2903440QC.nc,0.0007165,10
2903441,13,2903441QC.nc,0.0008665000000000001,10
2903442,8,2903442QC.nc,0.0030334999999999997,10
2903442,12,2903442QC.nc,0.00112,10
2903442,16,2903442QC.nc,0.001425,10
2903442,6,2903442QC.nc,0.0036065000000000003,10
2903442,15,2903442QC.nc,0.0014954999999999999,10
2903442,10,2903442QC.nc,0.001227,10
2903442,5,2903442QC.nc,0.0035735000000000003,10
2903451,57,2903451QC.nc,0.00037,10
2903451,75,2903451QC.nc,0.000488,10
2903451,56,2903451QC.nc,0.0003845,10
2903451,60,2903451QC.nc,0.000581,10
2903451,41,2903451QC.nc,0.00044050000000000003,10
2903459,53,2903459QC.nc,0.000941,10
2903459,71,2903459QC.nc,0.00073,10
2903459,38,2903459QC.nc,0.0006640000000000001,10
2903459,60,2903459QC.nc,0.001862,10
2903459,69,2903459QC.nc,0.000704,10
2903459,64,2903459QC.nc,0.0006495,10
2903459,73,2903459QC.nc,0.0008114999999999999,10
2903459,41,2903459QC.nc,0.000939,10
2903459,36,2903459QC.nc,0.0007515,10
2903459,54,2903459QC.nc,0.000809,10
2903461,58,2903461QC.nc,0.0012000000000000001,10
2903461,67,2903461QC.nc,0.0009215,10
2903461,39,2903461QC.nc,0.0007030000000000001,10
2903461,57,2903461QC.nc,0.0011020000000000001,10
2903461,52,2903461QC.nc,0.001219,10
2903461,70,2903461QC.nc,0.0013115,10
2903461,56,2903461QC.nc,0.0009,10
2903461,37,2903461QC.nc,0.0007965,10
2903461,65,2903461QC.nc,0.0006335,10
2903461,51,2903461QC.nc,0.0010345,10
2903461,32,2903461QC.nc,0.00108,10
2903461,68,2903461QC.nc,0.000792,10
2903461,30,2903461QC.nc,0.000923,10
2903462,57,2903462QC.nc,0.0015495,10
2903462,43,2903462QC.nc,0.0013455,10
2903462,38,2903462QC.nc,0.000863,10
2903462,66,2903462QC.nc,0.0007804999999999999,10
2903462,61,2903462QC.nc,0.000998,10
2903462,74,2903462QC.nc,0.00146,10
2903462,60,2903462QC.nc,0.0011575000000000001,10
2903462,37,2903462QC.nc,0.001392,10
2903462,55,2903462QC.nc,0.001034,10
2903462,32,2903462QC.nc,0.0015645,10
2903462,36,2903462QC.nc,0.001169,9
2903462,31,2903462QC.nc,0.001235,9
2903462,54,2903462QC.nc,0.000912,10
2903462,72,2903462QC.nc,0.0008775,10
2903462,58,2903462QC.nc,0.0008680000000000001,10
2903463,53,2903463QC.nc,0.0006685,10
2903463,62,2903463QC.nc,0.000605,9
2903463,66,2903463QC.nc,0.0008725,10
2903463,61,2903463QC.nc,0.0008125000000000001,10
2903463,33,2903463QC.nc,0.000778,10
2903463,65,2903463QC.nc,0.000982,10
2903463,74,2903463QC.nc,0.0009985,10
2903463,60,2903463QC.nc,0.0010244999999999998,10
2903463,37,2903463QC.nc,0.0008504999999999999,10
2903463,73,2903463QC.nc,0.0007264999999999999,10
2903463,31,2903463QC.nc,0.0008585,10
2903463,49,2903463QC.nc,0.0007639999999999999,10
2903464,53,2903464QC.nc,0.000465,10
2903464,48,2903464QC.nc,0.0007225,10
2903464,61,2903464QC.nc,0.000541,10
2903464,65,2903464QC.nc,0.000518,10
2903465,65,2903465QC.nc,0.000571,10
2903465,36,2903465QC.nc,0.00062,10
2903465,69,2903465QC.nc,0.00049,10
2903465,68,2903465QC.nc,0.000561,10
2903465,72,2903465QC.nc,0.000543,10
2903465,62,2903465QC.nc,0.0007385,10
2903466,63,2903466QC.nc,0.00057,10
2903466,49,2903466QC.nc,0.000615,10
2903466,48,2903466QC.nc,0.0010105000000000001,10
2903466,50,2903466QC.nc,0.00083,10
2903467,64,2903467QC.nc,0.000675,10
2903467,67,2903467QC.nc,0.000502,10
2903467,57,2903467QC.nc,0.000504,10
2903467,52,2903467QC.nc,0.000658,10
2903467,60,2903467QC.nc,0.000812,9
2903467,46,2903467QC.nc,0.0005735,10
2903468,39,2903468QC.nc,0.0005165,10
2903468,67,2903468QC.nc,0.00056,10
2903468,48,2903468QC.nc,0.0005695,10
2903468,57,2903468QC.nc,0.0004525,10
2903468,29,2903468QC.nc,0.000552,10
2903468,38,2903468QC.nc,0.000577,10
2903468,65,2903468QC.nc,0.000564,10
2903468,33,2903468QC.nc,0.000504,10
2903468,46,2903468QC.nc,0.0005135000000000001,10
2903468,60,2903468QC.nc,0.00044399999999999995,10
2903468,68,2903468QC.nc,0.0004785,10
2903468,31,2903468QC.nc,0.00053,10
2903468,40,2903468QC.nc,0.000529,10
2903468,26,2903468QC.nc,0.000601,9
2903468,53,2903468QC.nc,0.0004994999999999999,10
2903472,32,2903472_HRQC.nc,0.00111,4
2903829,7,2903829QC.nc,0.0006265,10
2903831,9,2903831QC.nc,0.000448,10
2903832,40,2903832QC.nc,0.0004045,10
2903832,26,2903832QC.nc,0.00038199999999999996,10
2903832,7,2903832QC.nc,0.00042699999999999997,10
2903832,16,2903832QC.nc,0.0004325,10
2903832,25,2903832QC.nc,0.00040249999999999997,10
2903832,2,2903832QC.nc,0.0004175,10
2903832,11,2903832QC.nc,0.00043,10
2903832,6,2903832QC.nc,0.000429,10
2903832,1,2903832QC.nc,0.000429,10
2903832,10,2903832QC.nc,0.0004665,10
2903832,5,2903832QC.nc,0.000423,10
2903832,0,2903832QC.nc,0.000424,10
2903832,28,2903832QC.nc,0.000358,10
2903832,14,2903832QC.nc,0.0004145,10
2903832,32,2903832QC.nc,0.0003145,10
2903832,9,2903832QC.nc,0.000453,10
2903832,27,2903832QC.nc,0.000393,10
2903832,4,2903832QC.nc,0.000433,10
2903832,13,2903832QC.nc,0.000438,10
2903832,8,2903832QC.nc,0.000433,10
2903832,17,2903832QC.nc,0.00041799999999999997,10
2903832,3,2903832QC.nc,0.000406,10
2903832,12,2903832QC.nc,0.00044300000000000003,10
2903833,22,2903833QC.nc,0.00032450000000000003,10
2903833,17,2903833QC.nc,0.000285,10
2903833,12,2903833QC.nc,0.000324,10
2903833,16,2903833QC.nc,0.000292,10
2903833,11,2903833QC.nc,0.00032399999999999996,10
2903833,23,2903833QC.nc,0.00035800000000000003,10
2903856,56,2903856QC.nc,0.0008500000000000001,10
2903856,28,2903856QC.nc,0.0007735000000000001,10
2903856,55,2903856QC.nc,0.0005705,10
2903856,32,2903856QC.nc,0.0008015,10
2903856,40,2903856QC.nc,0.000761,10
2903856,30,2903856QC.nc,0.001092,10
2903856,34,2903856QC.nc,0.0008665000000000001,10
2903858,40,2903858QC.nc,0.00115,10
2903858,44,2903858QC.nc,0.0010065,10
2903858,39,2903858QC.nc,0.0016605,10
2903858,41,2903858QC.nc,0.0012915000000000001,10
2903863,75,2903863QC.nc,0.0005,10
2903863,84,2903863QC.nc,0.00046600000000000005,10
2903863,111,2903863QC.nc,0.000462,10
2903863,79,2903863QC.nc,0.0005560000000000001,10
2903863,74,2903863QC.nc,0.0005545,10
2903863,78,2903863QC.nc,0.000572,10
2903863,133,2903863QC.nc,0.0004355,10
2903863,110,2903863QC.nc,0.000461,10
2903863,87,2903863QC.nc,0.0005300000000000001,10
2903863,105,2903863QC.nc,0.00048649999999999995,10
2903863,114,2903863QC.nc,0.0005250000000000001,10
2903863,109,2903863QC.nc,0.00045850000000000003,10
2903863,118,2903863QC.nc,0.000461,10
2903863,86,2903863QC.nc,0.000562,10
2903863,85,2903863QC.nc,0.00045799999999999997,10
2903863,66,2903863QC.nc,0.0004935,10
2903863,52,2903863QC.nc,0.0005095,10
2903863,113,2903863QC.nc,0.00046199999999999995,10
2903863,122,2903863QC.nc,0.00047599999999999997,10
2903863,108,2903863QC.nc,0.000482,10
2903863,117,2903863QC.nc,0.000445,10
2903863,135,2903863QC.nc,0.000472,10
2903863,103,2903863QC.nc,0.00084,10
2903863,112,2903863QC.nc,0.00046199999999999995,10
2903863,80,2903863QC.nc,0.0005465,10
2903863,116,2903863QC.nc,0.000454,10
2903884,20,2903884QC.nc,0.001222,10
2903884,29,2903884QC.nc,0.0009015,10
2903884,6,2903884QC.nc,0.0010539999999999998,10
2903884,15,2903884QC.nc,0.001045,10
2903884,24,2903884QC.nc,0.0011685,10
2903884,1,2903884QC.nc,0.001317,10
2903884,10,2903884QC.nc,0.0010725,10
2903884,19,2903884QC.nc,0.0009515,10
2903884,5,2903884QC.nc,0.0011875,10
2903884,0,2903884QC.nc,0.001264,10
2903884,9,2903884QC.nc,0.000922,10
2903884,18,2903884QC.nc,0.0012065,10
2903884,31,2903884QC.nc,0.000733,10
2903884,8,2903884QC.nc,0.0010205000000000001,10
2903884,17,2903884QC.nc,0.0011275,10
2903884,12,2903884QC.nc,0.000995,10
2903884,21,2903884QC.nc,0.001155,10
2903884,30,2903884QC.nc,0.0008500000000000001,10
2903884,7,2903884QC.nc,0.001023,10
2903884,16,2903884QC.nc,0.0009265,10
2903884,11,2903884QC.nc,0.000949,10
2903885,4,2903885QC.nc,0.000704,10
2903885,8,2903885QC.nc,0.0007795,10
2903885,3,2903885QC.nc,0.0007035,10
2903885,7,2903885QC.nc,0.00066,10
2903885,11,2903885QC.nc,0.0005535,10
2903886,51,2903886QC.nc,0.0025190000000000004,10
2903886,79,2903886QC.nc,0.000882,10
2903886,64,2903886QC.nc,0.002317,10
2903886,50,2903886QC.nc,0.0017515,10
2903886,59,2903886QC.nc,0.001558,10
2903886,68,2903886QC.nc,0.0011855,10
2903886,77,2903886QC.nc,0.0012385,10
2903886,54,2903886QC.nc,0.006902,10
2903886,72,2903886QC.nc,0.0011775000000000002,10
2903886,85,2903886QC.nc,0.0005445000000000001,10
2903886,53,2903886QC.nc,0.005089,10
2903886,80,2903886QC.nc,0.001524,10
2903886,48,2903886QC.nc,0.0020685,10
2903886,61,2903886QC.nc,0.001434,10
2903886,56,2903886QC.nc,0.0023015,10
2903887,54,2903887QC.nc,0.000396,10
2903887,40,2903887QC.nc,0.0003765,10
2903887,53,2903887QC.nc,0.00037600000000000003,10
2903887,34,2903887QC.nc,0.000344,10
2903887,47,2903887QC.nc,0.000408,10
2903887,33,2903887QC.nc,0.000384,10
2903887,42,2903887QC.nc,0.00036899999999999997,10
2903887,32,2903887QC.nc,0.0003635,10
2903887,45,2903887QC.nc,0.000348,10
2903939,6,2903939QC.nc,0.0008550000000000001,10
2903939,1,2903939QC.nc,0.000644,10
2903939,0,2903939QC.nc,0.0011565,10
2903939,4,2903939QC.nc,0.0005614999999999999,10
2903939,8,2903939QC.nc,0.0005545,10
2903939,7,2903939QC.nc,0.0007105,10
2903940,7,2903940QC.nc,0.00044249999999999997,10
2903940,2,2903940QC.nc,0.0004725,10
2903940,0,2903940QC.nc,0.000397,10
2903940,4,2903940QC.nc,0.0004195,10
2903940,3,2903940QC.nc,0.00042100000000000004,10
2903941,8,2903941QC.nc,0.0004365,10
2903941,3,2903941QC.nc,0.000401,10
2903941,2,2903941QC.nc,0.00043,10
2903941,5,2903941QC.nc,0.00040300000000000004,10
2903941,0,2903941QC.nc,0.0004705,10
2903986,2,2903986QC.nc,0.0003895,10
2903986,1,2903986QC.nc,0.00039150000000000003,10
2903986,5,2903986QC.nc,0.00039099999999999996,10
3902261,25,3902261QC.nc,0.000858,10
3902332,1,3902332QC.nc,0.000887,10
3902332,0,3902332QC.nc,0.000571,10
3902334,0,3902334QC.nc,0.0007444999999999999,10
3902334,4,3902334QC.nc,0.0017195,10
3902340,25,3902340QC.nc,0.000493,10
3902340,1,3902340QC.nc,0.000402,10
3902340,19,3902340QC.nc,0.000397,10
3902340,14,3902340QC.nc,0.00042500000000000003,10
3902340,0,3902340QC.nc,0.00041,10
3902340,13,3902340QC.nc,0.000423,10
3902340,17,3902340QC.nc,0.00043400000000000003,10
3902340,3,3902340QC.nc,0.00039,10
3902340,21,3902340QC.nc,0.00045450000000000004,10
3902341,10,3902341QC.nc,0.0003665,10
3902341,4,3902341QC.nc,0.0003255,10
3902341,13,3902341QC.nc,0.000374,10
3902341,17,3902341QC.nc,0.00041600000000000003,10
3902341,12,3902341QC.nc,0.000369,10
3902341,16,3902341QC.nc,0.000352,10
3902341,25,3902341QC.nc,0.00037850000000000004,10
3902341,2,3902341QC.nc,0.0003225,10
3902341,11,3902341QC.nc,0.000357,10
3902341,24,3902341QC.nc,0.0003255,10
3902342,97,3902342QC.nc,0.000368,10
3902342,106,3902342QC.nc,0.000373,10
3902342,124,3902342QC.nc,0.000383,10
3902342,133,3902342QC.nc,0.000379,10
3902342,92,3902342QC.nc,0.000369,10
3902342,101,3902342QC.nc,0.000362,10
3902342,110,3902342QC.nc,0.000384,10
3902342,231,3902342QC.nc,0.000397,10
3902342,87,3902342QC.nc,0.00039400000000000004,10
3902342,96,3902342QC.nc,0.000359,10
3902342,105,3902342QC.nc,0.000359,10
3902342,114,3902342QC.nc,0.000381,10
3902342,91,3902342QC.nc,0.000359,10
3902342,100,3902342QC.nc,0.00034500000000000004,10
3902342,230,3902342QC.nc,0.000379,10
3902342,86,3902342QC.nc,0.00038,10
3902342,95,3902342QC.nc,0.0003565,10
3902342,180,3902342QC.nc,0.00038100000000000005,10
3902342,183,3902342QC.nc,0.00036300000000000004,10
3902342,263,3902342QC.nc,0.00032300000000000004,10
3902342,128,3902342QC.nc,0.00035999999999999997,10
3902342,137,3902342QC.nc,0.00037799999999999997,10
3902342,267,3902342QC.nc,0.000368,10
3902342,123,3902342QC.nc,0.000384,10
3902342,132,3902342QC.nc,0.000365,10
3902342,262,3902342QC.nc,0.000314,9
3902342,109,3902342QC.nc,0.00037200000000000004,10
3902342,127,3902342QC.nc,0.000374,10
3902342,136,3902342QC.nc,0.000369,10
3902342,1,3902342QC.nc,0.000385,10
3902342,257,3902342QC.nc,0.000357,10
3902342,266,3902342QC.nc,0.000337,10
3902342,104,3902342QC.nc,0.00037200000000000004,10
3902342,113,3902342QC.nc,0.000385,10
3902342,122,3902342QC.nc,0.000392,10
3902342,131,3902342QC.nc,0.00038,10
3902342,261,3902342QC.nc,0.000322,10
3902342,90,3902342QC.nc,0.000348,10
3902342,99,3902342QC.nc,0.000375,10
3902342,108,3902342QC.nc,0.000377,10
3902342,126,3902342QC.nc,0.000375,10
3902342,229,3902342QC.nc,0.00037600000000000003,10
3902342,103,3902342QC.nc,0.00035999999999999997,10
3902342,112,3902342QC.nc,0.000388,10
3902342,89,3902342QC.nc,0.000377,10
3902342,98,3902342QC.nc,0.00037,10
3902342,107,3902342QC.nc,0.00037,10
3902342,228,3902342QC.nc,0.00040399999999999995,10
3902342,93,3902342QC.nc,0.0003565,10
3902342,88,3902342QC.nc,0.00037200000000000004,10
3902342,182,3902342QC.nc,0.000398,10
3902342,181,3902342QC.nc,0.000378,10
3902342,135,3902342QC.nc,0.00038199999999999996,10
3902342,256,3902342QC.nc,0.000354,10
3902342,265,3902342QC.nc,0.000359,10
3902342,121,3902342QC.nc,0.000379,10
3902342,130,3902342QC.nc,0.000379,10
3902342,139,3902342QC.nc,0.000379,10
3902342,269,3902342QC.nc,0.00035800000000000003,10
3902342,125,3902342QC.nc,0.00037799999999999997,10
3902342,134,3902342QC.nc,0.00036700000000000003,10
3902342,264,3902342QC.nc,0.00033,10
3902342,102,3902342QC.nc,0.000361,10
3902342,111,3902342QC.nc,0.000392,10
3902342,120,3902342QC.nc,0.00039400000000000004,10
3902342,129,3902342QC.nc,0.000399,10
3902342,138,3902342QC.nc,0.000384,10
3902342,268,3902342QC.nc,0.000336,10
3902343,2,3902343QC.nc,0.00032050000000000004,10
3902343,24,3902343QC.nc,0.000346,9
3902343,10,3902343QC.nc,0.000363,9
3902343,0,3902343QC.nc,0.000368,9
3902343,18,3902343QC.nc,0.000401,9
3902343,4,3902343QC.nc,0.000322,9
3902344,18,3902344QC.nc,0.000487,9
3902344,12,3902344QC.nc,0.000439,9
3902344,25,3902344QC.nc,0.000524,9
3902345,12,3902345QC.nc,0.000435,9
3902345,21,3902345QC.nc,0.000412,9
3902345,2,3902345QC.nc,0.000388,9
3902345,25,3902345QC.nc,0.000457,9
3902345,6,3902345QC.nc,0.000424,9
3902345,24,3902345QC.nc,0.000417,9
3902345,10,3902345QC.nc,0.000412,9
3902345,9,3902345QC.nc,0.000407,9
3902345,4,3902345QC.nc,0.000395,9
3902348,19,3902348QC.nc,0.000387,10
3902348,3,3902348QC.nc,0.00035999999999999997,10
3902348,12,3902348QC.nc,0.000332,10
3902348,11,3902348QC.nc,0.00034199999999999996,10
3902348,6,3902348QC.nc,0.000393,10
3902533,22,3902533QC.nc,0.0008255000000000001,10
3902533,39,3902533QC.nc,0.00062,10
3902556,45,3902556QC.nc,0.000937,9
3902556,33,3902556QC.nc,0.001168,10
3902615,5,3902615QC.nc,0.00063,10
3902615,4,3902615QC.nc,0.0006395,10
3902615,6,3902615QC.nc,0.000581,10
3902660,3,3902660QC.nc,0.0004555,10
4903026,310,4903026QC.nc,0.0011665,10
4903026,319,4903026QC.nc,0.000973,10
4903026,398,4903026QC.nc,0.0010675,10
4903026,375,4903026QC.nc,0.0010739999999999999,10
4903026,402,4903026QC.nc,0.0008825,10
4903026,397,4903026QC.nc,0.0012205,10
4903026,374,4903026QC.nc,0.000743,10
4903026,351,4903026QC.nc,0.00226,10
4903026,369,4903026QC.nc,0.000663,10
4903026,328,4903026QC.nc,0.0005679999999999999,10
4903026,332,4903026QC.nc,0.0008435,10
4903026,350,4903026QC.nc,0.0011015,10
4903026,327,4903026QC.nc,0.0006305,10
4903026,331,4903026QC.nc,0.000979,10
4903026,326,4903026QC.nc,0.0006385,10
4903026,415,4903026QC.nc,0.0017705,10
4903026,373,4903026QC.nc,0.0010945,10
4903026,368,4903026QC.nc,0.001072,10
4903026,354,4903026QC.nc,0.0021805,10
4903026,349,4903026QC.nc,0.001534,10
4903026,335,4903026QC.nc,0.00129,10
4903026,348,4903026QC.nc,0.0021244999999999997,10
4903026,325,4903026QC.nc,0.0005715,10
4903026,334,4903026QC.nc,0.0011459999999999999,10
4903026,343,4903026QC.nc,0.008421999999999999,10
4903026,352,4903026QC.nc,0.0015165,10
4903026,333,4903026QC.nc,0.000864,10
4903273,120,4903273QC.nc,0.0004905,10
4903273,142,4903273QC.nc,0.0010135,10
4903273,118,4903273QC.nc,0.000429,10
4903273,112,4903273QC.nc,0.0182515,10
4903274,143,4903274QC.nc,0.0004535,10
4903274,138,4903274QC.nc,0.000416,10
4903274,119,4903274QC.nc,0.00053,10
4903274,141,4903274QC.nc,0.0004575,10
4903274,109,4903274QC.nc,0.0005135000000000001,10
4903274,136,4903274QC.nc,0.0004015,10
4903274,113,4903274QC.nc,0.0006485,10
4903274,122,4903274QC.nc,0.000551,10
4903274,140,4903274QC.nc,0.000462,10
4903274,144,4903274QC.nc,0.000421,10
4903274,112,4903274QC.nc,0.0004175,10
4903274,121,4903274QC.nc,0.0005745,10
4903274,139,4903274QC.nc,0.0003915,10
4903274,125,4903274QC.nc,0.00045850000000000003,10
4903274,111,4903274QC.nc,0.000515,10
4903274,110,4903274QC.nc,0.000526,10
4903456,66,4903456QC.nc,0.0005865,10
4903456,70,4903456QC.nc,0.000639,10
4903456,65,4903456QC.nc,0.0008160000000000001,10
4903456,69,4903456QC.nc,0.0005124999999999999,10
4903456,68,4903456QC.nc,0.0006245000000000001,10
4903456,63,4903456QC.nc,0.00104,10
4903456,67,4903456QC.nc,0.0006965000000000001,10
4903458,69,4903458QC.nc,0.0007615,10
4903458,68,4903458QC.nc,0.0006915000000000001,10
4903458,85,4903458QC.nc,0.0005985000000000001,10
4903458,71,4903458QC.nc,0.000725,10
4903458,84,4903458QC.nc,0.0005505,10
4903458,70,4903458QC.nc,0.00085,10
4903459,75,4903459QC.nc,0.000602,10
4903459,93,4903459QC.nc,0.0005365,10
4903459,51,4903459QC.nc,0.001103,10
4903462,66,4903462QC.nc,0.0007055,10
4903462,56,4903462QC.nc,0.0010645,10
4903462,82,4903462QC.nc,0.0006475,10
4903462,68,4903462QC.nc,0.0007005,10
4903462,95,4903462QC.nc,0.000707,10
4903462,67,4903462QC.nc,0.000658,9
4903463,72,4903463QC.nc,0.000707,10
4903463,74,4903463QC.nc,0.0009465000000000001,10
4903463,50,4903463QC.nc,0.0010279999999999998,10
4903485,67,4903485QC.nc,0.0010270000000000001,10
4903485,76,4903485QC.nc,0.0017929999999999999,10
4903485,53,4903485QC.nc,0.0005775,10
4903485,71,4903485QC.nc,0.000932,10
4903485,38,4903485QC.nc,0.000583,10
4903485,47,4903485QC.nc,0.000585,10
4903485,37,4903485QC.nc,0.00046750000000000003,10
4903485,79,4903485QC.nc,0.000542,10
4903485,69,4903485QC.nc,0.0010804999999999999,10
4903485,46,4903485QC.nc,0.000683,10
4903485,41,4903485QC.nc,0.0005915,10
4903485,63,4903485QC.nc,0.000714,10
4903485,40,4903485QC.nc,0.0005295,10
4903485,35,4903485QC.nc,0.0007735,10
4903486,49,4903486QC.nc,0.000986,10
4903486,62,4903486QC.nc,0.0007125,10
4903487,53,4903487QC.nc,0.000579,10
4903487,47,4903487QC.nc,0.000586,10
4903487,65,4903487QC.nc,0.0007975,10
4903487,37,4903487QC.nc,0.0007689999999999999,10
4903487,78,4903487QC.nc,0.00058,10
4903487,55,4903487QC.nc,0.0005275,10
4903487,41,4903487QC.nc,0.0008539999999999999,10
4903487,50,4903487QC.nc,0.0005295,10
4903487,49,4903487QC.nc,0.0005775,10
4903488,70,4903488QC.nc,0.0008105,10
4903488,42,4903488QC.nc,0.0008185,10
4903489,74,4903489QC.nc,0.0006709999999999999,10
4903489,78,4903489QC.nc,0.0006889999999999999,10
4903489,44,4903489QC.nc,0.0009484999999999999,10
4903489,72,4903489QC.nc,0.00064,10
4903489,42,4903489QC.nc,0.0007675,10
4903533,46,4903533QC.nc,0.00087,11
4903533,45,4903533QC.nc,0.000848,10
4903533,35,4903533QC.nc,0.0012045,10
4903533,44,4903533QC.nc,0.000831,9
4903533,43,4903533QC.nc,0.0007025,10
4903533,47,4903533QC.nc,0.0007005,10
4903533,37,4903533QC.nc,0.0022630000000000003,10
4903564,2,4903564QC.nc,0.0008335,10
4903564,6,4903564QC.nc,0.0006575,10
4903564,5,4903564QC.nc,0.000884,10
4903564,0,4903564QC.nc,0.000701,10
4903564,9,4903564QC.nc,0.0005685,10
4903565,0,4903565QC.nc,0.000498,10
4903565,4,4903565QC.nc,0.000553,10
4903570,20,4903570QC.nc,0.0005335,10
4903570,24,4903570QC.nc,0.000489,10
4903570,19,4903570QC.nc,0.0006104999999999999,10
4903570,14,4903570QC.nc,0.0008585,10
4903570,32,4903570QC.nc,0.000428,10
4903570,45,4903570QC.nc,0.0007415,10
4903570,13,4903570QC.nc,0.000947,10
4903570,49,4903570QC.nc,0.000658,10
4903570,17,4903570QC.nc,0.0005824999999999999,10
4903570,21,4903570QC.nc,0.0004875,10
4903570,30,4903570QC.nc,0.000453,10
4903570,16,4903570QC.nc,0.0006495,10
4903570,44,4903570QC.nc,0.0006855,10
4903570,48,4903570QC.nc,0.000652,10
4903570,25,4903570QC.nc,0.0005250000000000001,10
4903570,43,4903570QC.nc,0.000617,10
4903571,5,4903571QC.nc,0.0009885,10
4903571,28,4903571QC.nc,0.0006045,10
4903571,14,4903571QC.nc,0.00122,10
4903571,23,4903571QC.nc,0.0007025,10
4903571,32,4903571QC.nc,0.0009835,10
4903571,17,4903571QC.nc,0.0008160000000000001,10
4903587,99,4903587_HRQC.nc,0.0006125,4
4903747,31,4903747_HRQC.nc,0.0005915,4
4903830,5,4903830QC.nc,0.0006104999999999999,10
4903831,7,4903831QC.nc,0.001645,11
4903831,6,4903831QC.nc,0.002183,10
4903831,1,4903831QC.nc,0.0008155,10
4903831,5,4903831QC.nc,0.001214,10
4903831,0,4903831QC.nc,0.001036,10
4903831,4,4903831QC.nc,0.001164,10
4903868,5,4903868QC.nc,0.000858,10
4903868,2,4903868QC.nc,0.0005909999999999999,10
5906026,115,5906026QC.nc,0.0028964999999999998,10
5906036,226,5906036QC.nc,0.00056,10
5906036,216,5906036QC.nc,0.000512,8
5906036,227,5906036QC.nc,0.000518,10
5906036,198,5906036QC.nc,0.000778,9
5906304,141,5906304QC.nc,0.000357,10
5906304,127,5906304QC.nc,0.0005065,10
5906304,135,5906304QC.nc,0.000611,10
5906305,159,5906305QC.nc,0.00056,11
5906305,140,5906305QC.nc,0.0006995,10
5906305,149,5906305QC.nc,0.0006875,10
5906305,151,5906305QC.nc,0.000793,10
5906305,155,5906305QC.nc,0.0006895,10
5906305,127,5906305QC.nc,0.000393,10
5906306,135,5906306QC.nc,0.0006665,10
5906307,152,5906307QC.nc,0.0005380000000000001,10
5906308,148,5906308QC.nc,0.001842,10
5906308,138,5906308QC.nc,0.002012,10
5906308,147,5906308QC.nc,0.001644,10
5906308,124,5906308QC.nc,0.00148,10
5906308,132,5906308QC.nc,0.0012439999999999999,10
5906308,155,5906308QC.nc,0.0006365,10
5906308,150,5906308QC.nc,0.001591,10
5906308,145,5906308QC.nc,0.0019575,10
5906308,154,5906308QC.nc,0.0009265,10
5906308,140,5906308QC.nc,0.00181,10
5906308,135,5906308QC.nc,0.0022485,10
5906308,144,5906308QC.nc,0.001634,10
5906310,149,5906310QC.nc,0.0003205,10
5906339,140,5906339_HRQC.nc,0.0005445,4
5906488,95,5906488_HRQC.nc,0.0008799999999999999,4
5906488,93,5906488_HRQC.nc,0.001258,4
5906510,102,5906510_HRQC.nc,0.000846,4
5906513,74,5906513_HRQC.nc,0.00044,7
5906537,51,5906537QC.nc,0.000439,10
5906537,88,5906537QC.nc,0.000753,9
5906537,69,5906537QC.nc,0.000478,10
5906537,87,5906537QC.nc,0.0005095,10
5906537,73,5906537QC.nc,0.000402,10
5906537,91,5906537QC.nc,0.00072,10
5906537,59,5906537QC.nc,0.000442,10
5906537,72,5906537QC.nc,0.000447,10
5906537,90,5906537QC.nc,0.000677,9
5906537,85,5906537QC.nc,0.0004275,10
5906537,71,5906537QC.nc,0.00042,10
5906537,89,5906537QC.nc,0.000645,10
5906537,66,5906537QC.nc,0.0006464999999999999,10
5906537,93,5906537QC.nc,0.0007570000000000001,10
5906537,74,5906537QC.nc,0.000475,10
5906538,74,5906538QC.nc,0.00057,10
5906538,92,5906538QC.nc,0.000518,10
5906538,78,5906538QC.nc,0.0006169999999999999,10
5906538,73,5906538QC.nc,0.000533,10
5906538,91,5906538QC.nc,0.0005295,10
5906538,59,5906538QC.nc,0.0006050000000000001,10
5906538,58,5906538QC.nc,0.00057,10
5906538,53,5906538QC.nc,0.000637,10
5906538,81,5906538QC.nc,0.0006855,10
5906538,90,5906538QC.nc,0.000577,10
5906538,76,5906538QC.nc,0.0006585,10
5906538,80,5906538QC.nc,0.0007955,10
5906538,89,5906538QC.nc,0.0006165,10
5906538,75,5906538QC.nc,0.000871,9
5906538,93,5906538QC.nc,0.0005255,10
5906538,61,5906538QC.nc,0.000698,10
5906538,56,5906538QC.nc,0.00061,10
5906538,60,5906538QC.nc,0.0006180000000000001,10
5906539,53,5906539QC.nc,0.000635,9
5906539,84,5906539QC.nc,0.0005170000000000001,10
5906539,79,5906539QC.nc,0.0005740000000000001,10
5906539,92,5906539QC.nc,0.000602,10
5906539,87,5906539QC.nc,0.000602,10
5906539,73,5906539QC.nc,0.0006015,10
5906540,61,5906540QC.nc,0.00055,10
5906540,70,5906540QC.nc,0.000493,10
5906540,65,5906540QC.nc,0.0005499999999999999,10
5906540,60,5906540QC.nc,0.0005369999999999999,10
5906540,88,5906540QC.nc,0.000737,10
5906540,97,5906540QC.nc,0.000693,10
5906540,74,5906540QC.nc,0.000515,10
5906540,83,5906540QC.nc,0.0005005,10
5906540,92,5906540QC.nc,0.0006245000000000001,10
5906540,87,5906540QC.nc,0.0007295,10
5906540,64,5906540QC.nc,0.000559,10
5906540,91,5906540QC.nc,0.0006605000000000001,10
5906540,59,5906540QC.nc,0.0006985,10
5906540,68,5906540QC.nc,0.0004565,10
5906540,86,5906540QC.nc,0.0008565000000000001,10
5906540,72,5906540QC.nc,0.0005675000000000001,10
5906540,95,5906540QC.nc,0.0007655,10
5906540,90,5906540QC.nc,0.000601,10
5906540,67,5906540QC.nc,0.000542,10
5906540,76,5906540QC.nc,0.000473,10
5906540,89,5906540QC.nc,0.000644,10
5906540,66,5906540QC.nc,0.000532,10
5906541,51,5906541_HRQC.nc,0.000808,4
5906541,69,5906541_HRQC.nc,0.001445,4
5906563,91,5906563QC.nc,0.0004915,10
5906563,77,5906563QC.nc,0.000454,10
5906563,75,5906563QC.nc,0.00047400000000000003,10
5906563,70,5906563QC.nc,0.000503,10
5906563,79,5906563QC.nc,0.000445,10
5906564,66,5906564QC.nc,0.0005295,10
5906564,84,5906564QC.nc,0.000588,10
5906564,88,5906564QC.nc,0.0005355,10
5906564,65,5906564QC.nc,0.0005685,10
5906564,83,5906564QC.nc,0.0005245,10
5906564,78,5906564QC.nc,0.0004795,10
5906564,82,5906564QC.nc,0.0004975,10
5906564,86,5906564QC.nc,0.0006895,10
5906564,81,5906564QC.nc,0.0005824999999999999,10
5906564,58,5906564QC.nc,0.0007,11
5906564,85,5906564QC.nc,0.0008025,10
5906564,94,5906564QC.nc,0.000749,10
5906566,92,5906566QC.nc,0.000406,10
5906566,77,5906566QC.nc,0.000344,10
5906566,81,5906566QC.nc,0.00031099999999999997,10
5906566,85,5906566QC.nc,0.0003955,10
5906765,149,5906765QC.nc,0.0008835,10
5906765,153,5906765QC.nc,0.000744,10
5906767,122,5906767QC.nc,0.0006230000000000001,10
5906767,108,5906767QC.nc,0.000553,10
5906767,94,5906767QC.nc,0.0006005,10
5906767,103,5906767QC.nc,0.000583,10
5906767,121,5906767QC.nc,0.000609,10
5906767,107,5906767QC.nc,0.0006185,10
5906767,116,5906767QC.nc,0.000615,10
5906767,125,5906767QC.nc,0.000615,10
5906767,134,5906767QC.nc,0.000753,10
5906767,120,5906767QC.nc,0.0006590000000000001,10
5906767,124,5906767QC.nc,0.0006154999999999999,10
5906767,101,5906767QC.nc,0.000517,10
5906767,110,5906767QC.nc,0.000634,10
5906767,114,5906767QC.nc,0.0007880000000000001,10
5906767,123,5906767QC.nc,0.0006025,10
6990590,2,6990590QC.nc,0.000389,10
6990590,6,6990590QC.nc,0.000437,10
6990590,5,6990590QC.nc,0.000422,10
6990590,0,6990590QC.nc,0.00042100000000000004,10
6990590,3,6990590QC.nc,0.0004395,10
6990671,4,6990671QC.nc,0.00046750000000000003,10
6990671,5,6990671QC.nc,0.00041549999999999996,10
6990671,9,6990671QC.nc,0.000486,10
6990687,1,6990687QC.nc,0.001084,9
6990687,5,6990687QC.nc,0.00109,9
6990687,8,6990687QC.nc,0.00067,9
6990687,3,6990687QC.nc,0.000744,9
6990687,12,6990687QC.nc,0.000583,9
6990687,7,6990687QC.nc,0.000625,9
6990687,2,6990687QC.nc,0.000906,9
7901095,35,7901095QC.nc,0.0005035,10
7901095,39,7901095QC.nc,0.00043900000000000005,10
7901095,24,7901095QC.nc,0.0004925,10
7901095,54,7901095QC.nc,0.0004865,10
7901097,59,7901097QC.nc,0.0005740000000000001,10
7901097,54,7901097QC.nc,0.0004795,10
7901097,49,7901097QC.nc,0.000694,10
7901097,39,7901097QC.nc,0.000367,10
7901097,52,7901097QC.nc,0.0007019999999999999,10
7901098,20,7901098QC.nc,0.000484,10
7901098,38,7901098QC.nc,0.000428,10
7901098,37,7901098QC.nc,0.00041200000000000004,10
7901098,51,7901098QC.nc,0.0007375000000000001,10
7901098,50,7901098QC.nc,0.0007495,10
7901098,45,7901098QC.nc,0.0005635,10
7901098,40,7901098QC.nc,0.00038,10
7901098,49,7901098QC.nc,0.0007185,10
7901098,35,7901098QC.nc,0.0004315,10
7901098,30,7901098QC.nc,0.0005955,10
7901098,39,7901098QC.nc,0.000414,10
7901098,48,7901098QC.nc,0.000818,10
7901098,25,7901098QC.nc,0.0005885,10
7901098,34,7901098QC.nc,0.000459,10
7901098,52,7901098QC.nc,0.000658,10
7901098,61,7901098QC.nc,0.0007585000000000001,10
7901103,25,7901103QC.nc,0.002174,9
7901103,26,7901103QC.nc,0.002961,9
7901107,21,7901107_HRQC.nc,0.00124,4
7901109,2,7901109QC.nc,0.000905,9
7901109,0,7901109QC.nc,0.002251,11
7902101,26,7902101QC.nc,0.000875,9
7902101,25,7902101QC.nc,0.00084,9
7902101,20,7902101QC.nc,0.000699,9
7902101,14,7902101QC.nc,0.000693,9
7902101,32,7902101QC.nc,0.000693,9
7902102,22,7902102QC.nc,0.002397,9
7902102,30,7902102QC.nc,0.000831,9
7902102,25,7902102QC.nc,0.001267,9
7902102,24,7902102QC.nc,0.001364,9
7902102,14,7902102QC.nc,0.001607,9
7902102,23,7902102QC.nc,0.0016905,8
7902103,12,7902103QC.nc,0.000732,9
7902103,21,7902103QC.nc,0.000875,9
7902103,20,7902103QC.nc,0.000738,9
7902103,24,7902103QC.nc,0.000557,9
7902103,19,7902103QC.nc,0.000694,8
7902103,27,7902103QC.nc,0.000549,9
7902104,26,7902104QC.nc,0.000498,9
7902104,21,7902104QC.nc,0.001051,9
7902104,20,7902104QC.nc,0.000984,9
7902104,24,7902104QC.nc,0.000691,9
7902104,23,7902104QC.nc,0.000643,9
7902104,22,7902104QC.nc,0.000646,9
7902111,21,7902111QC.nc,0.00032,11
7902111,2,7902111QC.nc,0.00048,11
7902111,20,7902111QC.nc,0.000371,11
7902111,1,7902111QC.nc,0.000476,11
7902111,51,7902111QC.nc,0.000566,11
7902111,28,7902111QC.nc,0.00053,11
7902111,0,7902111QC.nc,0.000575,11
7902112,10,7902112QC.nc,0.000719,11
7902112,18,7902112QC.nc,0.000413,11
7902136,8,7902136QC.nc,0.000733,9
7902136,7,7902136QC.nc,0.000854,9
7902136,1,7902136QC.nc,0.000641,9
7902136,0,7902136QC.nc,0.000659,9
7902136,10,7902136QC.nc,0.000782,9
7902136,9,7902136QC.nc,0.000909,9
7902136,13,7902136QC.nc,0.000731,9
7902226,8,7902226QC.nc,0.0004135,10
7902226,3,7902226QC.nc,0.00042100000000000004,10
7902226,5,7902226QC.nc,0.0004305,10
7902226,4,7902226QC.nc,0.000411,10
7902277,4,7902277QC.nc,0.00036399999999999996,10
