wmo,profile,lat,lon,bnw,bbp700_first3_mean,rel_dbbp
1902368,13,56.348,-147.356,0.0014665599446743,0.0013453333333333,0.08266052252499136
1902369,4,45.006,-133.357,0.0005008206353522,0.0007126666666666,-0.4229978087173268
1902369,5,45.02,-133.356,0.0004746729391627,0.000683,-0.4388854801893253
1902369,6,45.02,-133.354,0.0004746729391627,0.0007053333333333,-0.4859354202442501
1902369,7,45.038,-133.348,0.0006027951021678,0.0006923333333333,-0.14853841851650498
1902369,25,45.367,-132.841,0.0081796590238809,0.000911,0.8886261643253963
1902369,27,45.161,-132.562,0.0033364375121891,0.006601,-0.978457554167996
1902369,32,44.734,-131.99,0.0041532875038683,0.0008703333333333,0.790447125915871
1902369,33,44.703,-131.969,0.0009202256915159,0.001148,-0.24752004924887971
1902370,16,5.055,160.529,0.0008081672131083,0.0003413333333333,0.5776451608071373
1902370,28,5.898,165.981,0.0011824986431747,0.0007106666666666,0.3990127001256885
1902370,34,5.828,167.53499999999997,0.0010135842021554,0.0003826666666666,0.6224618873766439
1902371,0,51.955,-142.958,0.0032442717347294,0.0015129999999999,0.5336395580544374
1902371,1,51.953,-142.962,0.0032442717347294,0.001453,0.5521336932273977
1902371,2,51.953,-142.968,0.0032442717347294,0.0014349999999999,0.557681933779326
1902371,3,51.953,-142.973,0.0032442717347294,0.001407,0.5663125301933576
1902371,4,51.956,-142.975,0.0032442717347294,0.0013513333333333,0.5834709778260875
1902371,5,51.96,-142.974,0.0032442717347294,0.0013896666666666,0.5716552803544644
1902371,6,51.963,-142.971,0.0032442717347294,0.00136,0.580799602745534
1902371,7,51.962,-142.973,0.0032442717347294,0.0014223333333333,0.5615862512047146
1902371,8,51.957,-142.978,0.0032442717347294,0.0011976666666666,0.6308365129080362
1902372,13,0.35,93.043,0.0024070518556982,0.0006856666666666,0.7151425445848101
1902380,81,17.269,-44.988,0.0018035693792626,0.0004603333333333,0.7447653865572335
1902380,84,18.394,-44.495000000000005,0.0025555172469466,0.0004523333333333,0.8229973466726708
1902380,93,18.572,-42.78699999999998,0.0014598085545003,0.0005513333333333,0.6223249058010732
1902380,94,18.677,-42.742999999999995,0.0003547786909621,0.0005026666666666,-0.4168457110641361
1902380,95,18.753,-42.778999999999996,0.0003599514311645,0.00045,-0.25016866454504316
1902380,96,18.806,-42.685,0.002841024659574,0.0005723333333333,0.7985468618145964
1902380,98,18.774,-41.93799999999999,0.001456988742575,0.000434,0.7021253580635272
1902380,100,18.611,-41.692999999999984,0.0006098325829952,0.000572,0.062037654349960766
1902380,112,18.11,-42.64499999999998,0.001661370974034,0.0004793333333333,0.7114832624230677
1902380,114,17.827,-42.579999999999984,0.0021218236070126,0.000504,0.7624684736590325
1902380,116,18.235,-42.77600000000001,0.0015992015833035,0.0005333333333333,0.6665002468096715
1902380,117,18.466,-43.15899999999999,0.0006540319300256,0.000451,0.3104312201051911
1902380,118,18.66,-43.49400000000003,0.0010006116935983,0.0004536666666666,0.546610668684903
1902381,81,16.511,-33.52999999999997,0.0017920249374583,0.0005673333333333,0.6834121437294443
1902381,94,17.077,-34.41699999999997,5.237756340648048e-06,0.00062,-1.0
1902381,98,17.564,-34.41500000000002,0.0009629848646,0.0007076666666666,0.26513209845665936
1902382,94,19.015,-30.153999999999996,0.0008289508987218,0.0007176666666666,0.13424707329082405
1902382,98,19.109,-31.202999999999975,0.0014362834626808,0.0006889999999999,0.5202896796472943
1902382,111,20.086,-32.50400000000002,0.0017125942977145,0.000619,0.6385600484445901
1902382,113,19.997,-32.218999999999994,0.0021513057872653,0.000592,0.7248182924508656
1902382,114,19.829,-32.09699999999998,0.0024459511041641,0.0005736666666666,0.7654627413892439
1902382,115,19.563,-31.92500000000001,0.0022118752822279,0.0006129999999999,0.7228596002110667
1902384,81,20.736,-41.61099999999999,0.0010105512337759,0.0004323333333333,0.5721806882389356
1902384,84,20.254,-41.01799999999997,0.0012260176008567,0.0005196666666666,0.5761344157673802
1902384,91,20.106,-42.43099999999998,0.0002186172787332,0.0005143333333333,-1.0
1902384,92,20.079,-42.58100000000002,0.001009845174849,0.000463,0.5415138760560683
1902384,93,20.052,-42.759000000000015,0.0018032960360869,0.000492,0.7271662610274319
1902384,94,19.908,-42.93099999999998,0.0013435687869787,0.000542,0.5965967613621017
1902384,95,19.62,-43.048,0.0014518364332616,0.000501,0.6549198046542429
1902384,96,19.385,-43.041,0.0009689224534668,0.000498,0.4860269795398401
1902384,97,19.27,-42.77999999999997,0.0010396135039627,0.000497,0.5219377219461052
1902384,100,19.188,-41.66699999999997,0.0015693565364927,0.000511,0.6743888414661872
1902384,112,19.344,-41.05500000000001,0.0024405939038842,0.000556,0.7721865980591334
1902385,80,24.994,-55.40499999999997,0.0006731910980306,0.0004109999999999,0.389474992758716
1902385,82,25.584,-56.418000000000006,0.0009749325690791,0.0004796666666666,0.5080001613653315
1902385,84,26.777,-57.115999999999985,0.0009449670324102,0.0005173333333333,0.45253822028710605
1902385,90,25.544,-58.12099999999998,0.0003523727355059,0.0004823333333333,-0.3688157020457788
1902385,92,25.143,-58.93599999999998,0.0011698745656758,0.0004573333333333,0.6090748984963932
1902385,93,24.86,-59.285000000000025,0.0008710545371286,0.0006306666666666,0.2759733865280468
1902385,94,24.662,-59.519000000000005,0.0006449017091654,0.0004233333333333,0.3435692178872388
1902385,95,24.691,-59.668000000000006,0.0013539808569476,0.0004309999999999,0.6816793990931734
1902385,97,25.238,-59.95600000000002,0.0028947608079761,0.00043,0.8514557752698613
1902385,102,26.394,-60.83600000000001,0.0020868552383035,0.0005706666666666,0.7265422842024629
1902385,111,25.623,-60.910000000000025,0.0012012725928798,0.000463,0.6145754071604562
1902385,112,25.582,-60.61099999999999,0.0008346286485902,0.0003816666666666,0.5427108004125113
1902385,113,25.468,-60.10700000000003,0.0001560343225719,0.0004179999999999,-1.0
1902385,116,25.569,-58.250999999999976,0.0035150717012584,0.0004559999999999,0.8702729165278047
1902385,118,26.034,-58.137,0.0020301896147429,0.0004346666666666,0.7858984877520194
1902453,36,-2.189,72.368,0.0009484939510002,0.0005936666666666,0.374095463613057
1902453,62,-3.52,74.47300000000001,0.0010020685149356,0.00059,0.41121790455823515
1902453,64,-3.521,73.84199999999998,0.0007056036265566,0.0005173333333333,0.2668216065471113
1902453,68,-3.207,74.70999999999998,0.0009270827285945,0.00056,0.395954662159454
1902454,47,2.749,57.13300000000001,0.0009536797297187,0.0009713333333333,-0.018511039990130807
1902454,50,2.03,57.172,0.0011498010717332,0.0008176666666666,0.28886249389726487
1902454,51,2.735,57.293000000000006,0.000506609736476,0.0007396666666666,-0.4600324735401939
1902454,52,3.975,57.994,0.0021074309479445,0.0007743333333333,0.6325700094285165
1902454,53,2.54,57.857,0.0020854454487562,0.0006283333333333,0.6987054570484929
1902454,55,1.973,55.760999999999996,0.0013613133924081,0.001371,-0.007115633803297036
1902454,56,2.18,55.08600000000001,0.0006016819388605,0.0013319999999999,-1.0
1902455,52,2.493,70.45600000000002,0.0016387226060032,0.0005953333333333,0.6367089029269561
1902455,65,2.212,74.423,0.0031144886743277,0.000569,0.8173054843030291
1902455,69,2.979,73.668,0.0013036140007898,0.0006103333333333,0.5318143768297003
1902456,33,-26.363,56.827,0.0022681332193315,0.0005676666666666,0.749720756334625
1902456,36,-25.837,55.623999999999995,0.0010690297931432,0.0006036666666666,0.4353135239648678
1902456,38,-25.566,54.260999999999996,0.0001687195763224,0.0005896666666666,-1.0
1902456,40,-25.305,52.85499999999999,0.0025220941752195,0.0007143333333333,0.7167697620684085
1902456,41,-25.465,51.77799999999999,0.0003904394397977,0.0006533333333333,-0.6733282213288039
1902456,42,-25.887,51.49799999999999,0.0004216976522002,0.000648,-0.5366459751887912
1902456,43,-26.139,51.339,0.0016081364592537,0.0006943333333333,0.5682373039067067
1902456,44,-26.265,51.170000000000016,0.0008676188299432,0.0007233333333333,0.1663005592206267
1902456,45,-26.185,51.170000000000016,0.0030835152138024,0.0007663333333333,0.7514741195687811
1902456,47,-25.865,51.90100000000001,0.0016844664933159,0.0008033333333333,0.5230933138052957
1902456,51,-24.792,53.14099999999999,0.0007666999590583,0.0005059999999999,0.34002865916232083
1902456,54,-23.716,54.905,0.0011869042646139,0.0005163333333333,0.5649747425069171
1902456,58,-24.477,56.18099999999998,0.0018421685090288,0.000498,0.7296664243476033
1902456,59,-23.861,56.105999999999995,0.0030808958690613,0.0006793333333333,0.7795013651206971
1902456,66,-25.254,55.74199999999999,0.0008680343162268,0.0005536666666666,0.3621603935276471
1902456,68,-25.424,55.857,0.0006266622804105,0.0005426666666666,0.13403649201429202
1902457,31,5.941,66.221,0.0006761504337191,0.0006983333333333,-0.0328076394067887
1902457,51,6.037,67.638,0.0019421526230871,0.000498,0.7435834887124285
1902457,52,6.219,67.63999999999999,0.0015468437923118,0.0005426666666666,0.6491781074703283
1902457,57,5.979,67.541,0.001890497165732,0.0009166666666666,0.51511872999203
1902457,65,5.296,67.81700000000001,0.0022309459745883,0.0006033333333333,0.7295616567117277
1902457,66,5.547,67.95499999999998,0.0011808145791292,0.0007599999999999,0.3563765103913543
1902457,67,6.171,68.98000000000002,0.0007549376459792,0.0005683333333333,0.24717844399435526
1902458,50,12.927,67.83699999999999,0.0007047070539556,0.000572,0.18831520588690062
1902458,60,12.742,67.261,0.000386285217246,0.000664,-0.7189371230251906
1902458,63,12.359,67.31700000000001,0.0009144394425675,0.0010596666666666,-0.15881557305898916
1902458,64,12.396,67.261,0.0006543332710862,0.0006313333333333,0.0351501883966865
1902458,65,12.414,67.24799999999999,0.0007873317226767,0.0007786666666666,0.011005597463596849
1902458,66,12.242,67.311,0.0003919664013665,0.0007303333333333,-0.8632549391661176
1902458,67,12.039,67.24799999999999,0.0004388890229165,0.000778,-0.772657686515019
1902490,6,-29.092,1.0529999999999973,0.0020252005197107,0.000489,0.75854242814936
1902490,8,-29.715,0.15799999999998704,0.0020233991090208,0.0005393333333333,0.7334518281989835
1902490,14,-30.794,-0.6890000000000214,0.0042337267659604,0.0005033333333333,0.8811134111487421
1902490,26,-31.218,-2.4110000000000014,0.0012622198555618,0.0006003333333333,0.524382911037239
1902490,33,-32.133,-4.845000000000027,0.0014448537258431,0.000475,0.6712469978766686
1902492,31,-1.274,-2.901999999999987,2.8718220619339263e-06,0.0008653333333333,-1.0
1902492,39,-0.263,-1.4159999999999968,3.87849786420702e-06,0.0006403333333333,-1.0
1902493,7,-31.342,-0.41500000000002046,0.0002704864891711,0.000533,-0.9705235615773897
1902493,8,-31.288,-0.6669999999999732,0.0020815862808376,0.0005319999999999,0.7444256791576129
1902493,28,-31.335,-4.7309999999999945,0.0007864189101383,0.0005136666666666,0.34682818527816633
1902493,31,-30.208,-6.670000000000016,0.001954233739525,0.0005316666666666,0.7279411075996324
1902493,33,-29.728,-7.584000000000003,0.0010045183589681,0.0004293333333333,0.5725978231255661
1902493,36,-29.491,-8.586999999999989,0.0012906617484986,0.0004366666666666,0.6616722644995365
1902493,39,-29.392,-8.456999999999994,0.0029071080498397,0.000485,0.8331675356797477
1902495,15,-19.583,0.0020000000000095497,0.0048081367276608,0.000759,0.8421425922367103
1902495,21,-19.371,-0.535000000000025,0.0063908440060913,0.000741,0.8840528732521508
1902495,33,-19.209,-1.8940000000000055,0.0032031047157943,0.0004926666666666,0.846190895902562
1902495,37,-17.228,-1.8410000000000082,0.0016751046059653,0.000597,0.6436043469321301
1902495,41,-19.072,-2.629000000000019,0.0014233133988454,0.0004966666666666,0.651048976936844
1902496,11,-16.112,-2.704999999999984,0.0034745119046419,0.00057,0.8359481804513353
1902496,22,-15.91,-2.062999999999988,0.0021392202470451,0.0008376666666666,0.6084242995438797
1902496,34,-15.422,-1.7819999999999823,0.002574339043349,0.000566,0.7801377400298908
1902496,36,-15.287,-1.3980000000000246,0.0011481414549052,0.000443,0.614159041024629
1902496,40,-15.88,-1.002999999999986,0.0008328797412104,0.000524,0.370857551129187
1902497,5,-12.117,1.5360000000000014,0.000636312062852,0.0005803333333333,0.0879737047067738
1902497,6,-12.412,1.6529999999999916,0.001657917862758,0.0005253333333333,0.6831366950474911
1902497,41,-11.625,-2.1229999999999905,0.0012526027858257,0.0004689999999999,0.6255796288280318
1902499,17,-3.953,-5.314999999999998,0.0007579679368063,0.001214,-0.601650862852052
1902500,10,-23.561,-1.0400000000000205,0.0041481195949018,0.0005136666666666,0.8761687904808926
1902500,12,-23.683,-1.3050000000000068,0.0052429144270718,0.000496,0.9053961290234106
1902500,14,-23.828,-1.440999999999974,0.0017843923997133,0.0005233333333333,0.7067162282144979
1902500,33,-21.431,-2.180999999999983,0.001209961483255,0.000485,0.5991607941971274
1902500,35,-20.931,-2.4499999999999886,0.003158462466672,0.000642,0.7967365429305036
1902500,36,-20.996,-2.019999999999982,0.0013800981687381,0.0006059999999999,0.560900801314736
1902500,37,-21.117,-1.3410000000000082,0.0009530527167953,0.000687,0.2791584474885283
1902500,39,-20.964,0.2050000000000125,0.002835321938619,0.0006516666666666,0.7701613147380338
1902500,41,-21.325,1.1999999999999886,0.0010489812120795,0.0006063333333333,0.4219788435187462
1902501,29,-5.771,-91.09300000000002,0.002806975506246,0.0012696666666666,0.5476744760182714
1902644,16,-19.268,-73.40699999999998,0.0062125055119395,0.0016909999999999,0.7278070825450291
1902644,17,-19.081,-73.20800000000003,0.0034631944727152,0.0008493333333333,0.7547543633414819
1902644,19,-18.961,-72.86900000000003,0.003426288254559,0.0009623333333333,0.7191324074812373
1902644,23,-19.506,-72.04000000000002,0.0029914735350757,0.0007826666666666,0.7383675110310497
1902644,32,-18.245,-71.714,0.0022189526353031,0.001365,0.3848449136393817
1902644,34,-18.38,-72.094,0.0035113166086375,0.002979,0.15160028786012997
1902644,36,-19.089,-72.827,0.0032603819854557,0.001,0.6932874723081777
1902644,38,-19.443,-72.40100000000001,0.0014315539738163,0.000944,0.3405767318130221
1902644,40,-19.264,-71.697,0.0016968309646472,0.001548,0.08771113195600168
1902652,0,12.467,-111.892,0.0005370875587686,0.0007959999999999,-0.48206747113062515
1902652,1,11.773,-111.519,0.0011896936921402,0.0006103333333333,0.48698279450793713
1902652,3,11.763,-111.891,0.001860570628196,0.0005613333333333,0.6983004435163174
1902722,0,-22.123,-34.65499999999997,0.0012552564730867,0.000562,0.5522827310198759
1902722,2,-22.209,-34.47500000000002,0.001141304266639,0.0005676666666666,0.5026158376343337
1902742,1,28.721,-74.447,0.0022454040590673,0.000922,0.5893834803242575
1902742,2,28.784,-74.40499999999997,0.0023060489911586,0.000853,0.6301032617822062
1902742,3,28.796,-74.67500000000001,0.0017355899326503,0.000821,0.5269619945615222
1902742,5,28.726,-75.76400000000001,0.0005552026559598,0.00082,-0.47693817959576346
1902742,7,28.266,-75.822,0.0007180795655585,0.0006166666666666,0.14122794152069232
2903439,0,-35.654,-108.048,0.0003125314833596,0.0010136666666666,-1.0
2903439,15,-34.917,-109.831,0.0017495355568826,0.000687,0.607324356857241
2903440,8,-37.658,-99.29000000000002,0.0016906559467315,0.000713,0.5782701966189965
2903440,9,-37.685,-99.46499999999996,0.0057056886143982,0.0008259999999999,0.8552321979304122
2903441,13,-39.538,-88.68299999999999,0.0021269153803586,0.0008866666666666,0.5831208543345495
2903442,5,-40.541,-78.88600000000002,0.0073950937949121,0.0035963333333333,0.5136865828790956
2903442,6,-40.541,-78.69999999999999,0.0042179976589977,0.0035746666666666,0.1525204716410325
2903442,8,-40.549,-78.01400000000001,0.0151074733585119,0.0029983333333333,0.8015331046972213
2903442,10,-40.275,-78.017,0.0035566168371587,0.0012276666666666,0.654821780676449
2903442,12,-39.957,-78.54899999999998,0.0019638075027614,0.0011306666666666,0.4242477100852718
2903442,15,-40.015,-79.33800000000002,0.0047231554053723,0.001542,0.6735233402978718
2903442,16,-40.122,-79.582,0.0021895237732678,0.0013953333333333,0.36272291245744004
2903451,41,-0.141,148.291,0.0013943429803475,0.0004483333333333,0.6784626597241048
2903451,56,0.082,149.86900000000003,0.0001633609936106,0.0003813333333333,-1.0
2903451,57,0.419,148.914,0.0019369267392903,0.0003726666666666,0.807598987041117
2903451,60,1.342,146.224,0.0008979454287327,0.0005796666666666,0.35445223271006265
2903451,75,0.909,141.28999999999996,0.0055310958996415,0.000479,0.9133987172359375
2903459,36,-9.778,-93.35000000000002,0.0033256886526942,0.0007409999999999,0.7771890043285914
2903459,38,-10.038,-93.54500000000002,0.0037613860331475,0.0006733333333333,0.8209879742734463
2903459,41,-9.63,-93.226,0.0050466083921492,0.0009623333333333,0.8093108760270833
2903459,53,-9.652,-94.14100000000002,0.0033842492848634,0.0009346666666666,0.7238186114577766
2903459,54,-9.806,-93.856,0.0013810478849336,0.000809,0.4142129256880211
2903459,60,-9.674,-93.01799999999996,0.002256765961647,0.0018529999999999,0.17891352869946214
2903459,64,-10.461,-91.92700000000002,0.0015886120963841,0.0006523333333333,0.5893690254417043
2903459,69,-10.066,-91.74,0.003773168195039,0.0007063333333333,0.8128009945960017
2903461,30,-2.993,-98.68099999999998,0.0013501159846782,0.0008336666666666,0.38252218614735944
2903461,32,-3.137,-99.05200000000002,0.0034165962133556,0.001067,0.6877008773149553
2903461,37,-3.058,-100.29500000000002,0.0006046753842383,0.000727,-0.2022979915344006
2903461,39,-3.08,-101.16500000000002,0.0020190139766782,0.0006833333333333,0.6615509643684785
2903461,51,-2.734,-104.349,0.0012641767971217,0.0011279999999999,0.10771974096649277
2903461,52,-2.353,-104.369,0.0026172501966357,0.0012126666666666,0.5366638358742309
2903461,56,-2.401,-103.959,0.0020741363987326,0.000893,0.5694593660543891
2903461,57,-2.532,-104.239,0.0046266638673841,0.00107,0.7687318485479313
2903461,58,-2.771,-104.281,0.0016727778129279,0.0012166666666666,0.27266690336055954
2903461,65,-3.577,-108.831,0.0034509361721575,0.0006133333333333,0.822270449890747
2903462,31,0.81,-97.64800000000002,0.0017628596397116,0.0011826666666666,0.32912034513418115
2903462,32,0.868,-98.29399999999998,0.0011257912265136,0.0014796666666666,-0.3143348711722484
2903462,36,0.375,-102.41199999999998,0.0011304739164188,0.0011156666666666,0.013098267493961722
2903462,37,0.656,-103.303,0.0030511610675603,0.0013676666666666,0.551755336285743
2903462,38,0.913,-104.103,0.000803769158665,0.0008036666666666,0.00012751422133469226
2903462,43,-0.443,-106.701,0.0026204534806311,0.001773,0.32339955160242057
2903462,54,1.336,-104.207,0.0033641178160905,0.0009106666666666,0.7293000077729437
2903462,55,1.875,-104.138,0.0018692216835916,0.0010303333333333,0.44879018771407847
2903462,57,1.945,-102.959,0.0031709556933492,0.0013026666666666,0.5891879948373834
2903462,58,1.536,-102.634,0.0029393963050097,0.000864,0.706062092230483
2903462,60,0.663,-102.25,0.0029697404243052,0.001067,0.6407093390158384
2903462,61,1.266,-102.356,0.0028774496167898,0.000972,0.6622008620660393
2903462,66,0.872,-102.08499999999998,0.0024571483954787,0.0006176666666666,0.7486245976013726
2903463,31,4.121,-97.753,0.0021555877756327,0.0007183333333333,0.6667575584471583
2903463,33,4.41,-97.05599999999998,0.0030655968002974,0.0007653333333333,0.7503476865388646
2903463,37,3.505,-97.37900000000002,0.0008935550577007,0.0007016666666666,0.21474713771736476
2903463,49,2.024,-102.168,0.0003470678057055,0.0008103333333333,-1.0
2903463,53,2.841,-103.046,0.0024878131225705,0.0007983333333333,0.6791023706360899
2903463,60,2.582,-102.43400000000004,0.0062010018154978,0.0009703333333333,0.8435199082012519
2903463,61,3.087,-102.365,0.0041393614374101,0.0008166666666666,0.8027070892418688
2903463,62,2.843,-102.26100000000002,0.0015288211870938,0.000575,0.6238932290747217
2903463,65,3.147,-101.92399999999998,0.0018843351863324,0.0008466666666666,0.5506814961543437
2903463,66,3.345,-102.14999999999998,0.0012341439723968,0.0008313333333333,0.3263886937609164
2903464,48,3.074,82.007,0.0012452123919501,0.0007043333333333,0.43436690970424824
2903464,53,3.614,80.89499999999998,0.0025371769443154,0.0005066666666666,0.8003029832815571
2903464,61,3.496,83.35300000000001,0.0034237254876643,0.0005263333333333,0.8462688275594286
2903464,65,2.118,82.209,0.0010620185639709,0.0005096666666666,0.5200962733071723
2903465,36,-4.781,86.53800000000001,0.0026102135889232,0.0006226666666666,0.7614499176201628
2903465,62,-4.926,89.68799999999999,0.0014176900731399,0.0007386666666666,0.4789646336236234
2903465,65,-5.087,91.08499999999998,0.0012409043265506,0.0005656666666666,0.5441496539551843
2903465,68,-5.615,93.918,0.0014649088261649,0.0005533333333333,0.6222745583546555
2903465,69,-5.836,94.52800000000002,2.2407616597774904e-06,0.0004886666666666,-1.0
2903466,48,1.248,66.457,0.002377521013841,0.0008903333333333,0.625520309536645
2903466,49,1.412,65.92700000000002,0.0018754042685031,0.00059,0.6854011639469484
2903466,50,1.091,65.011,0.0012091527460142,0.0008496666666666,0.2973041086269661
2903466,63,-1.157,74.559,0.0022945310920476,0.0005909999999999,0.7424310343633209
2903467,46,-8.225,86.52300000000002,4.3582849684753455e-06,0.000578,-1.0
2903467,52,-8.777,86.005,0.0012845550663769,0.0006493333333333,0.49450720305455576
2903467,57,-9.405,89.05599999999998,0.0016811462119221,0.000496,0.7049631992253013
2903467,60,-10.078,90.54500000000002,0.0017446221318095,0.0008286666666666,0.5250165342066838
2903467,64,-9.934,91.90699999999998,0.001187921850942,0.0006846666666666,0.4236433431006661
2903468,26,-17.927,101.99400000000003,0.0013787691714242,0.0006026666666666,0.5628951682723836
2903468,29,-18.909,100.72800000000001,0.002734747948125,0.0005946666666666,0.7825515630885415
2903468,31,-19.374,100.86900000000003,0.0006254689651541,0.0005313333333333,0.1505040810419863
2903468,33,-18.816,100.96100000000001,0.000681807519868,0.0005006666666666,0.26567740589964356
2903468,38,-18.206,98.678,0.005680582486093,0.0005806666666666,0.8977804357056398
2903468,39,-18.227,98.09800000000001,0.0006015247199684,0.000505,0.16046675517087763
2903468,40,-18.355,97.548,0.0015679313801229,0.0005149999999999,0.6715417482367547
2903468,46,-18.704,96.73000000000002,0.000853138975799,0.0005116666666666,0.40025402521622816
2903468,48,-18.241,96.24200000000002,0.0040996158495545,0.0005836666666666,0.8576289369331943
2903468,53,-18.181,95.97399999999999,0.0024101433809846,0.0004966666666666,0.7939265063708782
2903468,57,-18.541,97.572,0.0010507286060601,0.0004363333333333,0.5847326028655373
2903468,60,-19.239,97.02699999999999,0.0005950984777882,0.0004489999999999,0.24550302721543435
2903472,32,-41.079,34.997000000000014,0.000894628057722,0.001118,-0.2496813512050742
2903829,7,8.897,87.493,0.0013797527644783,0.0006686666666666,0.5153721131195339
2903831,9,16.614,89.45600000000002,0.0010871558915823,0.0004376666666666,0.597420507900115
2903832,0,-29.9,-90.00400000000002,0.0015930607914924,0.0004216666666666,0.7353103730137146
2903832,1,-29.9,-90.007,0.0015930607914924,0.000423,0.7344734097662852
2903832,2,-29.902,-90.00999999999999,0.0015930607914924,0.0004123333333333,0.7411691157454068
2903832,3,-29.905,-90.01299999999998,0.0003852297668345,0.0004036666666666,-0.0478594891137288
2903832,4,-29.909,-90.01400000000001,0.0003852297668345,0.0004209999999999,-0.09285428137947456
2903832,5,-29.912,-90.01499999999999,0.0003852297668345,0.0004133333333333,-0.07295273864668321
2903832,6,-29.915,-90.01499999999999,0.0007584645063616,0.0004176666666666,0.4493260222944747
2903832,7,-29.917,-90.01499999999999,0.0007584645063616,0.0004053333333333,0.4655869458180602
2903832,8,-29.919,-90.01499999999999,0.0007584645063616,0.0004143333333333,0.45372086649000626
2903832,9,-29.919,-90.01499999999999,0.0007584645063616,0.0004233333333333,0.44185478716195237
2903832,10,-29.919,-90.01600000000002,0.0007584645063616,0.000418,0.4488865378748292
2903832,11,-29.919,-90.01799999999997,0.0007584645063616,0.0005179999999999,0.3170412120076953
2903832,12,-29.919,-90.02100000000002,0.0007584645063616,0.0002323333333333,0.6936793595684299
2903832,13,-29.92,-90.024,0.0007584645063616,-0.0001066666666666,1.0
2903832,14,-29.922,-90.02699999999999,0.0007584645063616,0.0003493333333333,0.539420328303729
2903832,16,-29.938,-90.03300000000002,0.0007884545484557,0.0004066666666666,0.48422306972150225
2903832,17,-29.937,-90.03500000000003,0.0007884545484557,0.000415,0.47365387033046313
2903832,25,-29.726,-90.077,0.0010147161083295,0.0003719999999999,0.633394998910273
2903832,26,-29.398,-90.04899999999998,0.0007193121127784,0.0003736666666666,0.48052220999965795
2903832,27,-29.114,-89.99200000000002,0.0040279752574861,0.0003576666666666,0.9112043536012624
2903832,28,-28.917,-89.79000000000002,0.0002733866858761,0.0003493333333333,-0.2777993639808025
2903832,32,-29.998,-89.87799999999999,0.0008851618040353,0.000311,0.648651807407183
2903833,11,-30.296,-106.313,0.001354708103463,0.000327,0.75861958811341
2903833,12,-30.143,-106.422,0.0009395474917255,0.000334,0.6445097209651409
2903833,16,-30.425,-106.378,0.0014115092344582,0.0002679999999999,0.8101323084132919
2903833,17,-30.6,-106.283,0.0011405394179746,0.0002896666666666,0.7460266062693407
2903856,28,1.387,-168.199,0.0015249887946993,0.000776,0.4911438020415009
2903856,30,1.09,-170.164,0.0035465192049741,0.0010813333333333,0.6951001049658219
2903856,32,0.887,-172.214,0.002349164802581,0.0007983333333333,0.6601629087681798
2903856,34,1.342,-174.341,0.0016751911025494,0.000893,0.466926490571146
2903856,40,1.277,-178.81,0.0009983248310163,0.0007143333333333,0.284468029703213
2903856,55,0.774,178.73900000000003,0.0009946513455361,0.0004753333333333,0.5221106014016363
2903856,56,0.324,179.15800000000002,0.000770928163547,0.000853,-0.10645847477590108
2903858,39,-16.968,-79.67000000000002,0.0014247886138036,0.002044,-0.4345987750023914
2903858,40,-17.045,-79.76600000000002,0.0032097497023642,0.0013156666666666,0.5901030333619093
2903858,41,-16.935,-79.96600000000001,0.0012510180240496,0.0013276666666666,-0.061269015428638746
2903858,44,-16.523,-80.75,0.0032307195942848,0.000977,0.6975905919757536
2903863,52,19.087,-156.475,0.0015954055124893,0.000504,0.6840928553558697
2903863,66,19.496,-158.688,0.0004074841854162,0.0005033333333333,-0.23522176159843045
2903863,74,18.641,-159.144,0.0021194673608988,0.0005836666666666,0.7246163458638565
2903863,75,18.644,-159.305,0.0009612450376152,0.00063,0.34459999755837706
2903863,78,18.737,-159.667,0.0011739553883671,0.000602,0.48720368255445795
2903863,79,18.675,-159.808,0.0016160191735252,0.0005983333333333,0.6297486173829918
2903863,80,18.595,-159.987,0.0008788328850641,0.0005843333333333,0.33510301757690814
2903863,84,18.155,-161.002,0.0006492151878774,0.0004493333333333,0.30788228352699354
2903863,85,18.062,-161.276,0.0007004428189247,0.000463,0.33898958274597707
2903863,86,17.977,-161.552,0.0009880498982965,0.0005729999999999,0.4200697748283654
2903863,87,17.886,-161.82,0.000566600007005,0.00055,0.02929757642035022
2903863,103,18.387,-164.838,0.001464202068746,0.000915,0.37508625378214233
2903863,105,18.177,-165.024,0.0008799857459962,0.0004853333333333,0.4484759150457924
2903863,108,17.927,-165.033,0.0006467758794315,0.00049,0.24239598973496373
2903863,109,17.841,-164.987,0.0014526775339618,0.0004583333333333,0.6844906576869024
2903863,110,17.8,-165.004,0.0013652109773829,0.000466,0.6586608167381435
2903863,111,17.8,-165.096,0.0006348392926156,0.000459,0.276982371225204
2903863,112,17.916,-165.235,0.0009806219022721,0.0004836666666666,0.5067755823667157
2903863,113,18.04,-165.402,0.001147212809883,0.00046,0.5990281872402439
2903863,114,18.142,-165.479,0.0032497725915163,0.0005253333333333,0.8383476632473577
2903863,116,18.127,-165.424,0.0008934226352721,0.000649,0.27358007914995225
2903863,117,17.943,-165.286,2.7922533263335936e-06,0.0004766666666666,-1.0
2903863,118,17.657,-165.101,0.0007699545240029,0.000464,0.39736700605677283
2903863,122,17.3,-163.816,0.0008201602031476,0.0004883333333333,0.40458787020001613
2903884,0,0.513,-139.96,0.0008400063379667,0.0013673333333333,-0.6277654959640372
2903884,1,0.524,-139.927,0.0008214268600568,0.0015469999999999,-0.8833082715275808
2903884,5,0.536,-139.805,0.001367284101434,0.0011516666666666,0.1576976098392877
2903884,6,0.536,-139.777,0.0017151506617665,0.001089,0.365070355464635
2903884,7,0.539,-139.749,0.001676041050814,0.001001,0.4027592584836475
2903884,8,0.54,-139.72,0.0012587150558829,0.0010083333333333,0.19891850929992644
2903884,9,0.54,-139.692,0.0027131412643939,0.0009303333333333,0.6571010343093466
2903884,10,0.522,-139.67,0.0027131412643939,0.0011963333333333,0.5590596962150609
2903884,11,0.494,-139.652,0.0025289945770055,0.0009453333333333,0.6262019136266246
2903884,12,0.462,-139.624,0.0026031115557998,0.00095,0.6350521367847738
2903884,15,0.943,-138.307,0.0030484301969408,0.001034,0.6608090285164957
2903884,16,0.362,-138.387,0.0026806041132658,0.0008676666666666,0.6763167442843638
2903884,17,-0.347,-138.044,0.000796929874923,0.001073,-0.34641708607507543
2903884,18,-0.227,-137.417,0.0008114423253573,0.001224,-0.5084251360206528
2903884,19,0.154,-136.761,0.000525064242538,0.0009353333333333,-0.7813693212323594
2903884,20,0.513,-136.033,0.0010555394692346,0.0015913333333333,-0.5076019227279285
2903884,21,0.448,-135.653,0.0012241646181792,0.0010706666666666,0.12538995918776832
2903884,24,1.097,-133.798,0.0023612813092768,0.001121,0.5252577506983556
2903885,3,-11.969,95.05700000000002,0.0014442019164562,0.000697,0.517380504721731
2903885,4,-11.977,95.05399999999997,0.0012362636625766,0.000661,0.46532441257526336
2903885,7,-11.91,94.79899999999998,0.0063497209921479,0.0006396666666666,0.8992606655540274
2903885,8,-11.729,94.29000000000002,0.0013241750421002,0.000716,0.4592859877011483
2903886,48,32.079,-119.565,0.0016486211679875,0.0019256666666666,-0.16804679210645718
2903886,50,32.669,-120.155,0.001498625264503,0.0017393333333333,-0.16061925187823908
2903886,51,33.209,-120.641,0.0083052646368741,0.002238,0.7305323673777204
2903886,53,33.603,-120.404,0.0043540447950363,0.0070853333333333,-0.6272991360609621
2903886,54,33.541,-120.601,0.0025801414158195,0.006051,-1.0
2903886,56,33.728,-120.975,0.002844467293471,0.0025583333333333,0.10059316231002995
2903886,59,33.025,-121.377,0.0037512525450438,0.001412,0.6235923913292505
2903886,61,33.073,-121.632,0.003719663945958,0.0017086666666666,0.5406395062856861
2903886,64,33.247,-121.839,0.0030394133646041,0.0023656666666666,0.22166997940579855
2903886,68,33.281,-122.316,0.0006876324187032,0.001121,-0.6302314572574751
2903886,72,32.336,-122.331,0.0008776521426625,0.0011753333333333,-0.33917901660643796
2903886,77,32.073,-123.12,0.0020051435567438,0.0012553333333333,0.3739434121256308
2903886,79,31.803,-123.041,0.0012436308898031,0.0008073333333333,0.3508256027147071
2903886,80,31.834,-122.998,0.0009071951499208,0.0016863333333333,-0.8588429771483238
2903886,81,32.001,-122.818,0.0008314311271533,0.0011553333333333,-0.38957190271308967
2903886,85,31.982,-122.107,0.0019920081831514,0.0005536666666666,0.7220560280075319
2903887,32,15.264,158.966,0.0029439439531415,0.000343,0.8834896297417678
2903887,33,15.329,158.627,0.0014379220083355,0.000376,0.73851154803921
2903887,34,15.568,158.10699999999997,0.000536678766366,0.000339,0.3683372228503421
2903887,40,16.603,156.308,0.0009002889855764,0.0003803333333333,0.5775430562556578
2903887,42,17.298,156.543,0.0016561376396566,0.0003766666666666,0.7725631869916911
2903887,45,17.382,157.29499999999996,0.0015200088964775,0.0003346666666666,0.779825850070902
2903887,47,17.161,156.822,0.0009897170821204,0.0003806666666666,0.615378299977355
2903939,0,-18.965,5.996000000000009,0.0018439219566062,0.0011776666666666,0.36132510248202976
2903939,1,-18.95,5.811000000000007,0.0025135506875813,0.0006976666666666,0.7224377968132643
2903940,0,-15.996,-10.004000000000019,0.0011931989574804,0.0004096666666666,0.6566652492458875
2903940,2,-15.632,-10.009000000000015,0.0013381370808929,0.000517,0.6136419748154495
2903940,3,-15.456,-10.019000000000005,0.0012728824513033,0.0004239999999999,0.6668977566893409
2903940,4,-15.406,-10.011000000000024,0.0010961554944515,0.0004203333333333,0.6165385883107501
2903941,0,-15.987,-19.031999999999982,0.0001162823027698,0.000462,-1.0
2903941,2,-15.875,-19.605000000000018,0.0008446522406302,0.0004333333333333,0.486968349234488
2903941,3,-15.751,-19.944999999999993,0.0008233103435486,0.000401,0.5129418655526353
3902261,25,58.832,-23.88900000000001,0.0007237838581204,0.000877,-0.2116877022893107
3902332,0,41.502,-44.75599999999997,0.0003146674716845,0.0005546666666666,-0.7627073548381705
3902332,1,41.957,-46.14699999999999,0.0012054881080985,0.0007399999999999,0.38614077150279535
3902334,0,37.331,-72.30200000000002,0.0017381033394485,0.000769,0.5575637060544377
3902334,4,38.096,-63.67700000000002,0.002909418195486,0.0018173333333333,0.3753619413830174
3902340,0,20.617,-177.948,0.0012767420848831,0.0004059999999999,0.6820031196535096
3902340,1,20.396,-177.844,0.0022687134332954,0.000404,0.8219255045300395
3902340,3,20.155,-177.195,0.0008889304590411,0.0003853333333333,0.5665202722955813
3902340,13,19.768,-176.429,0.0012002007570117,0.000427,0.6442261867396594
3902340,14,19.892,-176.673,0.0008091998170129,0.000416,0.48591189561110804
3902340,17,20.233,-177.732,0.0020010583102703,0.0004303333333333,0.784947129664017
3902340,19,20.457,-178.428,0.0010508284904062,0.0003926666666666,0.6263265887330349
3902341,2,15.153,154.183,0.0007737910491414,0.0003203333333333,0.5860208854977808
3902341,4,14.583,154.37599999999998,0.0003524648491293,0.0003233333333333,0.08265083984392792
3902341,10,14.806,158.40999999999997,0.0019219832029193,0.00036,0.8126934723190108
3902341,11,15.113,158.185,0.0007019332842901,0.0003586666666666,0.4890302615734522
3902341,12,15.38,157.591,0.0005812325398437,0.0003643333333333,0.3731711348589098
3902341,13,15.632,156.812,0.0011252135736867,0.0003743333333333,0.6673224158620683
3902341,16,16.173,154.62599999999998,0.0006320298998616,0.0003563333333333,0.4362081075415439
3902341,17,16.109,154.065,0.000895143894013,0.0004163333333333,0.5348978682445733
3902342,1,21.258,-173.378,0.0008593786042183,0.0003903333333333,0.5457958443259693
3902342,86,22.349,-177.616,0.0020329500548541,0.0003756666666666,0.8152110693670924
3902342,87,22.377,-177.626,0.0017744654323905,0.000395,0.7773977487586956
3902342,88,22.363,-177.635,0.000731153297238,0.0003693333333333,0.4948619739136905
3902342,89,22.363,-177.649,0.0006724959239363,0.000387,0.42453182803728445
3902342,90,22.352,-177.646,0.0006773809436708,0.0003426666666666,0.4941300462194101
3902342,91,22.356,-177.663,0.0005422987742349,0.0003553333333333,0.34476463858023554
3902342,92,22.358,-177.661,0.0005248867091722,0.0003686666666666,0.2976262110960573
3902342,93,22.356,-177.675,0.0006980934413149,0.0003569999999999,0.48860714215067036
3902342,95,22.366,-177.693,0.0003626763937063,0.0003586666666666,0.01105593611628093
3902342,96,22.371,-177.687,0.0017785537056624,0.0005206666666666,0.7072527722896711
3902342,97,22.362,-177.707,0.0006060295854695,0.000355,0.4142200174518274
3902342,98,22.369,-177.709,0.0005567427724599,0.0003676666666666,0.33961124444937163
3902342,99,22.364,-177.719,0.0008145701722241,0.0003596666666666,0.5584583392188703
3902342,100,22.363,-177.73,0.0006751059554517,0.0003433333333333,0.4914378542201091
3902342,101,22.361,-177.728,0.0009197792387567,0.000377,0.5901190371402544
3902342,102,22.364,-177.751,0.0006943474290892,0.00035,0.4959295802979968
3902342,103,22.362,-177.739,0.0006295245257206,0.0003663333333333,0.4180793307235044
3902342,104,22.369,-177.752,0.0005345827667042,0.0003783333333333,0.29228295991321646
3902342,105,22.364,-177.728,0.0011359647614881,0.0003576666666666,0.6851428153474929
3902342,106,22.366,-177.726,0.0011359647614881,0.0003716666666666,0.6728184893871872
3902342,107,22.357,-177.713,0.0011359647614881,0.000373,0.6716447440575757
3902342,108,22.354,-177.701,0.0006738739903084,0.000373,0.44648405285787085
3902342,109,22.35,-177.69,0.0006647520931437,0.000367,0.447914487543155
3902342,110,22.35,-177.668,0.0008307243697345,0.0003943333333333,0.5253138734098661
3902342,111,22.347,-177.648,0.0020313379354774,0.0003943333333333,0.8058750705895597
3902342,112,22.346,-177.614,0.0020313379354774,0.0003923333333333,0.8068596433507284
3902342,113,22.349,-177.62,0.0024097675923258,0.0003856666666666,0.8399569037716322
3902342,114,22.363,-177.615,0.0024097675923258,0.0003803333333333,0.8421701185854944
3902342,120,22.412,-177.636,0.0030050578061491,0.0003943333333333,0.8687767894093766
3902342,121,22.433,-177.642,0.0029692512471228,0.0003756666666666,0.8734810107327157
3902342,122,22.444,-177.643,0.0014240519376471,0.0003996666666666,0.7193454423249813
3902342,123,22.451,-177.655,0.0001047095720423,0.0003843333333333,-1.0
3902342,124,22.449,-177.663,0.000579870713409,0.0003656666666666,0.3693996640787677
3902342,125,22.441,-177.674,0.0005944783915765,0.0003689999999999,0.3792877836630072
3902342,126,22.434,-177.676,0.0007468203548341,0.000373,0.5005492317053156
3902342,127,22.433,-177.665,0.0006018107524141,0.0003703333333333,0.38463490084258695
3902342,128,22.43,-177.66,0.0011576237156987,0.0003556666666666,0.6927614199300224
3902342,129,22.438,-177.65,0.0009704310796223,0.000401,0.586781577362431
3902342,130,22.439,-177.639,0.0012283039977774,0.0003796666666666,0.6909017088981214
3902342,131,22.446,-177.641,0.0010559746297076,0.000389,0.631619937585324
3902342,132,22.457,-177.644,0.0010559746297076,0.0003656666666666,0.6537164280472786
3902342,133,22.461,-177.654,0.0015804310096427,0.0003816666666666,0.7585046962898517
3902342,134,22.466,-177.662,0.0015804310096427,0.0003696666666666,0.766097561734015
3902342,135,22.462,-177.658,0.0015804310096427,0.0003716666666666,0.7648320841599877
3902342,136,22.46,-177.655,0.0015804310096427,0.0003683333333333,0.7669412134500121
3902342,137,22.463,-177.65,0.0016320555005222,0.0003696666666666,0.7734962649564798
3902342,138,22.462,-177.64,0.0016320555005222,0.0003816666666666,0.7661435738279242
3902342,139,22.469,-177.64,0.0016320555005222,0.0003796666666666,0.7673690223493501
3902343,0,19.535,172.06,0.0016800510929897,0.0006649999999999,0.6041787045794463
3902343,2,19.924,172.149,0.0010444043437018,0.000308,0.705095060301721
3902343,4,21.007,171.171,0.002881015650928,0.0003176666666666,0.8897379587076257
3902343,10,20.375,171.87900000000002,0.0013573605101555,0.0003699999999999,0.7274121375775751
3902343,18,20.82,173.019,0.0023827266413718,0.0004046666666666,0.8301665580766652
3902344,12,20.956,178.01999999999998,0.0003899315779563,0.000445,-0.14122585898870582
3902344,18,20.356,178.92899999999997,0.0013399866875261,0.0004813333333333,0.6407924512877485
3902345,2,14.24,149.053,0.0009085503406822,0.0003896666666666,0.5711116388179301
3902345,4,14.185,150.74099999999999,0.0011690951650962,0.0003979999999999,0.6595657805434939
3902345,6,13.262,151.40800000000002,0.0009152932325378,0.0004199999999999,0.5411306616619665
3902345,9,14.12,151.849,0.0006324731511995,0.0004043333333333,0.3607106759133215
3902345,10,14.218,152.459,0.0004799462913069,0.0004156666666666,0.13393087060901288
3902345,12,14.021,153.529,0.0006713258917443,0.0004323333333333,0.356000805793484
3902348,3,25.025,-67.60899999999998,0.0005939244874753,0.0003493333333333,0.41182197282642274
3902348,6,26.318,-68.77300000000002,0.0008337416220456,0.000374,0.5514197802883053
3902348,11,26.539,-66.29399999999998,0.0005806460394524,0.0003393333333333,0.41559347644337497
3902348,12,26.36,-66.23700000000002,0.0016812689136713,0.000335,0.8007457359878987
3902533,22,-4.052,166.947,0.0012293105246499,0.0008969999999999,0.2703226873817256
3902533,39,-4.596,-177.393,0.0012985926587134,0.0005823333333333,0.5515658205628119
3902556,33,-14.718,-79.79199999999997,0.0055515053682029,0.001129,0.7966317376784825
3902556,45,-13.864,-81.22199999999998,0.0028533712029457,0.0008716666666666,0.6945134002310221
3902615,4,26.241,-37.535000000000025,0.0007702935836277,0.0006356666666666,0.17477351469951777
3902615,5,26.044,-37.40899999999999,0.0021938120480626,0.0006253333333333,0.7149558304752932
3902615,6,25.762,-37.33600000000001,0.0013089759740978,0.0006063333333333,0.5367880348214872
4903026,310,36.5,-126.986,0.0040450072847306,0.0011473333333333,0.7163581539978084
4903026,319,37.038,-126.81,0.0018199675250798,0.0009386666666666,0.48423988135423335
4903026,325,37.248,-126.282,0.002342639490962,0.0005856666666666,0.7499970998840726
4903026,326,37.234,-126.156,0.0014854631153866,0.000716,0.5179954368549522
4903026,327,37.198,-126.014,0.0016790616791695,0.001412,0.15905412081204454
4903026,328,37.132,-125.874,0.0011000540107488,0.000575,0.47729839227748366
4903026,331,37.004,-125.468,0.0010410688119009,0.0009729999999999,0.0653835857177513
4903026,332,37.0,-125.37,0.0018152149859815,0.0008266666666666,0.5445902149052525
4903026,333,37.039,-125.293,0.0010630299802869,0.0008516666666666,0.19883099963300702
4903026,334,37.097,-125.228,0.0005983484443277,0.0008776666666666,-0.46681532305601614
4903026,335,37.17,-125.162,0.0007775455596856,0.0011403333333333,-0.4665807284583981
4903026,343,37.56,-125.49,0.0061138994060456,0.0049383333333333,0.19227762752358443
4903026,348,37.558,-125.954,0.0011554535012692,0.0019356666666666,-0.675244105055184
4903026,349,37.554,-126.081,0.0020788775291293,0.0016316666666666,0.215121312437297
4903026,350,37.536,-126.239,0.001141648273915,0.001009,0.11619014099685504
4903026,351,37.514,-126.404,0.0022618153598159,0.0022373333333333,0.010824060583173697
4903026,352,37.505,-126.58,0.0038860640488564,0.0014233333333333,0.6337339489419477
4903026,354,37.517,-126.953,0.006320524495095,0.001907,0.6982845329560997
4903026,368,38.175,-127.371,0.0006952594267204,0.001174,-0.6885783275717116
4903026,369,38.071,-127.152,0.0010302425362169,-8.899999999999995e-05,1.0
4903026,373,38.045,-126.612,0.0007053433801047,0.0012063333333333,-0.7102780962575049
4903026,374,38.118,-126.513,0.0013155901106074,0.0007483333333333,0.4311804814435713
4903026,375,38.223,-126.425,0.0019618808291852,0.001008,0.4862073246219353
4903026,397,38.4,-126.159,0.0011959053808823,0.001211,-0.012621917552176006
4903026,398,38.342,-125.995,0.0021045960020273,0.0013183333333333,0.3735931589419606
4903026,402,37.851,-126.003,0.002979464828968,0.000904,0.6965898065951934
4903026,415,37.388,-126.423,0.0007609648164361,0.001779,-1.0
4903273,112,38.475,-66.75999999999999,0.0035985303111374,0.0048146666666666,-0.33795362283465424
4903273,118,37.738,-61.339,0.0014478630619123,0.0004306666666666,0.7025501388938077
4903273,120,37.948,-59.91500000000002,0.0007136889034882,0.0004866666666666,0.3180969126912502
4903274,109,27.114,-74.32999999999998,0.0010052968282252,0.0004863333333333,0.5162291179293815
4903274,110,27.173,-74.09100000000001,0.0017280477331951,0.000522,0.6979250109979079
4903274,111,27.494,-73.993,0.001482855877839,0.0005223333333333,0.6477517868462656
4903274,112,28.001,-74.589,0.0035989747848361,0.0004316666666666,0.8800584353951625
4903274,113,28.735,-75.11000000000001,0.0007591806352138,0.0006326666666666,0.16664541043196024
4903274,119,29.346,-76.44299999999998,0.0009346941369585,0.000745,0.20294781946077656
4903274,121,28.39,-75.476,0.001895536435768,0.0005826666666666,0.6926112019416154
4903274,122,28.414,-74.87900000000002,0.0007326334598474,0.000578,0.2110652438391342
4903274,125,28.445,-76.65300000000002,0.0010103287640959,0.0004403333333333,0.5641682697935108
4903274,136,23.662,-71.84199999999998,0.0012603898067027,0.0004053333333333,0.6784063698565679
4903274,138,23.0,-71.608,0.0025475944858044,0.0004146666666666,0.8372320756002619
4903274,139,22.367,-71.42000000000002,0.0017742394702509,0.0003966666666666,0.7764300291377767
4903274,140,22.172,-70.62099999999998,0.0013187362346798,0.000445,0.6625557194096137
4903274,141,23.079,-70.93,0.0011991444043815,0.0004556666666666,0.6200068440450875
4903274,143,23.17,-69.37,0.0009926859056577,0.0004646666666666,0.5319096765469465
4903274,144,22.654,-69.29399999999998,0.0021093906834721,0.0004506666666666,0.7863522057825754
4903456,63,37.642,-50.685,0.0041834935545921,0.0010223333333333,0.7556268893467962
4903456,65,38.326,-52.259000000000015,0.0032171164639294,0.0007936666666666,0.7532987457665079
4903456,66,38.408,-52.12299999999999,0.0021789933089166,0.000611,0.7195952839782741
4903456,67,37.904,-51.98700000000002,0.0011917665833607,0.0006386666666666,0.4641008771486075
4903456,68,37.508,-52.55799999999999,0.0009971564868465,0.0006416666666666,0.3565035426928164
4903456,69,37.169,-53.036,0.0004724037135019,0.0005093333333333,-0.07817385591159517
4903456,70,37.235,-52.932000000000016,0.0013144140830263,0.0005913333333333,0.5501164047391996
4903458,68,13.316,-58.291,0.0024457226973026,0.0008873333333333,0.6371897213400586
4903458,69,13.267,-57.696000000000026,0.0008443393162451,0.0007623333333333,0.0971244395872652
4903458,70,13.077,-57.141999999999996,0.0004119538934901,0.0007956666666666,-0.9314459196529509
4903458,71,14.051,-56.93000000000001,0.0020469923038035,0.0006263333333333,0.6940226242328732
4903458,84,14.51,-55.07900000000001,0.0005219575250521,0.0005983333333333,-0.14632571543743236
4903458,85,14.021,-55.089999999999975,0.0017695343121886,0.0006476666666666,0.6339903316904032
4903459,51,4.406,-28.380999999999972,7.015295523160603e-06,0.0011943333333333,-1.0
4903459,75,3.016,-23.281000000000006,0.0006496986607089,0.0005976666666666,0.08008634954784542
4903459,81,3.207,-24.48599999999999,0.0004914727760478,0.000889,-0.808848919667398
4903462,56,7.713,-55.17599999999999,0.0011529120383784,0.0011099999999999,0.03722056579342938
4903462,66,10.102,-53.23599999999999,0.0007859752513468,0.0007053333333333,0.10260109065179446
4903462,67,10.782,-53.16300000000001,0.0009783778805285,0.0006793333333333,0.3056534220026133
4903462,68,10.618,-52.98599999999999,0.0011636627605184,0.0009406666666666,0.19163292099547594
4903462,82,10.662,-51.06,4.9454006330051925e-06,0.0006616666666666,-1.0
4903463,50,5.378,-22.46199999999999,0.0039662979543209,0.001005,0.7466151026538113
4903463,72,5.783,-22.283999999999992,0.0005998637061566,0.000793,-0.3219669599296945
4903463,74,5.671,-22.692000000000007,0.0003226391563657,0.0009626666666666,-1.0
4903463,80,5.638,-23.110000000000014,1.8031293153762815,0.0008976666666666,0.9995021617922731
4903485,35,28.501,-16.067000000000007,0.0009562039631418,0.000794,0.16963322616740298
4903485,37,28.198,-16.007000000000005,0.0004285404866095,0.0004646666666666,-0.0843005064537095
4903485,38,27.913,-16.494000000000028,0.0008353405282832,0.0005836666666666,0.3012829535924021
4903485,40,27.555,-16.99000000000001,0.0042915283702313,0.0005213333333333,0.8785203572345948
4903485,41,27.237,-17.101999999999975,0.000954425020609,0.0005733333333333,0.3992892883639334
4903485,43,26.816,-16.795000000000016,0.0011866834247484,0.0005896666666666,0.5030969048955741
4903485,46,27.651,-17.25799999999998,0.0005037473747506,0.0006966666666666,-0.3829683321158989
4903485,47,27.799,-17.052999999999997,7.708731573075056e-06,0.0006216666666666,-1.0
4903485,53,26.184,-15.649000000000001,0.0014114371733739,0.0007036666666666,0.5014537806280425
4903485,63,25.616,-16.581999999999994,3.583038568496704,0.0007116666666666,0.9998013790102837
4903485,67,26.063,-16.649,0.0011510875774547,0.0009273333333333,0.19438507417147907
4903485,69,25.873,-16.778999999999996,0.0014408457791432,0.0012823333333333,0.11001347132665341
4903485,71,25.628,-16.548999999999978,0.0009437591070309,0.0009243333333333,0.02058340264256013
4903486,49,4.783,-19.59699999999998,4.103306770324707,0.001106,0.9997304612933162
4903486,62,4.927,-21.642999999999972,0.0009942353935912,0.0007126666666666,0.28320127078514834
4903487,37,25.341,-22.88900000000001,0.0009802692802622,0.0008449999999999,0.13799196097027386
4903487,41,25.517,-22.307999999999993,0.0012691000010818,0.0009099999999999,0.28295642642486624
4903487,47,26.061,-24.089,0.0019290485652163,0.0006193333333333,0.6789436282212753
4903487,49,26.358,-24.649,0.0016989067662507,0.0005639999999999,0.668021806020241
4903487,50,26.509,-24.75999999999999,0.0008709919056855,0.0005683333333333,0.3474872388326015
4903487,53,26.414,-24.25400000000002,0.0011376128531992,0.0005536666666666,0.513308358718367
4903487,55,26.191,-24.267999999999972,0.008018871769309,0.0005183333333333,0.9353608153060706
4903487,58,25.55,-23.514999999999986,0.0009480566950514,0.00057,0.3987701337111524
4903487,65,26.679,-23.713000000000022,0.0015236038016155,0.0007563333333333,0.5035892319700513
4903487,71,26.84,-22.911,0.0022999185603111,0.0008573333333333,0.6272331776750685
4903487,75,26.568,-22.706999999999994,0.0007718933047726,0.000615,0.20325776088810724
4903488,42,54.455,-16.821000000000026,0.002087760483846,0.0008286666666666,0.6030834604455876
4903488,70,55.103,-25.011000000000024,0.0009579241159372,0.0009683333333333,-0.010866432134779254
4903489,42,-2.217,-17.089999999999975,0.0004648520553018,0.0008386666666666,-0.8041582415336532
4903489,44,-2.636,-16.613999999999976,0.0009570300462655,0.0009733333333333,-0.017035292811775706
4903489,72,-2.635,-16.50400000000002,0.0006439387798309,0.0006406666666666,0.00508140411291779
4903489,74,-2.655,-17.165999999999997,0.0018756359349936,0.0006773333333333,0.6388780356057685
4903489,78,-3.314,-19.93599999999998,0.0014042818220332,0.0006836666666666,0.5131556529894062
4903533,35,41.488,-27.726999999999975,0.0020177618134766,0.0011953333333333,0.4075944319345886
4903533,37,41.134,-28.24200000000002,0.0037892535328865,0.0021226666666666,0.43981930788103313
4903533,43,40.865,-28.25,0.0043347310274839,0.0006879999999999,0.8412819629089534
4903533,44,41.144,-28.28800000000001,0.0026085991412401,0.0008156666666666,0.6873162097727131
4903533,45,41.204,-28.432999999999993,0.0016795254778116,0.0008506666666666,0.49350773304433126
4903533,46,41.094,-28.697000000000003,0.0033321103546768,0.00086,0.7419053067096224
4903533,47,41.071,-29.007000000000005,0.0007259984267875,0.0006953333333333,0.04223851226495249
4903564,0,25.404,-29.01400000000001,0.0009270242298953,0.000718,0.22547871258867486
4903564,2,25.184,-29.22800000000001,2.259810798932449e-06,0.0008376666666666,-1.0
4903564,5,24.402,-29.023000000000025,0.0009536896832287,0.000876,0.08146222465748283
4903564,6,24.178,-28.84699999999998,0.0015627520624548,0.000676,0.5674297822150197
4903565,0,18.238,-49.012,0.0032680300064384,0.0005073333333333,0.8447586673519539
4903565,4,16.114,-49.32400000000001,0.0020945842843502,0.000562,0.7316890018706751
4903570,13,31.882,-65.34100000000001,0.0015182392671704,0.000945,0.37756846339428946
4903570,14,32.27,-65.25599999999997,0.0012825363082811,0.0008313333333333,0.35180522534486214
4903570,16,32.632,-64.839,0.0006859387503936,0.000612,0.10779205920524684
4903570,17,32.675,-64.78899999999999,0.0012172181159257,0.0005653333333333,0.5355529744943359
4903570,19,32.568,-64.85399999999998,0.0013738715788349,0.000611,0.5552713882340056
4903570,20,32.926,-64.47300000000001,0.0018185034859925,0.0004586666666666,0.7477779557753942
4903570,21,32.941,-65.21499999999997,0.0019324510358273,0.0004746666666666,0.7543706630251612
4903570,24,33.239,-65.64100000000002,9.126650547841564e-05,0.000502,-1.0
4903570,25,33.268,-67.80099999999999,0.0010651487391442,0.000543,0.4902120426521121
4903570,30,32.016,-66.32100000000003,0.0030500823631882,0.00046,0.8491844005421645
4903570,32,31.471,-67.03699999999998,0.0013930851127952,0.0004273333333333,0.6932467877171816
4903570,43,31.633,-68.70999999999998,0.0023896906059235,0.0006296666666666,0.7365070335440916
4903570,44,32.005,-68.32600000000002,0.0007711465586908,0.0006963333333333,0.0970155731285539
4903570,45,32.175,-67.719,0.0011269426904618,0.0007506666666666,0.3338910017163421
4903570,48,32.145,-66.54599999999999,0.0027969263028353,0.0006526666666666,0.7666486006424342
4903570,49,32.286,-66.75299999999999,0.0011436756467446,0.0006503333333333,0.4313655841283038
4903571,5,19.99,-22.78800000000001,0.0020299712195992,0.001011,0.5019633824170113
4903571,14,19.998,-23.13299999999998,0.0013878806494176,0.0012406666666666,0.10607106800773951
4903571,17,20.153,-23.944000000000017,0.0021698339842259,0.000811,0.6262386865097752
4903571,23,20.972,-26.687999999999988,0.0004318209830671,0.0006763333333333,-0.5662354537046791
4903571,28,22.27,-28.32299999999998,0.0011165043106302,0.0006216666666666,0.44320262739003113
4903571,32,20.632,-28.754999999999995,0.0022592390887439,0.0009683333333333,0.5713896160181623
4903571,34,20.311,-28.76400000000001,0.00139707676135,0.0006116666666666,0.5621810600617647
4903571,38,20.241,-28.899999999999977,0.0017517210217192,0.0006116666666666,0.6508195888028511
4903587,99,32.848,-155.995,0.0034353288356214,0.0006163333333333,0.8205897127103366
4903747,31,-26.227,108.80599999999998,0.0014468849403783,0.0006246666666666,0.568267904907991
4903830,5,26.97,-35.94,0.0033057713881134,0.0006483333333333,0.80387835176246
4903831,0,-19.997,7.968999999999994,0.0012111922260373,0.0011653333333333,0.03786260489306329
4903831,1,-19.892,8.197000000000003,0.0008092335774563,0.0018806666666666,-1.0
5906026,115,53.889,-137.834,0.0020713075064122,0.0028623333333333,-0.38189685716500377
5906036,198,-31.222,48.506,0.0007646214216947,0.000795,-0.03973022131392706
5906036,216,-31.864,49.03800000000001,0.0018329181475564,0.000501,0.7266653720091535
5906304,127,-33.862,-166.957,0.0013267858885228,0.0005016666666666,0.621893275315779
5906304,135,-35.38,-168.318,0.0006490017403848,0.0006093333333333,0.06112218902214375
5906304,141,-32.012,-171.844,0.0017613118980079,0.0003623333333333,0.7942821292792546
5906305,127,-30.61,-80.36900000000003,0.0025014204438775,0.0003923333333333,0.8431557820303345
5906305,140,-30.584,-80.233,0.0028896103613078,0.000718,0.75152359307189
5906305,149,-29.464,-80.41199999999998,0.0009322174591943,0.0007103333333333,0.23801756089482676
5906305,151,-29.336,-80.23500000000001,0.0027817788068205,0.0007913333333333,0.7155297425542713
5906305,155,-29.293,-80.11200000000002,0.0027886962052434,0.0006519999999999,0.7661989861878867
5906305,159,-29.255,-79.798,0.0027990920934826,0.0005426666666666,0.8061276126176257
5906306,135,-37.299,-87.344,0.0016768896020948,0.0006943333333333,0.5859397467394832
5906307,152,-38.241,-152.47,0.000802855414804,0.000538,0.32989179610709707
5906308,124,-36.818,-77.106,0.0014521983684971,0.0014733333333333,-0.014553772607576235
5906308,132,-36.65,-75.80700000000002,0.0041884896345436,0.0012406666666666,0.7037913962029443
5906308,135,-37.137,-76.96199999999999,0.0058329431340098,0.002306,0.6046592694253197
5906308,138,-37.406,-77.58100000000002,0.0066584199666976,0.002015,0.6973756521700167
5906308,140,-37.6,-77.81700000000001,0.0085573764517903,0.0018393333333333,0.7850587333985417
5906308,144,-37.521,-78.055,0.0025155562907457,0.001554,0.38224399679828297
5906308,145,-37.456,-78.113,0.0018772429320961,0.0018793333333333,-0.001113548599096746
5906308,147,-37.322,-78.35300000000001,0.0062085948884487,0.0016169999999999,0.7395545966433753
5906308,148,-37.285,-78.531,0.0014445135602727,0.0018373333333333,-0.27193913845048456
5906308,150,-37.089,-78.92200000000003,0.0036655236035585,0.0015763333333333,0.5699568455096043
5906308,154,-36.368,-78.53300000000002,0.0011301705380901,0.00091,0.19481178341648425
5906308,155,-36.616,-78.24900000000002,0.0008251913823187,0.000668,0.19049081908370027
5906310,149,-34.161,-156.617,0.0020736092701554,0.0003046666666666,0.8530742165114994
5906339,140,13.572,-56.519000000000005,0.0029687394853681,0.0005393333333333,0.8183291811250232
5906488,93,-36.158,-45.71199999999999,0.0013840823667123,0.001248,0.098319558131172
5906488,95,-38.235,-47.22300000000001,0.0019514496671035,0.0008839999999999,0.547003432934038
5906510,102,27.064,133.50599999999997,0.000932234339416,0.0008386666666666,0.10036926209778498
5906513,74,27.262,137.07799999999997,0.0039431783370673,0.00044,0.8884148870813574
5906537,51,-11.507,58.285,0.0012796324444934,0.0004276666666666,0.6657894471908994
5906537,59,-11.239,58.45600000000002,0.0025543614756315,0.0004443333333333,0.8260491564830502
5906537,66,-11.664,58.97300000000001,0.0024822049308568,0.0006666666666666,0.7314215847454295
5906537,69,-11.529,58.476,0.001125814160332,0.0005103333333333,0.5466984238474991
5906537,71,-11.282,58.38900000000001,0.0012216933537274,0.0004146666666666,0.6605804022740671
5906537,72,-11.033,58.22300000000001,0.0025962754152715,0.0004406666666666,0.8302696762929835
5906537,73,-10.992,58.143,0.000655165000353,0.00041,0.37420344527089544
5906537,74,-10.944,57.90699999999998,0.0014200517907738,0.000479,0.6626883588950032
5906537,85,-10.465,57.53800000000001,0.0038672084920108,0.0004023333333333,0.895962854300596
5906537,87,-11.111,58.037000000000006,0.0001706198090687,0.0004993333333333,-1.0
5906537,88,-11.852,58.087999999999994,0.0010164065752178,0.0007303333333333,0.28145552071344965
5906537,89,-11.49,58.514999999999986,0.0012952691176906,0.000651,0.4974017436926927
5906538,53,-25.889,52.47200000000001,0.0002812306047417,0.0006343333333333,-1.0
5906538,56,-24.827,52.405,0.000884763430804,0.000619,0.30037795590454747
5906538,58,-25.116,51.857,0.001392837264575,0.000588,0.5778401289547506
5906538,59,-25.286,51.351,7.011437992332503e-05,0.0005996666666666,-1.0
5906538,60,-25.441,50.99799999999999,0.0010005941148847,0.0006306666666666,0.3697077993115393
5906538,61,-25.805,50.803,0.0007460163906216,0.000685,0.08178961131237296
5906538,73,-27.128,50.34700000000001,0.0014101669657975,0.0005986666666666,0.575463983211355
5906538,74,-27.676,49.57900000000001,0.0009546597721055,0.0007883333333333,0.17422587987065535
5906538,75,-28.319,49.46600000000001,0.0015239953063428,0.000824,0.4593159200881073
5906538,76,-28.672,49.75399999999999,0.0024368532467633,0.0007356666666666,0.6981079317584126
5906538,78,-28.519,50.75399999999999,0.0011744569055736,0.0007043333333333,0.40029018519899934
5906538,80,-28.303,50.85300000000001,0.001602625590749,0.0008659999999999,0.45963673299690166
5906538,81,-28.154,50.869,0.0010302017908543,0.0006933333333333,0.3269926926079697
5906539,53,-7.814,76.41500000000002,0.0014088329626247,0.0006479999999999,0.5400448334253511
5906539,73,-10.65,77.81200000000001,0.0019472129642963,0.0005903333333333,0.696831654185992
5906539,79,-11.367,75.707,0.0009031636291183,0.0005936666666666,0.3426809411643843
5906539,84,-12.881,75.53399999999999,0.0010913506848737,0.0004776666666666,0.5623160609260263
5906539,87,-13.575,75.07499999999999,0.0005447771982289,0.0006053333333333,-0.11115761691434825
5906540,59,-12.626,46.554,0.0007336151320487,0.0006656666666666,0.09262140653007855
5906540,60,-11.906,46.781000000000006,0.00344048300758,0.000559,0.8375228132885926
5906540,61,-11.729,46.62700000000001,0.0004430299741216,0.0005716666666666,-0.29035663512395365
5906540,64,-12.011,47.66899999999998,0.0005384742398746,0.0005853333333333,-0.0870219780051364
5906540,65,-12.929,47.56100000000001,3.778178097491036e-06,0.0005223333333333,-1.0
5906540,66,-13.354,47.52000000000001,0.0006037824205122,0.000532,0.11888789417105851
5906540,67,-13.201,47.623999999999995,2.5869719593174523e-06,0.0005286666666666,-1.0
5906540,68,-13.363,47.506,0.0008168736821971,0.0004503333333333,0.4487111738964789
5906540,70,-13.207,47.638000000000005,0.0021872436627745,0.0005083333333333,0.7675918133928968
5906540,72,-12.793,47.39699999999999,3.360119990247767e-06,0.0005583333333333,-1.0
5906540,74,-12.823,47.364000000000004,0.0011762933572754,0.0004996666666666,0.5752193416921461
5906540,76,-13.005,47.238,0.0015035935211926,0.0004779999999999,0.6820949323985073
5906540,83,-12.888,47.033000000000015,0.0003825429594144,0.0005013333333333,-0.3105281929662102
5906540,86,-13.436,47.345,0.0010041501373052,0.000762,0.24114933445614944
5906540,87,-13.636,47.209,0.0005338354967534,0.0007353333333333,-0.3774530502473872
5906540,88,-13.524,47.30799999999999,0.0003266742278356,0.0007396666666666,-1.0
5906540,89,-13.75,47.28800000000001,0.0026690533850342,0.0006833333333333,0.743979143630151
5906540,90,-13.834,47.21600000000001,0.0005322091164998,0.00082,-0.5407477522988056
5906540,91,-13.608,47.41,0.001000328338705,0.0007363333333333,0.2639083540444943
5906541,51,-38.646,-53.766999999999996,0.0018827231833711,0.0008233333333333,0.5626901816447148
5906541,69,-38.954,-40.40199999999999,0.0028058676980435,0.0014663333333333,0.47740467793411717
5906563,70,18.954,-125.731,0.0009929115185514,0.0004996666666666,0.4967661696627464
5906563,75,18.805,-125.654,0.0021433793008327,0.0004729999999999,0.7793204404763356
5906563,77,19.021,-125.698,0.0028394623659551,0.000453,0.8404627561078359
5906563,79,19.03,-125.706,0.0014275186695158,0.0004469999999999,0.6868692441328856
5906564,58,8.485,-162.727,0.0013536680489778,0.000695,0.4865801844663338
5906564,65,7.913,-163.59,0.0014436446363106,0.0005603333333333,0.6118620058982823
5906564,66,8.144,-163.62,0.0007198734674602,0.0005333333333333,0.25912905886785353
5906564,78,10.458,-161.849,0.0015170994447544,0.000482,0.6822884606104184
5906564,81,10.906,-159.85,0.0015618893085047,0.000547,0.6497831203392517
5906564,82,10.896,-159.225,0.0007416731677949,0.0005393333333333,0.27281536294913455
5906564,83,10.688,-158.651,0.0019683591090142,0.0005216666666666,0.7349738346638064
5906564,84,10.52,-158.851,0.0012667027767747,0.0005786666666666,0.5431709180112395
5906564,85,10.346,-159.569,0.0010174392955377,0.001072,-0.05362551328771475
5906564,86,10.155,-160.504,0.0006404594168998,0.000671,-0.047685430636705224
5906564,88,10.151,-162.442,0.0006347577436827,0.0005179999999999,0.18394063695135365
5906566,77,-25.924,-158.566,0.0035809359978884,0.0003503333333333,0.9021671056003558
5906566,81,-25.603,-159.43,0.0012587046949192,0.0003133333333333,0.7510668430823532
5906566,85,-26.367,-160.712,0.001114755636081,0.0003923333333333,0.6480544070514191
5906765,149,4.128,170.78200000000004,0.0012376706581562,0.0009633333333333,0.2216561595082085
5906765,153,4.728,169.288,0.0040173176676034,0.000732,0.8177888679546004
5906767,94,2.262,-173.28,0.0011147875338792,0.0005746666666666,0.4845056576234807
5906767,101,2.421,-171.451,0.0039801006205379,0.0005046666666666,0.8732025356187112
5906767,103,2.145,-169.755,0.0038202251307666,0.0005873333333333,0.8462568793123874
5906767,107,2.628,-168.803,0.0038653023075312,0.0006113333333333,0.8418407449936914
5906767,108,2.527,-169.38,0.0021991550456732,0.000405,0.8158383599206293
5906767,110,2.743,-169.697,0.0016107022529467,0.0006696666666666,0.5842393183212614
5906767,114,2.554,-169.408,0.0009339954704046,0.0008183333333333,0.12383586509385967
5906767,116,2.149,-168.088,0.0008051775512285,0.0006276666666666,0.22046179043499503
5906767,120,1.994,-165.07,0.0026641024742275,0.0008803333333333,0.6695572554548349
5906767,121,1.885,-164.009,0.002332117408514,0.0006186666666666,0.7347189020552753
5906767,122,1.808,-163.298,0.0009651621803641,0.000629,0.34829605552642506
5906767,123,1.7,-161.865,0.001296563190408,0.0005903333333333,0.5446937428884318
5906767,124,2.239,-160.535,0.0009980048052966,0.0008553333333333,0.14295669841078482
5906767,125,2.166,-159.821,0.0008793951710686,0.0005876666666666,0.33173766925227155
6990590,0,21.679,-117.954,0.0003298284718766,0.000422,-0.2794529156290803
6990590,2,22.076,-117.647,0.000594898534473,0.0003876666666666,0.3483482573880931
6990590,3,22.064,-117.515,7.301961886696517e-05,0.000444,-1.0
6990671,4,-15.386,-13.745999999999981,0.0018249440472573,0.0004663333333333,0.7444670514506183
6990671,5,-15.777,-13.76600000000002,0.0008015804341994,0.0004066666666666,0.4926689209015322
6990687,1,30.159,-71.452,0.0009676610352471,0.0010656666666666,-0.10128095257496181
6990687,2,30.215,-71.67899999999997,0.0021827537566423,0.0009053333333333,0.5852334095963432
6990687,3,30.165,-72.18599999999998,0.001745056011714,0.0007469999999999,0.5719335110245578
6990687,5,30.162,-73.02999999999997,0.0014875645283609,0.0011316666666666,0.23924868797890228
6990687,7,30.328,-73.87599999999998,0.0006655752076767,0.000633,0.04894294033338344
7901095,24,-0.475,142.7,0.0012854466913267,0.000501,0.6102522155291235
7901095,35,0.102,147.074,0.0016930447891354,0.0004806666666666,0.7160933545579348
7901095,39,1.469,148.747,0.0005108494660817,0.0004436666666666,0.1315119303743296
7901095,54,0.436,146.01800000000003,0.0011798775522038,0.0004943333333333,0.5810299700931051
7901097,39,8.466,174.098,0.000379260018235,0.0003736666666666,0.01474806544183157
7901097,49,7.229,170.56100000000004,0.0009567584493197,0.0007326666666666,0.2342198104573204
7901097,52,7.441,169.512,0.0013871615519747,0.0007043333333333,0.4922485183282054
7901097,54,8.179,168.752,0.0009173849248327,0.000446,0.5138354817839029
7901098,20,8.111,-169.667,0.003815502859652,0.0004896666666666,0.8716639235565241
7901098,25,7.479,-174.085,0.0025367033667862,0.0005899999999999,0.7674146659302216
7901098,30,7.728,-175.266,0.0030304978135973,0.0005896666666666,0.8054225071468881
7901098,34,7.148,-174.136,0.0012885371688753,0.0004566666666666,0.6455929423710752
7901098,35,6.911,-173.199,0.0007834899588488,0.000415,0.47031867439658176
7901098,37,7.452,-171.889,0.0011714627034962,0.0004109999999999,0.64915656403462
7901098,38,7.052,-170.971,0.0021576762665063,0.0004373333333333,0.7973128128060526
7901098,39,6.626,-170.044,0.004701420199126,0.0003943333333333,0.9161246354013182
7901098,40,7.044,-169.523,0.0013893693685531,0.0003833333333333,0.7240954478991384
7901098,45,7.707,-167.486,0.000612266594544,0.0005646666666666,0.07774379380088692
7901098,48,7.86,-168.532,0.0019492397550493,0.0008306666666666,0.5738509516262196
7901098,49,7.871,-168.91,0.0005089163896627,0.000712,-0.3990510316869533
7901098,50,7.751,-169.545,0.0009023488964885,0.0008703333333333,0.035480248582104905
7901098,51,7.655,-170.205,0.0018012993969023,0.0007576666666666,0.5793777159035519
7901098,52,7.64,-170.684,0.0014497480588033,0.0006386666666666,0.5594636855773479
7901103,25,-49.784,-47.95600000000002,0.0021702270023524,0.0022766666666666,-0.049045405940865115
7901103,26,-50.276,-47.22500000000002,0.0061176600866019,0.003111,0.49147223677672025
7901107,21,-41.871,129.45299999999997,0.0015102978795766,0.001274,0.15645779734713278
7901109,0,8.658,-90.122,0.0024402777198702,0.0022556666666666,0.0756516570636148
7901109,2,10.126,-89.85300000000001,0.0010697189718484,0.0008373333333333,0.2172398963005712
7902101,14,2.682,-93.235,0.0029491428285837,0.0006776666666666,0.770215718242428
7902101,20,2.892,-94.48399999999998,0.0007377892616204,0.0006306666666666,0.145194028330702
7902101,25,2.441,-93.62,0.0014071424957364,0.000793,0.43644655576619534
7902101,26,2.727,-93.961,0.0041379663161933,0.0008363333333333,0.7978878344029923
7902102,14,-1.181,-94.978,0.0045399675145745,0.001497,0.6702619577796024
7902102,22,-0.801,-95.176,0.0023606279864907,0.002149,0.08964902038855578
7902102,23,-1.39,-94.41199999999998,3.910752639058046e-05,0.001614,-1.0
7902102,24,-1.456,-93.98000000000002,0.0035723221953958,0.0011556666666666,0.676494279223726
7902102,25,-1.963,-93.49400000000004,0.0021387811284512,0.00112,0.4763372534472245
7902103,12,7.228,-99.43200000000002,0.0066582262516021,0.000745,0.8881083381898087
7902103,19,7.526,-101.48000000000002,0.0014432690804824,0.0007019999999999,0.513604213176061
7902103,20,7.425,-101.70800000000004,0.0007223865832202,0.0007213333333333,0.001458014187092058
7902103,21,7.283,-102.07,0.0037848316133022,0.0008393333333333,0.778237602332592
7902103,24,7.135,-102.336,0.0009810623014345,0.0005956666666666,0.3928350260777304
7902103,27,7.354,-102.555,0.0015916778938844,0.0005573333333333,0.6498454018399668
7902104,20,11.97,-106.077,0.0014619234716519,0.000981,0.32896624274626396
7902104,21,11.817,-106.022,0.0014126145979389,0.0010626666666666,0.2477306490977069
7902104,22,11.52,-106.082,0.0010108158458024,0.0006013333333333,0.4051010024917516
7902104,23,11.573,-106.15,0.0010626128641888,0.0006276666666666,0.40931764726398123
7902104,24,11.65,-106.149,0.0008127932087518,0.0007153333333333,0.11990734465925021
7902104,26,11.167,-105.802,0.0009953489061444,0.0004883333333333,0.5093847691811748
7902111,0,40.043,-139.964,0.0010605672141537,0.000525,0.5049818691416613
7902111,1,40.058,-139.965,0.0040706205181777,0.000453,0.8887147554096261
7902111,2,40.064,-139.954,0.0040706205181777,0.0004793333333333,0.8822456352310916
7902111,20,40.289,-140.301,0.0033106422051787,0.0003913333333333,0.8817953408794361
7902111,21,40.382,-140.267,0.0010594534687697,0.0003313333333333,0.6872601363813893
7902111,28,40.553,-139.448,2.214508533477783,0.0005273333333333,0.9997618734245719
7902112,10,40.505,-149.605,0.00090071168961,0.0006619999999999,0.2650256373529026
7902112,18,40.636,-149.236,0.0010044737718999,0.0004136666666666,0.5881757411304278
7902136,0,2.961,-140.012,0.0022846064530313,0.0006733333333333,0.7052738197251012
7902136,1,4.005,-139.453,0.0010599449742585,0.00078,0.2641127426962325
7902136,7,3.947,-136.715,0.0001546925341244,0.000863,-1.0
7902136,8,3.748,-136.272,0.0025515961460769,0.0007273333333333,0.714949666132871
7902136,9,3.925,-135.766,0.0016551369335502,0.000899,0.4568425235538172
7902136,10,4.085,-135.307,0.0059368163347244,0.0009336666666666,0.8427327688738508
7902136,13,3.838,-134.27,0.0015202042413875,0.0007043333333333,0.536685062337117
7902226,3,27.225,-46.02199999999999,0.0022663658019155,0.0004766666666666,0.7896779653735826
7902226,4,27.479,-46.221000000000004,0.0009499754523858,0.000401,0.5778838295316839
7902226,5,27.563,-46.293000000000006,0.0005783374072052,0.0004283333333333,0.25937121134320296
7902226,8,26.949,-46.99400000000003,0.0034410271327942,0.0004153333333333,0.8792996052326856
