wmo,profile,lat,lon,giop_bbp_700,bbp700_first3_mean,rel_dbbp_giop
1902368,13,56.348,-147.356,0.00148122664541,0.0013453333333333,0.0917437668960411
1902369,4,45.006,-133.357,0.0004788979131262,0.0007126666666666,-0.4881390107014244
1902369,5,45.02,-133.356,0.0004768059588968,0.000683,-0.4324485406606018
1902369,6,45.02,-133.354,0.0004768059588968,0.0007053333333333,-0.47928800001839444
1902369,7,45.038,-133.348,0.0005355575704015,0.0006923333333333,-0.2927337257398256
1902369,25,45.367,-132.841,0.0048486436717212,0.000911,0.8121124046889162
1902369,27,45.161,-132.562,0.0021054148674011,0.006601,-1.0
1902369,32,44.734,-131.99,0.0025472985580563,0.0008703333333333,0.6583308499191385
1902369,33,44.703,-131.969,0.000740913732443,0.001148,-0.5494381460777121
1902370,16,5.055,160.529,0.0005965775926597,0.0003413333333333,0.42784754651688117
1902370,28,5.898,165.981,0.0008880070527084,0.0007106666666666,0.19970605582570117
1902370,34,5.828,167.53499999999997,0.0009310244931839,0.0003826666666666,0.5889832442990154
1902371,0,51.955,-142.958,0.0022663499694317,0.0015129999999999,0.33240672428923523
1902371,1,51.953,-142.962,0.0022663499694317,0.001453,0.35888101149517165
1902371,2,51.953,-142.968,0.0022663499694317,0.0014349999999999,0.36682329765701
1902371,3,51.953,-142.973,0.0022663499694317,0.001407,0.3791779650197567
1902371,4,51.956,-142.975,0.0022663499694317,0.0013513333333333,0.40374022037198676
1902371,5,51.96,-142.974,0.0022663499694317,0.0013896666666666,0.38682609243484717
1902371,6,51.963,-142.971,0.0022663499694317,0.00136,0.3999161566644414
1902371,7,51.962,-142.973,0.0022663499694317,0.0014223333333333,0.37241231384490975
1902371,8,51.957,-142.978,0.0022663499694317,0.0011976666666666,0.4715438114939849
1902372,13,0.35,93.043,0.0016778047429397,0.0006856666666666,0.5913310714182175
1902380,81,17.269,-44.988,0.000799968431238,0.0004603333333333,0.42456062594756894
1902380,84,18.394,-44.495000000000005,0.0017227320931851,0.0004523333333333,0.7374325728749869
1902380,93,18.572,-42.78699999999998,0.0009550396935082,0.0005513333333333,0.4227116034224119
1902380,94,18.677,-42.742999999999995,0.0003471718810033,0.0005026666666666,-0.4478899190047651
1902380,95,18.753,-42.778999999999996,0.000327311019646,0.00045,-0.37483913767001503
1902380,96,18.806,-42.685,0.0017540012486279,0.0005723333333333,0.6736984458927733
1902380,98,18.774,-41.93799999999999,0.0010518439812585,0.000434,0.5873912788085436
1902380,100,18.611,-41.692999999999984,0.0005286285304464,0.000572,-0.08204526819045321
1902380,112,18.11,-42.64499999999998,0.0011538906255736,0.0004793333333333,0.5845937884320509
1902380,114,17.827,-42.579999999999984,0.000860366038978,0.000504,0.41420281930388053
1902380,116,18.235,-42.77600000000001,0.0011671319371089,0.0005333333333333,0.5430393802311513
1902380,117,18.466,-43.15899999999999,0.0005894235218875,0.000451,0.23484560209648384
1902380,118,18.66,-43.49400000000003,0.000789163110312,0.0004536666666666,0.42512940514003456
1902381,81,16.511,-33.52999999999997,0.0008812359301373,0.0005673333333333,0.35620721542197303
1902381,98,17.564,-34.41500000000002,0.0008211339008994,0.0007076666666666,0.1381835947931485
1902382,94,19.015,-30.153999999999996,0.000601774896495,0.0007176666666666,-0.1925832580365255
1902382,98,19.109,-31.202999999999975,0.0009503119508735,0.0006889999999999,0.27497491811337255
1902382,111,20.086,-32.50400000000002,0.0010907324030995,0.000619,0.4324914174723268
1902382,113,19.997,-32.218999999999994,0.001233366318047,0.000592,0.5200128369506516
1902382,114,19.829,-32.09699999999998,0.0012050585355609,0.0005736666666666,0.5239512025865332
1902382,115,19.563,-31.92500000000001,0.0016808186192065,0.0006129999999999,0.6352967577850297
1902384,81,20.736,-41.61099999999999,0.0007605273858644,0.0004323333333333,0.43153482521616404
1902384,84,20.254,-41.01799999999997,0.0009160779882222,0.0005196666666666,0.432726609144819
1902384,91,20.106,-42.43099999999998,0.0002417455980321,0.0005143333333333,-1.0
1902384,92,20.079,-42.58100000000002,0.0007056989707052,0.000463,0.34391288747760623
1902384,93,20.052,-42.759000000000015,0.0011175259714946,0.000492,0.5597417755383437
1902384,94,19.908,-42.93099999999998,0.0009074143017642,0.000542,0.40269841576638093
1902384,95,19.62,-43.048,0.0010510471183806,0.000501,0.5233325021889453
1902384,96,19.385,-43.041,0.0008012063335627,0.000498,0.37843726498571423
1902384,97,19.27,-42.77999999999997,0.0008159595308825,0.000497,0.39090116459272145
1902384,100,19.188,-41.66699999999997,0.0010617905063554,0.000511,0.5187374562671413
1902384,112,19.344,-41.05500000000001,0.001341578667052,0.000556,0.5855628792743398
1902385,80,24.994,-55.40499999999997,0.0005307778483256,0.0004109999999999,0.2256647460016523
1902385,82,25.584,-56.418000000000006,0.0006347045418806,0.0004796666666666,0.24426778915844846
1902385,84,26.777,-57.115999999999985,0.0009372967178933,0.0005173333333333,0.4480580978709965
1902385,90,25.544,-58.12099999999998,0.0003010517102666,0.0004823333333333,-0.6021610802548301
1902385,92,25.143,-58.93599999999998,0.0008388818241655,0.0004573333333333,0.4548298459222853
1902385,93,24.86,-59.285000000000025,0.0006796244997531,0.0006306666666666,0.07203659241873399
1902385,94,24.662,-59.519000000000005,0.0005187853821553,0.0004233333333333,0.1839914001150984
1902385,95,24.691,-59.668000000000006,0.0007391428225673,0.0004309999999999,0.41689212579662593
1902385,97,25.238,-59.95600000000002,0.001306391088292,0.00043,0.6708489487920574
1902385,102,26.394,-60.83600000000001,0.0010270080529153,0.0005706666666666,0.4443406115008678
1902385,111,25.623,-60.910000000000025,0.0007314517279155,0.000463,0.3670122274241351
1902385,112,25.582,-60.61099999999999,0.0005697874585166,0.0003816666666666,0.3301595867690011
1902385,113,25.468,-60.10700000000003,0.0002871344331651,0.0004179999999999,-0.4557641011294293
1902385,116,25.569,-58.250999999999976,0.0018802939448505,0.0004559999999999,0.7574847266573759
1902385,118,26.034,-58.137,0.0015619607875123,0.0004346666666666,0.7217172990886129
1902453,36,-2.189,72.368,0.0006681261002086,0.0005936666666666,0.11144518006219559
1902453,62,-3.52,74.47300000000001,0.000763998250477,0.00059,0.22774692267732904
1902453,64,-3.521,73.84199999999998,0.0006282555987127,0.0005173333333333,0.1765559520785496
1902453,68,-3.207,74.70999999999998,0.0007217557867988,0.00056,0.22411429150604348
1902454,47,2.749,57.13300000000001,0.0007983347168192,0.0009713333333333,-0.2166993528771708
1902454,50,2.03,57.172,0.0009939715964719,0.0008176666666666,0.1773742131375726
1902454,51,2.735,57.293000000000006,0.0005716296727769,0.0007396666666666,-0.29396128628767454
1902454,52,3.975,57.994,0.0010518465423956,0.0007743333333333,0.263834312208945
1902454,53,2.54,57.857,0.0013566138222813,0.0006283333333333,0.5368369958985924
1902454,55,1.973,55.760999999999996,0.0011113203363493,0.001371,-0.2336676970240198
1902454,56,2.18,55.08600000000001,0.000625463319011,0.0013319999999999,-1.0
1902455,52,2.493,70.45600000000002,0.0009898877469822,0.0005953333333333,0.398585006079477
1902455,65,2.212,74.423,0.0016428889939561,0.000569,0.653658888644789
1902455,69,2.979,73.668,0.0010141694219782,0.0006103333333333,0.39819391108952273
1902456,33,-26.363,56.827,0.0015903107123449,0.0005676666666666,0.6430466937938308
1902456,36,-25.837,55.623999999999995,0.0008383713429793,0.0006036666666666,0.27995312372991626
1902456,38,-25.566,54.260999999999996,0.0003581034543458,0.0005896666666666,-0.6466377509366127
1902456,40,-25.305,52.85499999999999,0.0017563502769917,0.0007143333333333,0.593285381229979
1902456,41,-25.465,51.77799999999999,0.0004873336001764,0.0006533333333333,-0.3406285408943957
1902456,42,-25.887,51.49799999999999,0.0004014995938632,0.000648,-0.6139493287278102
1902456,43,-26.139,51.339,0.0008614073740318,0.0006943333333333,0.19395473702124622
1902456,44,-26.265,51.170000000000016,0.0006229736027307,0.0007233333333333,-0.1610978862710877
1902456,45,-26.185,51.170000000000016,0.0015118768205866,0.0007663333333333,0.49312449076640597
1902456,47,-25.865,51.90100000000001,0.0011245707282796,0.0008033333333333,0.2856533492008439
1902456,51,-24.792,53.14099999999999,0.0005913461791351,0.0005059999999999,0.14432523984517306
1902456,54,-23.716,54.905,0.0007385893259197,0.0005163333333333,0.30091958384267775
1902456,58,-24.477,56.18099999999998,0.0012424037558957,0.000498,0.5991641222615499
1902456,59,-23.861,56.105999999999995,0.0020668944343924,0.0006793333333333,0.6713265457444604
1902456,66,-25.254,55.74199999999999,0.0006794318906031,0.0005536666666666,0.18510350437755294
1902456,68,-25.424,55.857,0.0005225433269515,0.0005426666666666,-0.03851037546015337
1902457,31,5.941,66.221,0.0006169190164655,0.0006983333333333,-0.13196921264357372
1902457,51,6.037,67.638,0.0012636231258511,0.000498,0.6058951519547592
1902457,52,6.219,67.63999999999999,0.0007412180420942,0.0005426666666666,0.267871751835159
1902457,57,5.979,67.541,0.0014726491644978,0.0009166666666666,0.3775390033381102
1902457,65,5.296,67.81700000000001,0.0015442206058651,0.0006033333333333,0.6092958926711758
1902457,66,5.547,67.95499999999998,0.0009869468631222,0.0007599999999999,0.22994841120863907
1902457,67,6.171,68.98000000000002,0.0006682584062218,0.0005683333333333,0.1495305887036372
1902458,50,12.927,67.83699999999999,0.0006200860952958,0.000572,0.0775474497180289
1902458,60,12.742,67.261,0.0004689774941653,0.000664,-0.41584619360425124
1902458,63,12.359,67.31700000000001,0.000795564672444,0.0010596666666666,-0.33196797616876367
1902458,64,12.396,67.261,0.0006673142779618,0.0006313333333333,0.05391903907465878
1902458,65,12.414,67.24799999999999,0.0007524619577452,0.0007786666666666,-0.03482529402539366
1902458,66,12.242,67.311,0.0004383402410894,0.0007303333333333,-0.6661334389884309
1902458,67,12.039,67.24799999999999,0.0002909346949309,0.000778,-1.0
1902490,6,-29.092,1.0529999999999973,0.0011888518929481,0.000489,0.5886787892582784
1902490,8,-29.715,0.15799999999998704,0.0014255641726776,0.0005393333333333,0.6216702526128415
1902490,14,-30.794,-0.6890000000000214,0.0022911147680133,0.0005033333333333,0.7803107289253097
1902490,26,-31.218,-2.4110000000000014,0.0008153785020112,0.0006003333333333,0.2637366182054996
1902490,33,-32.133,-4.845000000000027,0.0007426659576594,0.000475,0.3604123157913163
1902492,39,-0.263,-1.4159999999999968,4.935829565511085e-05,0.0006403333333333,-1.0
1902493,7,-31.342,-0.41500000000002046,0.0003378329856786,0.000533,-0.5777026595830217
1902493,8,-31.288,-0.6669999999999732,0.0013804539339616,0.0005319999999999,0.6146195197740668
1902493,28,-31.335,-4.7309999999999945,0.0006679692887701,0.0005136666666666,0.23100256957563126
1902493,31,-30.208,-6.670000000000016,0.001316939597018,0.0005316666666666,0.5962862170212859
1902493,33,-29.728,-7.584000000000003,0.0007173881749622,0.0004293333333333,0.40153274291714935
1902493,36,-29.491,-8.586999999999989,0.0009342050761915,0.0004366666666666,0.5325794327228758
1902493,39,-29.392,-8.456999999999994,0.0015024890890344,0.000485,0.677202314785731
1902495,15,-19.583,0.0020000000000095497,0.0027683454100042,0.000759,0.7258290106223239
1902495,21,-19.371,-0.535000000000025,0.0038287357892841,0.000741,0.8064635324082907
1902495,33,-19.209,-1.8940000000000055,0.0018045973265543,0.0004926666666666,0.7269935739031054
1902495,37,-17.228,-1.8410000000000082,0.0011033648625016,0.000597,0.4589278485391914
1902495,41,-19.072,-2.629000000000019,0.0010001164628192,0.0004966666666666,0.503391169797805
1902496,11,-16.112,-2.704999999999984,0.0018629500409588,0.00057,0.6940336630247801
1902496,22,-15.91,-2.062999999999988,0.0016123033128678,0.0008376666666666,0.4804534233843108
1902496,34,-15.422,-1.7819999999999823,0.0015452153747901,0.000566,0.6337080194552913
1902496,36,-15.287,-1.3980000000000246,0.0009207092225551,0.000443,0.5188491771912401
1902496,40,-15.88,-1.002999999999986,0.0006737427902407,0.000524,0.22225512823254573
1902497,5,-12.117,1.5360000000000014,0.0005896998918615,0.0005803333333333,0.015883602248310782
1902497,6,-12.412,1.6529999999999916,0.0013085191603749,0.0005253333333333,0.598528359964719
1902497,41,-11.625,-2.1229999999999905,0.0009519847808405,0.0004689999999999,0.5073450653425116
1902499,17,-3.953,-5.314999999999998,0.0007625189027749,0.001214,-0.5920916787532805
1902500,10,-23.561,-1.0400000000000205,0.0023335157893598,0.0005136666666666,0.7798743556787655
1902500,12,-23.683,-1.3050000000000068,0.0028092444408684,0.000496,0.8234400706523511
1902500,14,-23.828,-1.440999999999974,0.0011590681970119,0.0005233333333333,0.5484878847660013
1902500,33,-21.431,-2.180999999999983,0.0008200170123018,0.000485,0.4085488560309282
1902500,35,-20.931,-2.4499999999999886,0.0015237390762194,0.000642,0.5786680213039573
1902500,36,-20.996,-2.019999999999982,0.0008589702192693,0.0006059999999999,0.2945040626491034
1902500,37,-21.117,-1.3410000000000082,0.0008112807990983,0.000687,0.1531908548019775
1902500,39,-20.964,0.2050000000000125,0.0011167611228302,0.0006516666666666,0.41646727008629586
1902500,41,-21.325,1.1999999999999886,0.000777845736593,0.0006063333333333,0.2204966810140687
1902501,29,-5.771,-91.09300000000002,0.0015691387234255,0.0012696666666666,0.19085123086194639
1902644,16,-19.268,-73.40699999999998,0.0039245202206075,0.0016909999999999,0.5691193050502005
1902644,17,-19.081,-73.20800000000003,0.0024018057156354,0.0008493333333333,0.6463771703913161
1902644,19,-18.961,-72.86900000000003,0.0022484569344669,0.0009623333333333,0.5720027728432053
1902644,23,-19.506,-72.04000000000002,0.0019474684959277,0.0007826666666666,0.5981107430989443
1902644,32,-18.245,-71.714,0.0016540439100936,0.001365,0.17474984087770898
1902644,34,-18.38,-72.094,0.0024780221283435,0.002979,-0.20216844148659466
1902644,36,-19.089,-72.827,0.0021022043656557,0.001,0.524308855819501
1902644,38,-19.443,-72.40100000000001,0.0011255497811362,0.000944,0.16129875744183644
1902644,40,-19.264,-71.697,0.0013248372124508,0.001548,-0.16844544027894104
1902652,0,12.467,-111.892,0.0004980806843377,0.0007959999999999,-0.5981346497271712
1902652,1,11.773,-111.519,0.0007634903304278,0.0006103333333333,0.20060109603311269
1902652,3,11.763,-111.891,0.0014513313071802,0.0005613333333333,0.6132286745581766
1902722,0,-22.123,-34.65499999999997,0.0008946363814175,0.000562,0.37181182022852316
1902722,2,-22.209,-34.47500000000002,0.0009223781526088,0.0005676666666666,0.3845618903038357
1902742,1,28.721,-74.447,0.001062334747985,0.000922,0.13210030854321778
1902742,2,28.784,-74.40499999999997,0.0011294751893728,0.000853,0.244781994305096
1902742,3,28.796,-74.67500000000001,0.0008163593593053,0.000821,-0.005684556245731082
1902742,5,28.726,-75.76400000000001,0.0005308680119924,0.00082,-0.5446400639632799
1902742,7,28.266,-75.822,0.0006027127965353,0.0006166666666666,-0.023151773467419316
2903439,0,-35.654,-108.048,0.0007966987323015,0.0010136666666666,-0.27233372612295237
2903439,15,-34.917,-109.831,0.001321218907833,0.000687,0.4800256067128312
2903440,8,-37.658,-99.29000000000002,0.0012312529142946,0.000713,0.4209150762428965
2903440,9,-37.685,-99.46499999999996,0.0032791562844067,0.0008259999999999,0.748105936905856
2903441,13,-39.538,-88.68299999999999,0.0013953880406916,0.0008866666666666,0.3645734083924505
2903442,5,-40.541,-78.88600000000002,0.0049484693445265,0.0035963333333333,0.2732432833374621
2903442,6,-40.541,-78.69999999999999,0.0030672026332467,0.0035746666666666,-0.1654484864870954
2903442,8,-40.549,-78.01400000000001,0.0094629721716046,0.0029983333333333,0.6831509932650596
2903442,10,-40.275,-78.017,0.002080526202917,0.0012276666666666,0.4099249195009652
2903442,12,-39.957,-78.54899999999998,0.0013631988549605,0.0011306666666666,0.17057833304931713
2903442,15,-40.015,-79.33800000000002,0.0032925037667155,0.001542,0.5316634059501012
2903442,16,-40.122,-79.582,0.0015120634343475,0.0013953333333333,0.07719920895023318
2903451,41,-0.141,148.291,0.0011152420192956,0.0004483333333333,0.5979945827216298
2903451,56,0.082,149.86900000000003,0.0002814129402395,0.0003813333333333,-0.3550668032847441
2903451,57,0.419,148.914,0.0009271437884308,0.0003726666666666,0.598048683152651
2903451,60,1.342,146.224,0.0008961044368334,0.0005796666666666,0.35312599420331936
2903451,75,0.909,141.28999999999996,0.0035876540932804,0.000479,0.8664865710166549
2903459,36,-9.778,-93.35000000000002,0.0018798164092004,0.0007409999999999,0.6058125695822113
2903459,38,-10.038,-93.54500000000002,0.0021049529314041,0.0006733333333333,0.680119529853736
2903459,41,-9.63,-93.226,0.0027310042642056,0.0009623333333333,0.6476265724128317
2903459,53,-9.652,-94.14100000000002,0.0018783156992867,0.0009346666666666,0.5023910692853473
2903459,54,-9.806,-93.856,0.0012034049723297,0.000809,0.327740853161145
2903459,60,-9.674,-93.01799999999996,0.0018059069989249,0.0018529999999999,-0.026077201706973682
2903459,64,-10.461,-91.92700000000002,0.0003951394755858,0.0006523333333333,-0.6508938580894922
2903459,69,-10.066,-91.74,0.0013710741186514,0.0007063333333333,0.48483212998867237
2903461,30,-2.993,-98.68099999999998,0.0013070731656625,0.0008336666666666,0.3621882167215561
2903461,32,-3.137,-99.05200000000002,0.0018947717035189,0.001067,0.43687147215761823
2903461,37,-3.058,-100.29500000000002,0.0005782871739938,0.000727,-0.25716085829666774
2903461,39,-3.08,-101.16500000000002,0.0013084163656458,0.0006833333333333,0.4777401511666169
2903461,51,-2.734,-104.349,0.0009011141373775,0.0011279999999999,-0.25178371219732804
2903461,52,-2.353,-104.369,0.0015025967732071,0.0012126666666666,0.19295270142347065
2903461,56,-2.401,-103.959,0.0013111311709508,0.000893,0.31890872569796475
2903461,57,-2.532,-104.239,0.0026767670642584,0.00107,0.6002640594741313
2903461,58,-2.771,-104.281,0.0009880864527076,0.0012166666666666,-0.2313362493055483
2903461,65,-3.577,-108.831,0.0022273920476436,0.0006133333333333,0.7246406020071066
2903462,32,0.868,-98.29399999999998,0.0010307568591088,0.0014796666666666,-0.4355147419983514
2903462,36,0.375,-102.41199999999998,0.000918420671951,0.0011156666666666,-0.2147665016038788
2903462,37,0.656,-103.303,0.0021277745254337,0.0013676666666666,0.35723139349653066
2903462,38,0.913,-104.103,0.0006682308739982,0.0008036666666666,-0.20267814304665735
2903462,43,-0.443,-106.701,0.0018013219814747,0.001773,0.015722886727620653
2903462,54,1.336,-104.207,0.0015807503368705,0.0009106666666666,0.4239022789205929
2903462,55,1.875,-104.138,0.0012198857730254,0.0010303333333333,0.1553854007346909
2903462,57,1.945,-102.959,0.0022218276280909,0.0013026666666666,0.41369589152786207
2903462,58,1.536,-102.634,0.0018336100038141,0.000864,0.5287983823153288
2903462,60,0.663,-102.25,0.0018603331409394,0.001067,0.4264468140038594
2903462,61,1.266,-102.356,0.0016723963199183,0.000972,0.4187980513808568
2903462,66,0.872,-102.08499999999998,0.0017529904143884,0.0006176666666666,0.6476497181063608
2903463,31,4.121,-97.753,0.0010936567559838,0.0007183333333333,0.3431821004140165
2903463,33,4.41,-97.05599999999998,0.0016615585191175,0.0007653333333333,0.5393882764118414
2903463,37,3.505,-97.37900000000002,0.0007763376343064,0.0007016666666666,0.09618362467576759
2903463,49,2.024,-102.168,0.0003676691267173,0.0008103333333333,-1.0
2903463,53,2.841,-103.046,0.0012446694308891,0.0007983333333333,0.358598103624165
2903463,60,2.582,-102.43400000000004,0.0038217464461922,0.0009703333333333,0.7461021166644657
2903463,61,3.087,-102.365,0.0021586490329355,0.0008166666666666,0.6216769589653799
2903463,62,2.843,-102.26100000000002,0.0011121936840936,0.000575,0.48300371758664906
2903463,65,3.147,-101.92399999999998,0.0012229023268446,0.0008466666666666,0.30765798046094495
2903463,66,3.345,-102.14999999999998,0.0013017455348744,0.0008313333333333,0.3613703208027428
2903464,48,3.074,82.007,0.0008752636495046,0.0007043333333333,0.1952900891840381
2903464,53,3.614,80.89499999999998,0.0016544447280466,0.0005066666666666,0.6937542499441366
2903464,61,3.496,83.35300000000001,0.001861915923655,0.0005263333333333,0.7173162726380841
2903464,65,2.118,82.209,0.0007480155909433,0.0005096666666666,0.31864165287801727
2903465,36,-4.781,86.53800000000001,0.0015178167959675,0.0006226666666666,0.5897616442769074
2903465,62,-4.926,89.68799999999999,0.0011320246849209,0.0007386666666666,0.3474818380676795
2903465,65,-5.087,91.08499999999998,0.0008850182057358,0.0005656666666666,0.36084177364881737
2903465,68,-5.615,93.918,0.0012571744155138,0.0005533333333333,0.5598595338044994
2903465,69,-5.836,94.52800000000002,0.0016965172253549,0.0004886666666666,0.7119589124334565
2903466,48,1.248,66.457,0.0014436847995966,0.0008903333333333,0.3832910524637509
2903466,49,1.412,65.92700000000002,0.00098930997774,0.00059,0.40362473514336916
2903466,50,1.091,65.011,0.0011430621379986,0.0008496666666666,0.25667499742901934
2903466,63,-1.157,74.559,0.0015148726524785,0.0005909999999999,0.6098681964896796
2903467,46,-8.225,86.52300000000002,3.9874284993857145e-05,0.000578,-1.0
2903467,52,-8.777,86.005,0.0009810827905312,0.0006493333333333,0.33814624045976466
2903467,57,-9.405,89.05599999999998,0.0011497761588543,0.000496,0.5686116848219904
2903467,60,-10.078,90.54500000000002,0.0010925516253337,0.0008286666666666,0.24153088288757166
2903467,64,-9.934,91.90699999999998,0.0008391750161536,0.0006846666666666,0.18411933924724863
2903468,26,-17.927,101.99400000000003,0.0009307070868089,0.0006026666666666,0.3524636534863474
2903468,29,-18.909,100.72800000000001,0.0016852270346134,0.0005946666666666,0.647129642206921
2903468,31,-19.374,100.86900000000003,0.000575355021283,0.0005313333333333,0.0765122164946694
2903468,33,-18.816,100.96100000000001,0.0005658094305545,0.0005006666666666,0.11513198679643642
2903468,38,-18.206,98.678,0.0031997486948966,0.0005806666666666,0.8185274151083405
2903468,39,-18.227,98.09800000000001,0.000475176522741,0.000505,-0.06276294352037172
2903468,40,-18.355,97.548,0.0010462541831657,0.0005149999999999,0.5077677984123892
2903468,46,-18.704,96.73000000000002,0.0006028045900166,0.0005116666666666,0.15118982977135303
2903468,48,-18.241,96.24200000000002,0.0023374054580926,0.0005836666666666,0.7502929307169107
2903468,53,-18.181,95.97399999999999,0.0013944809325039,0.0004966666666666,0.6438340208963661
2903468,57,-18.541,97.572,0.0008816815679892,0.0004363333333333,0.5051123340046451
2903468,60,-19.239,97.02699999999999,0.0006010985234752,0.0004489999999999,0.25303426565740894
2903472,32,-41.079,34.997000000000014,0.0007901520002633,0.001118,-0.4149176356289071
2903829,7,8.897,87.493,0.0012292506871744,0.0006686666666666,0.4560371829414052
2903831,9,16.614,89.45600000000002,0.0009706047130748,0.0004376666666666,0.5490783624158323
2903832,0,-29.9,-90.00400000000002,0.0011693751439452,0.0004216666666666,0.6394085603324913
2903832,1,-29.9,-90.007,0.0011693751439452,0.000423,0.6382683502465288
2903832,2,-29.902,-90.00999999999999,0.0011693751439452,0.0004123333333333,0.6473900309338002
2903832,3,-29.905,-90.01299999999998,0.0003807905886787,0.0004036666666666,-0.06007521894718405
2903832,4,-29.909,-90.01400000000001,0.0003807905886787,0.0004209999999999,-0.10559455122229278
2903832,5,-29.912,-90.01499999999999,0.0003807905886787,0.0004133333333333,-0.08546100040843861
2903832,6,-29.915,-90.01499999999999,0.0006206117686815,0.0004176666666666,0.32700814302323056
2903832,7,-29.917,-90.01499999999999,0.0006206117686815,0.0004053333333333,0.34688100711586994
2903832,8,-29.919,-90.01499999999999,0.0006206117686815,0.0004143333333333,0.33237918737255334
2903832,9,-29.919,-90.01499999999999,0.0006206117686815,0.0004233333333333,0.3178773676292368
2903832,10,-29.919,-90.01600000000002,0.0006206117686815,0.000418,0.32647103858818544
2903832,11,-29.919,-90.01799999999997,0.0006206117686815,0.0005179999999999,0.1653397081070512
2903832,12,-29.919,-90.02100000000002,0.0006206117686815,0.0002323333333333,0.6256382088485108
2903832,13,-29.92,-90.024,0.0006206117686815,-0.0001066666666666,1.0
2903832,14,-29.922,-90.02699999999999,0.0006206117686815,0.0003493333333333,0.43711455218539536
2903832,16,-29.938,-90.03300000000002,0.0006425869069062,0.0004066666666666,0.36714137450366363
2903832,17,-29.937,-90.03500000000003,0.0006425869069062,0.000415,0.3541729600466656
2903832,25,-29.726,-90.077,0.0007546984707005,0.0003719999999999,0.5070879106795922
2903832,26,-29.398,-90.04899999999998,0.0006661872030235,0.0003736666666666,0.43909660081924634
2903832,27,-29.114,-89.99200000000002,0.0018226116662845,0.0003576666666666,0.8037614521607204
2903832,28,-28.917,-89.79000000000002,0.0004047524998895,0.0003493333333333,0.136921122343481
2903832,32,-29.998,-89.87799999999999,0.0006384975276887,0.000311,0.5129190223714879
2903833,11,-30.296,-106.313,0.0009440089925192,0.000327,0.6536049946649749
2903833,12,-30.143,-106.422,0.0006760357646271,0.000334,0.5059432984522146
2903833,16,-30.425,-106.378,0.0008848111028783,0.0002679999999999,0.697110491574876
2903833,17,-30.6,-106.283,0.0008504408760927,0.0002896666666666,0.6593923518852288
2903856,28,1.387,-168.199,0.0009952333057299,0.000776,0.22028332901210057
2903856,30,1.09,-170.164,0.0024089801590889,0.0010813333333333,0.5511240184965778
2903856,32,0.887,-172.214,0.0014748605899512,0.0007983333333333,0.45870590157967733
2903856,34,1.342,-174.341,0.0012419740669429,0.000893,0.28098337657073175
2903856,40,1.277,-178.81,0.0007886177045293,0.0007143333333333,0.09419566764651552
2903856,55,0.774,178.73900000000003,0.0009151111007668,0.0004753333333333,0.4805730878633169
2903856,56,0.324,179.15800000000002,0.000837558764033,0.000853,-0.018436003096245566
2903858,39,-16.968,-79.67000000000002,0.0014205211773514,0.002044,-0.4389085024491454
2903858,40,-17.045,-79.76600000000002,0.0017695090500637,0.0013156666666666,0.25647926659700454
2903858,41,-16.935,-79.96600000000001,0.0009766030125319,0.0013276666666666,-0.35947426910403163
2903858,44,-16.523,-80.75,0.0019052978605031,0.000977,0.4872192845784123
2903863,52,19.087,-156.475,0.0010662110289558,0.000504,0.5272980804807512
2903863,66,19.496,-158.688,0.0003130118129774,0.0005033333333333,-0.6080330277172048
2903863,74,18.641,-159.144,0.0009346512379124,0.0005836666666666,0.3755246417152832
2903863,75,18.644,-159.305,0.000700858538039,0.00063,0.10110248244569006
2903863,78,18.737,-159.667,0.0008723282953724,0.000602,0.30989284287401897
2903863,79,18.675,-159.808,0.0013058324111625,0.0005983333333333,0.5417992935244716
2903863,80,18.595,-159.987,0.0006448821513913,0.0005843333333333,0.09389129149778619
2903863,84,18.155,-161.002,0.0005045066354796,0.0004493333333333,0.10936090482506838
2903863,85,18.062,-161.276,0.0005000784294679,0.000463,0.07414522859414809
2903863,86,17.977,-161.552,0.0007067593978717,0.0005729999999999,0.18925733180852838
2903863,87,17.886,-161.82,0.0004986604326404,0.00055,-0.10295496494028558
2903863,103,18.387,-164.838,0.0010666515445336,0.000915,0.14217533861999
2903863,105,18.177,-165.024,0.0006926336209289,0.0004853333333333,0.29929284593142746
2903863,108,17.927,-165.033,0.0004672567883972,0.00049,-0.048673903017684386
2903863,109,17.841,-164.987,0.0009554243297316,0.0004583333333333,0.5202829579794602
2903863,110,17.8,-165.004,0.0007847265223972,0.000466,0.4061625461868513
2903863,111,17.8,-165.096,0.0006537034641951,0.000459,0.2978467682358649
2903863,112,17.916,-165.235,0.0008913624915294,0.0004836666666666,0.4573849906599451
2903863,113,18.04,-165.402,0.0009723706752993,0.00046,0.526929378183469
2903863,114,18.142,-165.479,0.001629710313864,0.0005253333333333,0.6776523233213463
2903863,116,18.127,-165.424,0.0007003650534898,0.000649,0.07334040045809934
2903863,118,17.657,-165.101,0.0006091763498261,0.000464,0.23831580111004486
2903863,122,17.3,-163.816,0.0005981426220387,0.0004883333333333,0.1835837886474764
2903884,0,0.513,-139.96,0.0007875600131228,0.0013673333333333,-0.7361639882040317
2903884,1,0.524,-139.927,0.0007333774119615,0.0015469999999999,-1.0
2903884,5,0.536,-139.805,0.0007988864090293,0.0011516666666666,-0.44159001035698103
2903884,6,0.536,-139.777,0.0009763992275111,0.001089,-0.11532247191133693
2903884,7,0.539,-139.749,0.0009071884560398,0.001001,-0.10340910241486174
2903884,8,0.54,-139.72,0.0008110294584184,0.0010083333333333,-0.24327584265516686
2903884,9,0.54,-139.692,0.001670733676292,0.0009303333333333,0.44315880709481653
2903884,10,0.522,-139.67,0.001670733676292,0.0011963333333333,0.28394731589512023
2903884,11,0.494,-139.652,0.0017655612900853,0.0009453333333333,0.4645706503411004
2903884,12,0.462,-139.624,0.0015481404261663,0.00095,0.38636057560197595
2903884,15,0.943,-138.307,0.0017691114917397,0.001034,0.4155258134787253
2903884,16,0.362,-138.387,0.002038950799033,0.0008676666666666,0.5744543384381307
2903884,17,-0.347,-138.044,0.0007258712430484,0.001073,-0.47822359719581004
2903884,18,-0.227,-137.417,0.0007710218778811,0.001224,-0.5875035911610723
2903884,19,0.154,-136.761,0.0004787714860867,0.0009353333333333,-0.9536111913814389
2903884,20,0.513,-136.033,0.0010445902589708,0.0015913333333333,-0.523404339325534
2903884,21,0.448,-135.653,0.0010943807428702,0.0010706666666666,0.02166894507062126
2903884,24,1.097,-133.798,0.001698313630186,0.001121,0.33993346100788957
2903885,3,-11.969,95.05700000000002,0.0009756311774253,0.000697,0.28559068618595224
2903885,4,-11.977,95.05399999999997,0.0008930886397138,0.000661,0.25987189780868264
2903885,7,-11.91,94.79899999999998,0.0038338080048561,0.0006396666666666,0.833151095240981
2903885,8,-11.729,94.29000000000002,0.0007534562028013,0.000716,0.04971251502348822
2903886,48,32.079,-119.565,0.0010454314760863,0.0019256666666666,-0.8419826748239565
2903886,50,32.669,-120.155,0.0012678219936788,0.0017393333333333,-0.3719065783725128
2903886,51,33.209,-120.641,0.0047298674471676,0.002238,0.5268366344303819
2903886,53,33.603,-120.404,0.0024116814602166,0.0070853333333333,-1.0
2903886,54,33.541,-120.601,0.0020858645439147,0.006051,-1.0
2903886,56,33.728,-120.975,0.0019406474893912,0.0025583333333333,-0.3182885337593558
2903886,59,33.025,-121.377,0.0022687998134642,0.001412,0.3776445186479294
2903886,61,33.073,-121.632,0.0024264010135084,0.0017086666666666,0.2958020305983998
2903886,64,33.247,-121.839,0.0022118196357041,0.0023656666666666,-0.06955677057886565
2903886,68,33.281,-122.316,0.0008136154501698,0.001121,-0.3778007777089894
2903886,72,32.336,-122.331,0.0007982654497027,0.0011753333333333,-0.4723590176313308
2903886,77,32.073,-123.12,0.0016029233811423,0.0012553333333333,0.21684757481127706
2903886,79,31.803,-123.041,0.0013175071217119,0.0008073333333333,0.3872265887380607
2903886,80,31.834,-122.998,0.0006382641731761,0.0016863333333333,-1.0
2903886,81,32.001,-122.818,0.0006949088419787,0.0011553333333333,-0.6625681867042822
2903886,85,31.982,-122.107,0.0013285115128383,0.0005536666666666,0.5832428538886214
2903887,32,15.264,158.966,0.0019186562858521,0.000343,0.8212290536198519
2903887,33,15.329,158.627,0.0008628004579804,0.000376,0.5642097816219037
2903887,34,15.568,158.10699999999997,0.000438749208115,0.000339,0.227349032818892
2903887,40,16.603,156.308,0.0006729802116751,0.0003803333333333,0.43485212977270044
2903887,42,17.298,156.543,0.0009437191765755,0.0003766666666666,0.6008699663882843
2903887,45,17.382,157.29499999999996,0.0007379890303127,0.0003346666666666,0.5465153912588709
2903887,47,17.161,156.822,0.0007270592614077,0.0003806666666666,0.47642965728877446
2903939,0,-18.965,5.996000000000009,0.0015362175181508,0.0011776666666666,0.2333984915858794
2903939,1,-18.95,5.811000000000007,0.001235332689248,0.0006976666666666,0.43523985664841464
2903940,0,-15.996,-10.004000000000019,0.0008166193147189,0.0004096666666666,0.4983382595994351
2903940,2,-15.632,-10.009000000000015,0.000876749807503,0.000517,0.41032208324923874
2903940,3,-15.456,-10.019000000000005,0.0008069987525232,0.0004239999999999,0.47459646167456665
2903940,4,-15.406,-10.011000000000024,0.0008444631239399,0.0004203333333333,0.5022478526093521
2903941,2,-15.875,-19.605000000000018,0.00070717476774,0.0004333333333333,0.3872330389867369
2903941,3,-15.751,-19.944999999999993,0.0006287688738666,0.000401,0.36224578431489535
3902261,25,58.832,-23.88900000000001,0.0008430696325376,0.000877,-0.04024622184560385
3902332,0,41.502,-44.75599999999997,0.000394677510485,0.0005546666666666,-0.40536679170038614
3902332,1,41.957,-46.14699999999999,0.000998152885586,0.0007399999999999,0.25863060590617076
3902334,0,37.331,-72.30200000000002,0.0010510383872315,0.000769,0.2683426130366241
3902334,4,38.096,-63.67700000000002,0.0018168238457292,0.0018173333333333,-0.00028042762940262044
3902340,0,20.617,-177.948,0.0007779511506669,0.0004059999999999,0.4781163320449417
3902340,1,20.396,-177.844,0.0011396853951737,0.000404,0.6455162084985513
3902340,3,20.155,-177.195,0.0005485520814545,0.0003853333333333,0.2975446701221538
3902340,13,19.768,-176.429,0.0007273145602084,0.000427,0.41290876965580037
3902340,14,19.892,-176.673,0.0005828010034747,0.000416,0.2862057588786239
3902340,17,20.233,-177.732,0.0009736136416904,0.0004303333333333,0.5580040018891375
3902340,19,20.457,-178.428,0.0007957073394209,0.0003926666666666,0.5065187321856615
3902341,2,15.153,154.183,0.0005923197604715,0.0003203333333333,0.4591885081154352
3902341,4,14.583,154.37599999999998,0.0003249701694585,0.0003233333333333,0.005036881163361799
3902341,10,14.806,158.40999999999997,0.0012055496918037,0.00036,0.7013810360140518
3902341,11,15.113,158.185,0.0005488703027367,0.0003586666666666,0.3465365772601165
3902341,12,15.38,157.591,0.0004746921185869,0.0003643333333333,0.23248497485512196
3902341,13,15.632,156.812,0.0005688245291821,0.0003743333333333,0.3419177371419874
3902341,16,16.173,154.62599999999998,0.0004685772873926,0.0003563333333333,0.23954202877369893
3902341,17,16.109,154.065,0.0006654513999819,0.0004163333333333,0.37435951995198435
3902342,1,21.258,-173.378,0.0006623498629778,0.0003903333333333,0.4106840581525374
3902342,86,22.349,-177.616,0.0009949592640623,0.0003756666666666,0.6224301031855337
3902342,87,22.377,-177.626,0.0009569725953042,0.000395,0.5872400088171403
3902342,88,22.363,-177.635,0.000545005488675,0.0003693333333333,0.3223309838012614
3902342,89,22.363,-177.649,0.0005189552903175,0.000387,0.2542710186782544
3902342,90,22.352,-177.646,0.0005269210087135,0.0003426666666666,0.349681145750413
3902342,91,22.356,-177.663,0.000450923515018,0.0003553333333333,0.21198757328254267
3902342,92,22.358,-177.661,0.0004754280380439,0.0003686666666666,0.22455842490181852
3902342,93,22.356,-177.675,0.0005672527477145,0.0003569999999999,0.3706509110122827
3902342,95,22.366,-177.693,0.0005091889179311,0.0003586666666666,0.29561179743677696
3902342,96,22.371,-177.687,0.001231106230989,0.0005206666666666,0.5770741357970983
3902342,97,22.362,-177.707,0.0004713564703706,0.000355,0.24685450966466144
3902342,98,22.369,-177.709,0.000431438034866,0.0003676666666666,0.147811187345146
3902342,99,22.364,-177.719,0.000578939972911,0.0003596666666666,0.3787496398665648
3902342,100,22.363,-177.73,0.0005228389054536,0.0003433333333333,0.3433286433888582
3902342,101,22.361,-177.728,0.0006231920560821,0.000377,0.3950500550823234
3902342,102,22.364,-177.751,0.0005407407879829,0.00035,0.3527397825756985
3902342,103,22.362,-177.739,0.0005250686081126,0.0003663333333333,0.3023133973860794
3902342,104,22.369,-177.752,0.0004087367851752,0.0003783333333333,0.07438393837948291
3902342,105,22.364,-177.728,0.0007351071108132,0.0003576666666666,0.5134495893109547
3902342,106,22.366,-177.726,0.0007351071108132,0.0003716666666666,0.494404745649311
3902342,107,22.357,-177.713,0.0007351071108132,0.000373,0.492590951014778
3902342,108,22.354,-177.701,0.0005508144968189,0.000373,0.3228210184115086
3902342,109,22.35,-177.69,0.0005467532901093,0.000367,0.3287648988328282
3902342,110,22.35,-177.668,0.0006249331636354,0.0003943333333333,0.3689991885862487
3902342,111,22.347,-177.648,0.0010354645783081,0.0003943333333333,0.6191725515346725
3902342,112,22.346,-177.614,0.0010354645783081,0.0003923333333333,0.6211040516959507
3902342,113,22.349,-177.62,0.0013079799246042,0.0003856666666666,0.7051432828502285
3902342,114,22.363,-177.615,0.0013079799246042,0.0003803333333333,0.7092208174002438
3902342,120,22.412,-177.636,0.0011698934249579,0.0003943333333333,0.6629322595368117
3902342,121,22.433,-177.642,0.0012898837449029,0.0003756666666666,0.7087592830353254
3902342,122,22.444,-177.643,0.0010864348150789,0.0003996666666666,0.632130100104004
3902342,123,22.451,-177.655,0.0002512199571356,0.0003843333333333,-0.5298678405786443
3902342,124,22.449,-177.663,0.0004651899798773,0.0003656666666666,0.21394122297507473
3902342,125,22.441,-177.674,0.000479175359942,0.0003689999999999,0.22992701451809994
3902342,126,22.434,-177.676,0.0005786556284874,0.000373,0.3554024507200971
3902342,127,22.433,-177.665,0.0004832116537727,0.0003703333333333,0.2336001616643486
3902342,128,22.43,-177.66,0.0007436482119373,0.0003556666666666,0.5217272616846046
3902342,129,22.438,-177.65,0.000647468434181,0.000401,0.38066478791783026
3902342,130,22.439,-177.639,0.0007502190419472,0.0003796666666666,0.4939255798131012
3902342,131,22.446,-177.641,0.0007515315082855,0.000389,0.4823902980628958
3902342,132,22.457,-177.644,0.0007515315082855,0.0003656666666666,0.5134380094045418
3902342,133,22.461,-177.654,0.0007335322443395,0.0003816666666666,0.47968658554298865
3902342,134,22.466,-177.662,0.0007335322443395,0.0003696666666666,0.49604578460015514
3902342,135,22.462,-177.658,0.0007335322443395,0.0003716666666666,0.4933192514239607
3902342,136,22.46,-177.655,0.0007335322443395,0.0003683333333333,0.4978634733842393
3902342,137,22.463,-177.65,0.0011773388832807,0.0003696666666666,0.6860150701584665
3902342,138,22.462,-177.64,0.0011773388832807,0.0003816666666666,0.6758225927244744
3902342,139,22.469,-177.64,0.0011773388832807,0.0003796666666666,0.6775213389634731
3902343,0,19.535,172.06,0.0013966542901471,0.0006649999999999,0.5238621291673689
3902343,2,19.924,172.149,0.0010388960363343,0.000308,0.703531451436888
3902343,4,21.007,171.171,0.0017941782716661,0.0003176666666666,0.8229458735047492
3902343,10,20.375,171.87900000000002,0.0011445259442552,0.0003699999999999,0.6767220508568923
3902343,18,20.82,173.019,0.0010458016768097,0.0004046666666666,0.6130560166043456
3902344,12,20.956,178.01999999999998,0.0004289899370633,0.000445,-0.037320369438730176
3902344,18,20.356,178.92899999999997,0.000866649672389,0.0004813333333333,0.4446044939860646
3902345,2,14.24,149.053,0.0005884267156943,0.0003896666666666,0.3377821633968095
3902345,4,14.185,150.74099999999999,0.0007384211057797,0.0003979999999999,0.46101215568635295
3902345,6,13.262,151.40800000000002,0.0006306325085461,0.0004199999999999,0.33400198323395264
3902345,9,14.12,151.849,0.0005509357433766,0.0004043333333333,0.2660971116972671
3902345,10,14.218,152.459,0.0004009084077551,0.0004156666666666,-0.03681204640765549
3902345,12,14.021,153.529,0.0004990490851923,0.0004323333333333,0.13368575123886314
3902348,3,25.025,-67.60899999999998,0.0007637452799826,0.0003493333333333,0.5426049201361235
3902348,6,26.318,-68.77300000000002,0.0006689491565339,0.000374,0.44091416164145064
3902348,11,26.539,-66.29399999999998,0.0004669596091844,0.0003393333333333,0.27331330877635074
3902348,12,26.36,-66.23700000000002,0.0007018991746008,0.000335,0.5227234735095269
3902533,22,-4.052,166.947,0.0008405472617596,0.0008969999999999,-0.06716188465372194
3902533,39,-4.596,-177.393,0.0007635617512278,0.0005823333333333,0.23734611850722806
3902556,33,-14.718,-79.79199999999997,0.0035174298100173,0.001129,0.6790269995481595
3902556,45,-13.864,-81.22199999999998,0.0017599273705855,0.0008716666666666,0.5047144096766844
3902615,4,26.241,-37.535000000000025,0.0006574004073627,0.0006356666666666,0.033060126602734455
3902615,5,26.044,-37.40899999999999,0.0009495074045844,0.0006253333333333,0.34141289439758626
3902615,6,25.762,-37.33600000000001,0.0009665820980444,0.0006063333333333,0.37270374181350907
4903026,310,36.5,-126.986,0.0026047928258776,0.0011473333333333,0.5595299088914132
4903026,319,37.038,-126.81,0.0014018986839801,0.0009386666666666,0.3304318797121259
4903026,325,37.248,-126.282,0.0016039002221077,0.0005856666666666,0.6348484409479226
4903026,326,37.234,-126.156,0.0010245069861412,0.000716,0.301127264444716
4903026,327,37.198,-126.014,0.0011094756191596,0.001412,-0.27267330224845737
4903026,328,37.132,-125.874,0.0006611893768422,0.000575,0.1303550538785653
4903026,331,37.004,-125.468,0.0008576998952776,0.0009729999999999,-0.1344294261397601
4903026,332,37.0,-125.37,0.0017021585954353,0.0008266666666666,0.5143421600763394
4903026,333,37.039,-125.293,0.0009953820845112,0.0008516666666666,0.14438216246897195
4903026,334,37.097,-125.228,0.0007148055010475,0.0008776666666666,-0.22783983248651238
4903026,335,37.17,-125.162,0.0008055780781432,0.0011403333333333,-0.4155466295230962
4903026,343,37.56,-125.49,0.0037840318400412,0.0049383333333333,-0.305045396573495
4903026,348,37.558,-125.954,0.001097083906643,0.0019356666666666,-0.7643743153516894
4903026,349,37.554,-126.081,0.001651938073337,0.0016316666666666,0.012271287282247119
4903026,350,37.536,-126.239,0.0010331742232665,0.001009,0.02339801237981972
4903026,351,37.514,-126.404,0.0020104581490159,0.0022373333333333,-0.11284750415145582
4903026,352,37.505,-126.58,0.0027971181552857,0.0014233333333333,0.491142935580453
4903026,354,37.517,-126.953,0.004045985173434,0.001907,0.5286685644521412
4903026,368,38.175,-127.371,0.0007651584455743,0.001174,-0.5343227364089778
4903026,369,38.071,-127.152,0.0008068397874012,-8.899999999999995e-05,1.0
4903026,373,38.045,-126.612,0.0005986674805171,0.0012063333333333,-1.0
4903026,374,38.118,-126.513,0.0010887347161769,0.0007483333333333,0.31265778319159504
4903026,375,38.223,-126.425,0.0011888007866218,0.001008,0.15208669834041696
4903026,397,38.4,-126.159,0.0008921655244193,0.001211,-0.35737143708643715
4903026,398,38.342,-125.995,0.001546015497297,0.0013183333333333,0.14727029862363705
4903026,402,37.851,-126.003,0.0020260387100279,0.000904,0.5538091175032134
4903026,415,37.388,-126.423,0.0009029788780026,0.001779,-0.9701457512884123
4903273,112,38.475,-66.75999999999999,0.0024907041806727,0.0048146666666666,-0.9330543964342782
4903273,118,37.738,-61.339,0.0005672313272953,0.0004306666666666,0.2407565556716944
4903273,120,37.948,-59.91500000000002,0.0006049099029041,0.0004866666666666,0.19547247560310776
4903274,109,27.114,-74.32999999999998,0.0006340671679936,0.0004863333333333,0.232993982526771
4903274,110,27.173,-74.09100000000001,0.0007777426508255,0.000522,0.32882683051270684
4903274,111,27.494,-73.993,0.0010257278336212,0.0005223333333333,0.49076810025787304
4903274,112,28.001,-74.589,0.001895040506497,0.0004316666666666,0.7722124328283938
4903274,113,28.735,-75.11000000000001,0.0006291717290878,0.0006326666666666,-0.005554822979518049
4903274,119,29.346,-76.44299999999998,0.000621452985797,0.000745,-0.1988034767337285
4903274,121,28.39,-75.476,0.0013436235021799,0.0005826666666666,0.5663467736897432
4903274,122,28.414,-74.87900000000002,0.0006326673901639,0.000578,0.0864077886956332
4903274,125,28.445,-76.65300000000002,0.0005289419204927,0.0004403333333333,0.16752044738080632
4903274,136,23.662,-71.84199999999998,0.0009576296433806,0.0004053333333333,0.576732679345219
4903274,138,23.0,-71.608,0.0014561481075361,0.0004146666666666,0.715230432590924
4903274,139,22.367,-71.42000000000002,0.0008794204331934,0.0003966666666666,0.5489453602684644
4903274,140,22.172,-70.62099999999998,0.0007610152824781,0.000445,0.4152548440933499
4903274,141,23.079,-70.93,0.0009816661477088,0.0004556666666666,0.5358231841546927
4903274,143,23.17,-69.37,0.0006463153404183,0.0004646666666666,0.28105270352106393
4903274,144,22.654,-69.29399999999998,0.0013406154466792,0.0004506666666666,0.6638359883269036
4903456,63,37.642,-50.685,0.0030196420848369,0.0010223333333333,0.6614389041446548
4903456,65,38.326,-52.259000000000015,0.0022324384190142,0.0007936666666666,0.6444844077638354
4903456,66,38.408,-52.12299999999999,0.0014301334740594,0.000611,0.5727671500019568
4903456,67,37.904,-51.98700000000002,0.0010070350253954,0.0006386666666666,0.36579498174273
4903456,68,37.508,-52.55799999999999,0.000872675620485,0.0006416666666666,0.2647134266109256
4903456,69,37.169,-53.036,0.0004164105630479,0.0005093333333333,-0.22315180865071152
4903456,70,37.235,-52.932000000000016,0.0012149976100772,0.0005913333333333,0.5133049411548002
4903458,68,13.316,-58.291,0.0017645945772528,0.0008873333333333,0.49714606132659644
4903458,69,13.267,-57.696000000000026,0.0007842982304282,0.0007623333333333,0.02800579708423909
4903458,70,13.077,-57.141999999999996,0.0005132913938723,0.0007956666666666,-0.5501266457324454
4903458,71,14.051,-56.93000000000001,0.0013838688610121,0.0006263333333333,0.547404128397522
4903458,84,14.51,-55.07900000000001,0.0003858221461996,0.0005983333333333,-0.5508009045799048
4903458,85,14.021,-55.089999999999975,0.0010297186672687,0.0006476666666666,0.37102561383633276
4903459,75,3.016,-23.281000000000006,0.0006555467844009,0.0005976666666666,0.08829288635317811
4903459,81,3.207,-24.48599999999999,0.0005243069026619,0.000889,-0.6955718024816334
4903462,56,7.713,-55.17599999999999,0.0009581243502907,0.0011099999999999,-0.15851350575018794
4903462,66,10.102,-53.23599999999999,0.0007772775716148,0.0007053333333333,0.092559261850352
4903462,67,10.782,-53.16300000000001,0.0008209426887333,0.0006793333333333,0.17249603089650586
4903462,68,10.618,-52.98599999999999,0.0009487754432484,0.0009406666666666,0.00854657088724527
4903462,82,10.662,-51.06,9.094960114452988e-05,0.0006616666666666,-1.0
4903463,72,5.783,-22.283999999999992,0.0004952489398419,0.000793,-0.6012149369833119
4903463,74,5.671,-22.692000000000007,0.0004434604779817,0.0009626666666666,-1.0
4903485,35,28.501,-16.067000000000007,0.0006939760642126,0.000794,-0.14413167967239518
4903485,37,28.198,-16.007000000000005,0.0005109138437546,0.0004646666666666,0.09051854369053522
4903485,38,27.913,-16.494000000000028,0.0006743245176039,0.0005836666666666,0.13444246586115177
4903485,40,27.555,-16.99000000000001,0.0024003989528864,0.0005213333333333,0.782813880706616
4903485,41,27.237,-17.101999999999975,0.0007650399347767,0.0005733333333333,0.25058378357641603
4903485,43,26.816,-16.795000000000016,0.000803216069471,0.0005896666666666,0.2658679412938589
4903485,46,27.651,-17.25799999999998,0.0003949434321839,0.0006966666666666,-0.763965697098127
4903485,53,26.184,-15.649000000000001,0.0011606317711994,0.0007036666666666,0.39372100253689507
4903485,63,25.616,-16.581999999999994,0.0001604100398253,0.0007116666666666,-1.0
4903485,67,26.063,-16.649,0.0008373009623028,0.0009273333333333,-0.10752689305752988
4903485,69,25.873,-16.778999999999996,0.0011555793462321,0.0012823333333333,-0.10968869209587047
4903485,71,25.628,-16.548999999999978,0.0008189005893655,0.0009243333333333,-0.12874913675357272
4903486,49,4.783,-19.59699999999998,0.0025060826446861,0.001106,0.5586737722536153
4903486,62,4.927,-21.642999999999972,0.0006935812998563,0.0007126666666666,-0.027517130023912387
4903487,37,25.341,-22.88900000000001,0.0007647580932825,0.0008449999999999,-0.10492456035736093
4903487,41,25.517,-22.307999999999993,0.0011238475563004,0.0009099999999999,0.19028164015808857
4903487,47,26.061,-24.089,0.0011112038046121,0.0006193333333333,0.44264649674278483
4903487,49,26.358,-24.649,0.0009691211744211,0.0005639999999999,0.41802943234956896
4903487,50,26.509,-24.75999999999999,0.000681770092342,0.0005683333333333,0.16638564859749838
4903487,53,26.414,-24.25400000000002,0.0008155053365044,0.0005536666666666,0.3210753604141341
4903487,55,26.191,-24.267999999999972,0.0046086865477263,0.0005183333333333,0.8875312243595693
4903487,58,25.55,-23.514999999999986,0.0006331366603262,0.00057,0.09972043048916368
4903487,65,26.679,-23.713000000000022,0.0009754395578056,0.0007563333333333,0.22462306630788373
4903487,71,26.84,-22.911,0.0014244490303099,0.0008573333333333,0.39812986278155527
4903487,75,26.568,-22.706999999999994,0.0006720964447595,0.000615,0.08495275522537717
4903488,42,54.455,-16.821000000000026,0.0017694580601528,0.0008286666666666,0.5316833524751408
4903488,70,55.103,-25.011000000000024,0.0007294191163964,0.0009683333333333,-0.3275403832534915
4903489,42,-2.217,-17.089999999999975,0.0003909788501914,0.0008386666666666,-1.0
4903489,44,-2.636,-16.613999999999976,0.0006715464987792,0.0009733333333333,-0.4493908241688645
4903489,72,-2.635,-16.50400000000002,0.0004368725931271,0.0006406666666666,-0.46648399726967965
4903489,74,-2.655,-17.165999999999997,0.0007322715246118,0.0006773333333333,0.07502434470277193
4903489,78,-3.314,-19.93599999999998,0.0010728768538683,0.0006836666666666,0.3627724708557065
4903533,35,41.488,-27.726999999999975,0.0015639731427654,0.0011953333333333,0.23570725056075778
4903533,37,41.134,-28.24200000000002,0.0026440361980348,0.0021226666666666,0.19718698698441117
4903533,43,40.865,-28.25,0.0028652038890868,0.0006879999999999,0.7598774723780024
4903533,44,41.144,-28.28800000000001,0.001455471618101,0.0008156666666666,0.43958600324283464
4903533,45,41.204,-28.432999999999993,0.0014720192411914,0.0008506666666666,0.4221090031553523
4903533,46,41.094,-28.697000000000003,0.0020517895463854,0.00086,0.5808536984141253
4903533,47,41.071,-29.007000000000005,0.0007316711125895,0.0006953333333333,0.04966408900249578
4903564,0,25.404,-29.01400000000001,0.0005733796861022,0.000718,-0.2522243417462521
4903564,5,24.402,-29.023000000000025,0.0007663897122256,0.000876,-0.14302160640451594
4903564,6,24.178,-28.84699999999998,0.0011736641172319,0.000676,0.4240260138527933
4903565,0,18.238,-49.012,0.0016031846171244,0.0005073333333333,0.6835465311267186
4903565,4,16.114,-49.32400000000001,0.0011557615362107,0.000562,0.5137405231164007
4903570,13,31.882,-65.34100000000001,0.0011992813087999,0.000945,0.21202807626040215
4903570,14,32.27,-65.25599999999997,0.0009501458844169,0.0008313333333333,0.12504664076560687
4903570,16,32.632,-64.839,0.0005937668029218,0.000612,-0.030707673430845763
4903570,17,32.675,-64.78899999999999,0.0008862899267114,0.0005653333333333,0.3621349895840711
4903570,19,32.568,-64.85399999999998,0.0009359218529425,0.000611,0.3471677169637176
4903570,20,32.926,-64.47300000000001,0.0012752764159813,0.0004586666666666,0.6403394111905809
4903570,21,32.941,-65.21499999999997,0.0010285523021593,0.0004746666666666,0.5385099370541444
4903570,24,33.239,-65.64100000000002,0.000121645782201,0.000502,-1.0
4903570,25,33.268,-67.80099999999999,0.0007263459847308,0.000543,0.25242238352670476
4903570,30,32.016,-66.32100000000003,0.001445781905204,0.00046,0.6818330632412405
4903570,32,31.471,-67.03699999999998,0.0007630694890394,0.0004273333333333,0.4399811033314225
4903570,43,31.633,-68.70999999999998,0.0004829638055525,0.0006296666666666,-0.3037553941465141
4903570,44,32.005,-68.32600000000002,0.0005296056624501,0.0006963333333333,-0.3148147436941523
4903570,45,32.175,-67.719,0.0006156508461572,0.0007506666666666,-0.21930583114138216
4903570,48,32.145,-66.54599999999999,0.0012733108596876,0.0006526666666666,0.48742550831088627
4903570,49,32.286,-66.75299999999999,0.0009573136339895,0.0006503333333333,0.32066847243874835
4903571,5,19.99,-22.78800000000001,0.0015954583650454,0.001011,0.3663263033684799
4903571,14,19.998,-23.13299999999998,0.0006786012672819,0.0012406666666666,-0.8282704829538885
4903571,17,20.153,-23.944000000000017,0.0010659425752237,0.000811,0.23917102210707494
4903571,23,20.972,-26.687999999999988,0.0002870238386094,0.0006763333333333,-1.0
4903571,28,22.27,-28.32299999999998,0.0009080328745767,0.0006216666666666,0.31536986812685186
4903571,32,20.632,-28.754999999999995,0.0012722675455734,0.0009683333333333,0.23889174356256915
4903571,34,20.311,-28.76400000000001,0.0009591247653588,0.0006116666666666,0.3622657981959406
4903571,38,20.241,-28.899999999999977,0.0012705447152256,0.0006116666666666,0.5185791894321551
4903587,99,32.848,-155.995,0.0018195325974375,0.0006163333333333,0.6612683201162212
4903747,31,-26.227,108.80599999999998,0.0008669249946251,0.0006246666666666,0.27944554541683747
4903830,5,26.97,-35.94,0.0018964593764394,0.0006483333333333,0.6581348689100079
4903831,0,-19.997,7.968999999999994,0.0010870187543332,0.0011653333333333,-0.07204528780015368
4903831,1,-19.892,8.197000000000003,0.0006858416018076,0.0018806666666666,-1.0
5906026,115,53.889,-137.834,0.0023111726623028,0.0028623333333333,-0.23847663137436734
5906036,198,-31.222,48.506,0.0007135540363378,0.000795,-0.11414126963699651
5906036,216,-31.864,49.03800000000001,0.0011991264764219,0.000501,0.5821958651976854
5906304,127,-33.862,-166.957,0.000749021070078,0.0005016666666666,0.33023690960474794
5906304,135,-35.38,-168.318,0.0004724049649666,0.0006093333333333,-0.28985378757901303
5906304,141,-32.012,-171.844,0.0012867596233263,0.0003623333333333,0.7184141258670668
5906305,127,-30.61,-80.36900000000003,0.0014308480313047,0.0003923333333333,0.7258036320072676
5906305,140,-30.584,-80.233,0.0016842277254909,0.000718,0.5736918534631501
5906305,149,-29.464,-80.41199999999998,0.0007160217501223,0.0007103333333333,0.007944474854329914
5906305,151,-29.336,-80.23500000000001,0.001710086944513,0.0007913333333333,0.537255496936937
5906305,155,-29.293,-80.11200000000002,0.0012810855405405,0.0006519999999999,0.4910566239590714
5906305,159,-29.255,-79.798,0.0014665449270978,0.0005426666666666,0.6299692858775877
5906306,135,-37.299,-87.344,0.0013442854396998,0.0006943333333333,0.48349263271916754
5906307,152,-38.241,-152.47,0.0006170363631099,0.000538,0.1280902841958163
5906308,124,-36.818,-77.106,0.0012844495940953,0.0014733333333333,-0.1470542247094094
5906308,132,-36.65,-75.80700000000002,0.0025009883102029,0.0012406666666666,0.5039294419709033
5906308,135,-37.137,-76.96199999999999,0.0054399967193603,0.002306,0.5761026855414783
5906308,138,-37.406,-77.58100000000002,0.0043713613413274,0.002015,0.5390451983573318
5906308,140,-37.6,-77.81700000000001,0.0063352161087095,0.0018393333333333,0.7096652581741246
5906308,144,-37.521,-78.055,0.0020538819953799,0.001554,0.24338399017293028
5906308,145,-37.456,-78.113,0.001620287890546,0.0018793333333333,-0.1598761826825772
5906308,147,-37.322,-78.35300000000001,0.0037700633984059,0.0016169999999999,0.5710947458645874
5906308,148,-37.285,-78.531,0.001591371721588,0.0018373333333333,-0.15455949631922555
5906308,150,-37.089,-78.92200000000003,0.0026687574572861,0.0015763333333333,0.40933810637992657
5906308,154,-36.368,-78.53300000000002,0.0009263009415008,0.00091,0.01759788937965351
5906308,155,-36.616,-78.24900000000002,0.0007464293739758,0.000668,0.10507273254541404
5906310,149,-34.161,-156.617,0.0009013197850435,0.0003046666666666,0.6619771675688935
5906339,140,13.572,-56.519000000000005,0.0011515675578266,0.0005393333333333,0.5316528937727235
5906488,93,-36.158,-45.71199999999999,0.0015592335257679,0.001248,0.19960674307244777
5906488,95,-38.235,-47.22300000000001,0.0013432303676381,0.0008839999999999,0.3418850397536041
5906510,102,27.064,133.50599999999997,0.0007370001985691,0.0008386666666666,-0.1379463238882261
5906513,74,27.262,137.07799999999997,0.0022346868645399,0.00044,0.8031044049249416
5906537,51,-11.507,58.285,0.0008122947183437,0.0004276666666666,0.47350800515036134
5906537,59,-11.239,58.45600000000002,0.0015628761611878,0.0004443333333333,0.715695111124094
5906537,66,-11.664,58.97300000000001,0.001121484558098,0.0006666666666666,0.40554984742969247
5906537,69,-11.529,58.476,0.0006573341670446,0.0005103333333333,0.22363181632900894
5906537,71,-11.282,58.38900000000001,0.0008090095943771,0.0004146666666666,0.48743912365356534
5906537,72,-11.033,58.22300000000001,0.0013278110418468,0.0004406666666666,0.6681254690775171
5906537,73,-10.992,58.143,0.0005292400019243,0.00041,0.2253042126270635
5906537,74,-10.944,57.90699999999998,0.000913165800739,0.000479,0.47545122735393897
5906537,85,-10.465,57.53800000000001,0.0023046985734254,0.0004023333333333,0.8254290873555215
5906537,87,-11.111,58.037000000000006,0.000239938031882,0.0004993333333333,-1.0
5906537,88,-11.852,58.087999999999994,0.000780499249231,0.0007303333333333,0.06427413728728996
5906537,89,-11.49,58.514999999999986,0.0009766382863745,0.000651,0.33342772950602034
5906538,53,-25.889,52.47200000000001,0.0004466248792596,0.0006343333333333,-0.4202821266582304
5906538,56,-24.827,52.405,0.0006934626144357,0.000619,0.10737797955596119
5906538,58,-25.116,51.857,0.0010464387014508,0.000588,0.43809417676851303
5906538,59,-25.286,51.351,0.0004414364520926,0.0005996666666666,-0.35844392510840517
5906538,60,-25.441,50.99799999999999,0.0007338529103435,0.0006306666666666,0.14060889072253036
5906538,61,-25.805,50.803,0.0005592566449195,0.000685,-0.22484016278179325
5906538,73,-27.128,50.34700000000001,0.0011460952227935,0.0005986666666666,0.4776466608006567
5906538,74,-27.676,49.57900000000001,0.0007260425481945,0.0007883333333333,-0.08579495140292093
5906538,75,-28.319,49.46600000000001,0.0011861716629937,0.000824,0.305328203575222
5906538,76,-28.672,49.75399999999999,0.0017115167574957,0.0007356666666666,0.5701668339239452
5906538,78,-28.519,50.75399999999999,0.0007391059189103,0.0007043333333333,0.047046823313587956
5906538,80,-28.303,50.85300000000001,0.0010270554339513,0.0008659999999999,0.15681279571423482
5906538,81,-28.154,50.869,0.0007371078827418,0.0006933333333333,0.059386896319264755
5906539,53,-7.814,76.41500000000002,0.0011629564687609,0.0006479999999999,0.4427994362589279
5906539,73,-10.65,77.81200000000001,0.0013780338922515,0.0005903333333333,0.5716118909319536
5906539,79,-11.367,75.707,0.0006925205234438,0.0005936666666666,0.14274502116646975
5906539,84,-12.881,75.53399999999999,0.0007721042493358,0.0004776666666666,0.38134433649664395
5906539,87,-13.575,75.07499999999999,0.0003808940818998,0.0006053333333333,-0.5892432098552326
5906540,59,-12.626,46.554,0.0005799389909952,0.0006656666666666,-0.14782188644410293
5906540,60,-11.906,46.781000000000006,0.0016874382272362,0.000559,0.6687286141931442
5906540,61,-11.729,46.62700000000001,0.0006379010155797,0.0005716666666666,0.10383170318816431
5906540,64,-12.011,47.66899999999998,0.0004863510839641,0.0005853333333333,-0.20352015783007163
5906540,65,-12.929,47.56100000000001,4.4886157411383465e-05,0.0005223333333333,-1.0
5906540,66,-13.354,47.52000000000001,0.0005590004730038,0.000532,0.04830134196257904
5906540,68,-13.363,47.506,0.0005172409000806,0.0004503333333333,0.129354748893357
5906540,70,-13.207,47.638000000000005,0.0014086258597671,0.0005083333333333,0.6391282115058238
5906540,74,-12.823,47.364000000000004,0.0011105865705758,0.0004996666666666,0.5500876024391863
5906540,76,-13.005,47.238,0.0013141423696652,0.0004779999999999,0.6362646764660068
5906540,83,-12.888,47.033000000000015,0.0004700126301031,0.0005013333333333,-0.0666380033730786
5906540,86,-13.436,47.345,0.0008083040593191,0.000762,0.057285446961760515
5906540,87,-13.636,47.209,0.0006689756410196,0.0007353333333333,-0.09919298737479121
5906540,88,-13.524,47.30799999999999,0.0005124215967953,0.0007396666666666,-0.44347285768690753
5906540,89,-13.75,47.28800000000001,0.0017104593571275,0.0006833333333333,0.6004971819494899
5906540,90,-13.834,47.21600000000001,0.0005251279799267,0.00082,-0.5615241071604291
5906540,91,-13.608,47.41,0.0007742921006865,0.0007363333333333,0.049023833924619856
5906541,51,-38.646,-53.766999999999996,0.0010999476071447,0.0008233333333333,0.2514794995822114
5906541,69,-38.954,-40.40199999999999,0.0016722788568586,0.0014663333333333,0.12315262055765729
5906563,70,18.954,-125.731,0.0007933415472507,0.0004996666666666,0.37017458823607685
5906563,75,18.805,-125.654,0.0014303309144452,0.0004729999999999,0.6693072944009126
5906563,77,19.021,-125.698,0.0017018017824739,0.000453,0.7338115374744312
5906563,79,19.03,-125.706,0.0008148862980306,0.0004469999999999,0.451457214239336
5906564,58,8.485,-162.727,0.0010431980481371,0.000695,0.333779428325137
5906564,65,7.913,-163.59,0.0008701982442289,0.0005603333333333,0.35608542415547795
5906564,66,8.144,-163.62,0.0006017021369189,0.0005333333333333,0.11362566191918824
5906564,78,10.458,-161.849,0.0010877905879169,0.000482,0.5569000087387945
5906564,81,10.906,-159.85,0.001002543605864,0.000547,0.45438782233457964
5906564,82,10.896,-159.225,0.0004917525220662,0.0005393333333333,-0.09675763546098227
5906564,83,10.688,-158.651,0.0009755862411111,0.0005216666666666,0.46527877835539044
5906564,84,10.52,-158.851,0.000909445923753,0.0005786666666666,0.36371514616435585
5906564,85,10.346,-159.569,0.0007627070881426,0.001072,-0.4055199127762306
5906564,86,10.155,-160.504,0.0005255439900793,0.000671,-0.27677228294200845
5906564,88,10.151,-162.442,0.0005375026958063,0.0005179999999999,0.03628390324097671
5906566,77,-25.924,-158.566,0.0019131893059238,0.0003503333333333,0.8168851706161202
5906566,81,-25.603,-159.43,0.0008808759739622,0.0003133333333333,0.6442934730936983
5906566,85,-26.367,-160.712,0.0007071064901538,0.0003923333333333,0.445156650665213
5906765,149,4.128,170.78200000000004,0.0010938891209661,0.0009633333333333,0.11935011065609269
5906765,153,4.728,169.288,0.0028396006673574,0.000732,0.742217274275676
5906767,94,2.262,-173.28,0.000885289045982,0.0005746666666666,0.35087114284899407
5906767,101,2.421,-171.451,0.002345573157072,0.0005046666666666,0.7848429220188639
5906767,103,2.145,-169.755,0.0024287751875817,0.0005873333333333,0.7581771518680162
5906767,107,2.628,-168.803,0.0021123464684933,0.0006113333333333,0.7105904062370253
5906767,108,2.527,-169.38,0.0013742896262556,0.000405,0.705302294172542
5906767,110,2.743,-169.697,0.0009922001045197,0.0006696666666666,0.32506894162164046
5906767,114,2.554,-169.408,0.0008766190730966,0.0008183333333333,0.06648924436176074
5906767,116,2.149,-168.088,0.0006660163053311,0.0006276666666666,0.05758063032020672
5906767,120,1.994,-165.07,0.0014144201995804,0.0008803333333333,0.37760127181833336
5906767,121,1.885,-164.009,0.0013554339529946,0.0006186666666666,0.5435656121054356
5906767,122,1.808,-163.298,0.0006976100266911,0.000629,0.09835011548863588
5906767,123,1.7,-161.865,0.000761873612646,0.0005903333333333,0.22515582173391946
5906767,124,2.239,-160.535,0.0009053436224348,0.0008553333333333,0.055239014074019786
5906767,125,2.166,-159.821,0.0008544432348571,0.0005876666666666,0.31222269345384496
6990590,0,21.679,-117.954,0.0003605345264077,0.000422,-0.1704842923220994
6990590,2,22.076,-117.647,0.0004260054556652,0.0003876666666666,0.08999600471955138
6990590,3,22.064,-117.515,0.0002517106768209,0.000444,-0.763929943726304
6990671,4,-15.386,-13.745999999999981,0.0008158363052643,0.0004663333333333,0.4283984050179947
6990671,5,-15.777,-13.76600000000002,0.000645576743409,0.0004066666666666,0.37007231004144214
6990687,1,30.159,-71.452,0.0008429174195043,0.0010656666666666,-0.2642598693633519
6990687,2,30.215,-71.67899999999997,0.0013657814124599,0.0009053333333333,0.3371316046081561
6990687,3,30.165,-72.18599999999998,0.001151088043116,0.0007469999999999,0.35104877123233075
6990687,5,30.162,-73.02999999999997,0.0010040997294709,0.0011316666666666,-0.1270460826265935
6990687,7,30.328,-73.87599999999998,0.0005702949711121,0.000633,-0.10995192324004277
7901095,24,-0.475,142.7,0.0008725688676349,0.000501,0.42583328539102966
7901095,35,0.102,147.074,0.0009781117551028,0.0004806666666666,0.5085769451609528
7901095,39,1.469,148.747,0.0005074687651358,0.0004436666666666,0.12572615863781553
7901095,54,0.436,146.01800000000003,0.0006869513890706,0.0004943333333333,0.28039546728029696
7901097,39,8.466,174.098,0.0005062835407443,0.0003736666666666,0.2619419029161735
7901097,49,7.229,170.56100000000004,0.0008868554723449,0.0007326666666666,0.17386012770560616
7901097,52,7.441,169.512,0.0008022854453884,0.0007043333333333,0.12209134868161509
7901097,54,8.179,168.752,0.0006516047287732,0.000446,0.31553596788700333
7901098,20,8.111,-169.667,0.0023069104645401,0.0004896666666666,0.7877391974273181
7901098,25,7.479,-174.085,0.0013612264301627,0.0005899999999999,0.5665673344813174
7901098,30,7.728,-175.266,0.0015582026680931,0.0005896666666666,0.6215725471782029
7901098,34,7.148,-174.136,0.0010255504166707,0.0004566666666666,0.5547106614718155
7901098,35,6.911,-173.199,0.0006157110328786,0.000415,0.3259825180332188
7901098,37,7.452,-171.889,0.0007161615067161,0.0004109999999999,0.42610710552636805
7901098,38,7.052,-170.971,0.0011854188051074,0.0004373333333333,0.6310727217680023
7901098,39,6.626,-170.044,0.0026924416888505,0.0003943333333333,0.8535406226377162
7901098,40,7.044,-169.523,0.00068642036058,0.0003833333333333,0.4415472568304975
7901098,45,7.707,-167.486,0.0005291360430419,0.0005646666666666,-0.06714837156138768
7901098,48,7.86,-168.532,0.0012288499856367,0.0008306666666666,0.3240292335307231
7901098,49,7.871,-168.91,0.0005935741937719,0.000712,-0.19951306419768117
7901098,50,7.751,-169.545,0.0007148417062126,0.0008703333333333,-0.2175189636661399
7901098,51,7.655,-170.205,0.0013122733216732,0.0007576666666666,0.42263044279484
7901098,52,7.64,-170.684,0.0010495338356122,0.0006386666666666,0.39147586767027703
7901103,25,-49.784,-47.95600000000002,0.0019049210241064,0.0022766666666666,-0.1951501599572015
7901103,26,-50.276,-47.22500000000002,0.0041932919993996,0.003111,0.258100795163934
7901107,21,-41.871,129.45299999999997,0.0013635436771437,0.001274,0.06566982682305628
7901109,0,8.658,-90.122,0.0023530169855803,0.0022556666666666,0.041372552561362665
7901109,2,10.126,-89.85300000000001,0.0010432800045236,0.0008373333333333,0.19740306561740614
7902101,14,2.682,-93.235,0.001500706654042,0.0006776666666666,0.5484349557314389
7902101,20,2.892,-94.48399999999998,0.0006927229114808,0.0006306666666666,0.08958306963103825
7902101,25,2.441,-93.62,0.0012282698880881,0.000793,0.35437642191622254
7902101,26,2.727,-93.961,0.0026615234091877,0.0008363333333333,0.6857689357733097
7902102,14,-1.181,-94.978,0.0024194221477955,0.001497,0.381257214097995
7902102,22,-0.801,-95.176,0.0017864280380308,0.002149,-0.2029591756569535
7902102,24,-1.456,-93.98000000000002,0.0022254944778978,0.0011556666666666,0.4807146554871519
7902102,25,-1.963,-93.49400000000004,0.001603341079317,0.00112,0.30145867623057243
7902103,12,7.228,-99.43200000000002,0.0037877964787185,0.000745,0.8033157261257999
7902103,19,7.526,-101.48000000000002,0.0010576552012935,0.0007019999999999,0.33626762375738134
7902103,20,7.425,-101.70800000000004,0.0006253210594877,0.0007213333333333,-0.1535407650019958
7902103,21,7.283,-102.07,0.0019917169120162,0.0008393333333333,0.5785880371504959
7902103,24,7.135,-102.336,0.000827640236821,0.0005956666666666,0.28028309866303747
7902103,27,7.354,-102.555,0.0012485269689932,0.0005573333333333,0.5536072930945751
7902104,20,11.97,-106.077,0.0010063786758109,0.000981,0.025217819515552315
7902104,21,11.817,-106.022,0.0008810385479591,0.0010626666666666,-0.2061522950706712
7902104,22,11.52,-106.082,0.0006422509322874,0.0006013333333333,0.06370967622946139
7902104,23,11.573,-106.15,0.000856349710375,0.0006276666666666,0.2670439902505
7902104,24,11.65,-106.149,0.0007363594486378,0.0007153333333333,0.028554146135282708
7902104,26,11.167,-105.802,0.0008348078117705,0.0004883333333333,0.4150350218960943
7902111,0,40.043,-139.964,0.0008356968755833,0.000525,0.37178178435385406
7902111,1,40.058,-139.965,0.0024055417161434,0.000453,0.8116848288433525
7902111,2,40.064,-139.954,0.0024055417161434,0.0004793333333333,0.8007378836473581
7902111,20,40.289,-140.301,0.0011848745634779,0.0003913333333333,0.6697259394406782
7902111,21,40.382,-140.267,0.0008849540026858,0.0003313333333333,0.6255925931430146
7902112,10,40.505,-149.605,0.0008113813819363,0.0006619999999999,0.18410748047966383
7902112,18,40.636,-149.236,0.0008187863859347,0.0004136666666666,0.49478072208739576
7902136,0,2.961,-140.012,0.001553562702611,0.0006733333333333,0.566587603962389
7902136,1,4.005,-139.453,0.0007988778525032,0.00078,0.023630461708317795
7902136,7,3.947,-136.715,0.0001795861026039,0.000863,-1.0
7902136,8,3.748,-136.272,0.0018381254049018,0.0007273333333333,0.6043070122453604
7902136,9,3.925,-135.766,0.0012370912590995,0.000899,0.2732953261229915
7902136,10,4.085,-135.307,0.0032438864000141,0.0009336666666666,0.7121765217602745
7902136,13,3.838,-134.27,0.0011798308696597,0.0007043333333333,0.40302177926870847
7902226,3,27.225,-46.02199999999999,0.0015067883068695,0.0004766666666666,0.6836538586784485
7902226,4,27.479,-46.221000000000004,0.000655299925711,0.000401,0.3880664650390197
7902226,5,27.563,-46.293000000000006,0.0004796459979843,0.0004283333333333,0.10698028309761816
7902226,8,26.949,-46.99400000000003,0.0014005288248881,0.0004153333333333,0.7034453515324938
