wmo,cycle,lat,lon,rel_delta
1902368,13,56.348,-147.356,-0.3196517383316442
1902369,4,45.006,-133.357,-0.7448636005931725
1902369,5,45.02,-133.356,-0.5014140309755891
1902369,6,45.02,-133.354,-0.43875202298569416
1902369,7,45.038,-133.348,-0.17029081825274214
1902369,25,45.367,-132.841,0.8897869751803207
1902369,27,45.161,-132.562,0.5644716044575386
1902369,32,44.734,-131.99,0.7572095748566614
1902369,33,44.703,-131.969,0.05400489511788568
1902371,1,51.953,-142.962,0.5336890066564404
1902371,2,51.953,-142.968,0.5520885147388541
1902371,3,51.953,-142.973,0.557676364906162
1902371,4,51.956,-142.975,0.5662975059903052
1902371,5,51.96,-142.974,0.5835924888312786
1902371,6,51.963,-142.971,0.571673584616763
1902371,7,51.962,-142.973,0.5808656656026941
1902371,8,51.957,-142.978,0.5616360681011446
1902380,81,17.269,-44.988,0.7661782456674219
1902380,84,18.394,-44.495000000000005,0.8366688835007022
1902380,93,18.572,-42.78699999999998,0.648053568969756
1902380,94,18.677,-42.742999999999995,-0.5534120862909275
1902380,95,18.753,-42.778999999999996,-0.3968638439634816
1902380,96,18.806,-42.685,0.8416530399228369
1902380,98,18.774,-41.93799999999999,0.6574479521478468
1902380,100,18.611,-41.692999999999984,0.25342776571519543
1902380,112,18.11,-42.64499999999998,0.7044504599562413
1902380,114,17.827,-42.579999999999984,0.7733444652166395
1902380,116,18.235,-42.77600000000001,0.6736275564131642
1902380,117,18.466,-43.15899999999999,0.18404047887079233
1902380,118,18.66,-43.49400000000003,0.5491892809648788
1902382,94,19.015,-30.153999999999996,0.24661657000399578
1902382,98,19.109,-31.202999999999975,0.4752389872861025
1902382,111,20.086,-32.50400000000002,0.6493868144990753
1902382,113,19.997,-32.218999999999994,0.7152087436061245
1902382,114,19.829,-32.09699999999998,0.7579262443901349
1902382,115,19.563,-31.92500000000001,0.7407114949173667
1902384,81,20.736,-41.61099999999999,0.5365779977480559
1902384,84,20.254,-41.01799999999997,0.5971310412885082
1902384,91,20.106,-42.43099999999998,-1.1117443289906346
1902384,92,20.079,-42.58100000000002,0.4910113400528379
1902384,93,20.052,-42.759000000000015,0.743453003658127
1902384,94,19.908,-42.93099999999998,0.6338311252379523
1902384,95,19.62,-43.048,0.6265178662591139
1902384,96,19.385,-43.041,0.483091583998511
1902384,97,19.27,-42.77999999999997,0.5210040739607721
1902384,100,19.188,-41.66699999999997,0.7124299274442795
1902384,112,19.344,-41.05500000000001,0.7898532595338175
1902385,80,24.994,-55.40499999999997,0.3428618799195832
1902385,82,25.584,-56.418000000000006,0.48169856408386913
1902385,84,26.777,-57.115999999999985,0.5351968750327389
1902385,90,25.544,-58.12099999999998,-0.25961843555903685
1902385,92,25.143,-58.93599999999998,0.5963495720598789
1902385,93,24.86,-59.285000000000025,0.4748860472053653
1902385,94,24.662,-59.519000000000005,0.022514078096475036
1902385,95,24.691,-59.668000000000006,0.687341182336167
1902385,97,25.238,-59.95600000000002,0.8330693496656979
1902385,102,26.394,-60.83600000000001,0.7928737249629784
1902385,111,25.623,-60.910000000000025,0.6197213327230969
1902385,112,25.582,-60.61099999999999,0.44520631220166224
1902385,113,25.468,-60.10700000000003,-1.4465362884265032
1902385,116,25.569,-58.250999999999976,0.8904928300443498
1902385,118,26.034,-58.137,0.6388163766265448
1902453,36,-2.189,72.368,0.4280232061339888
1902453,62,-3.52,74.47300000000001,0.19517707956852579
1902453,64,-3.521,73.84199999999998,0.16340495907577543
1902453,68,-3.207,74.70999999999998,0.28014793597853765
1902454,47,2.749,57.13300000000001,-0.336920064276165
1902454,50,2.03,57.172,0.24707647427208185
1902454,51,2.735,57.293000000000006,-1.055546536184334
1902454,52,3.975,57.994,0.6119933033171749
1902454,53,2.54,57.857,0.6453119115350819
1902454,55,1.973,55.760999999999996,0.5384380432372646
1902454,56,2.18,55.08600000000001,-0.4504946735538358
1902455,52,2.493,70.45600000000002,0.6650153352296355
1902455,65,2.212,74.423,0.8450996060766092
1902455,69,2.979,73.668,0.5046440308155115
1902456,33,-26.363,56.827,0.6316368661632006
1902456,36,-25.837,55.623999999999995,0.46748222637678777
1902456,38,-25.566,54.260999999999996,-2.5782546760043465
1902456,40,-25.305,52.85499999999999,0.7662732803486623
1902456,41,-25.465,51.77799999999999,-0.6716850049238925
1902456,42,-25.887,51.49799999999999,-0.6943620222414442
1902456,44,-26.265,51.170000000000016,0.24679391835734815
1902456,45,-26.185,51.170000000000016,0.78979659629734
1902456,47,-25.865,51.90100000000001,0.5704875679394015
1902456,51,-24.792,53.14099999999999,-0.02954669715598277
1902456,54,-23.716,54.905,0.5736135781750453
1902456,59,-23.861,56.105999999999995,0.8404959452771358
1902456,66,-25.254,55.74199999999999,0.2656173652963715
1902456,68,-25.424,55.857,-0.07010728366229561
1902457,31,5.941,66.221,0.09838518860824451
1902457,51,6.037,67.638,0.7183016758892671
1902457,52,6.219,67.63999999999999,0.6781026166841723
1902457,57,5.979,67.541,0.6539210325864888
1902457,65,5.296,67.81700000000001,0.695075467411963
1902457,66,5.547,67.95499999999998,0.48895606085705934
1902457,67,6.171,68.98000000000002,-0.006529074493704237
1902458,50,12.927,67.83699999999999,-0.10327393821502087
1902458,60,12.742,67.261,-0.9192407489714182
1902458,63,12.359,67.31700000000001,0.3237616712126304
1902458,64,12.396,67.261,-0.04998748668595682
1902458,65,12.414,67.24799999999999,-0.34607748564474744
1902458,66,12.242,67.311,-0.610185867399045
1902458,67,12.039,67.24799999999999,-0.7738124226135256
1902490,6,-29.092,1.0529999999999973,0.7483690630711487
1902490,8,-29.715,0.15799999999998704,0.7316982364400065
1902490,14,-30.794,-0.6890000000000214,0.8825067202061493
1902490,26,-31.218,-2.4110000000000014,0.35094932056470995
1902490,33,-32.133,-4.845000000000027,0.6682508206231034
1902492,31,-1.274,-2.901999999999987,-266.51192673363323
1902492,39,-0.263,-1.4159999999999968,-370.2748243121731
1902493,7,-31.342,-0.41500000000002046,-0.9745467385494992
1902493,8,-31.288,-0.6669999999999732,0.743949469138684
1902493,28,-31.335,-4.7309999999999945,0.055193781305521585
1902493,33,-29.728,-7.584000000000003,0.47075569991022653
1902493,36,-29.491,-8.586999999999989,0.6484733359190492
1902493,39,-29.392,-8.456999999999994,0.8432150496978147
1902495,15,-19.583,0.0020000000000095497,0.8498177470853857
1902495,21,-19.371,-0.535000000000025,0.8504118530096942
1902495,33,-19.209,-1.8940000000000055,0.8352910493851989
1902495,37,-17.228,-1.8410000000000082,0.6503788636151407
1902495,41,-19.072,-2.629000000000019,0.6040172518472728
1902496,11,-16.112,-2.704999999999984,0.8358640721333844
1902496,22,-15.91,-2.062999999999988,0.5479372048172223
1902496,34,-15.422,-1.7819999999999823,0.8096551040566767
1902496,36,-15.287,-1.3980000000000246,0.5072177056569082
1902496,40,-15.88,-1.002999999999986,0.3729587424211697
1902497,5,-12.117,1.5360000000000014,0.2995849188514261
1902497,6,-12.412,1.6529999999999916,0.6942907065028218
1902499,17,-3.953,-5.314999999999998,-0.7489441927723263
1902500,10,-23.561,-1.0400000000000205,0.8801519404407941
1902500,12,-23.683,-1.3050000000000068,0.8991057108638832
1902500,14,-23.828,-1.440999999999974,0.7061557397117108
1902500,33,-21.431,-2.180999999999983,0.6042248160467457
1902500,35,-20.931,-2.4499999999999886,0.8502253352188319
1902500,36,-20.996,-2.019999999999982,0.5350472920474753
1902500,37,-21.117,-1.3410000000000082,0.3643364307909314
1902500,39,-20.964,0.2050000000000125,0.8045750611538731
1902500,41,-21.325,1.1999999999999886,0.35885095982402726
1902501,29,-5.771,-91.09300000000002,0.5284772803860707
1902652,1,11.773,-111.519,0.33089227136921645
1902652,3,11.763,-111.891,0.6556376956502159
1902722,2,-22.209,-34.47500000000002,0.45392132592269163
1902742,1,28.721,-74.447,0.6527221541714384
1902742,2,28.784,-74.40499999999997,0.6001761253368411
1902742,3,28.796,-74.67500000000001,0.5087220328163197
1902742,5,28.726,-75.76400000000001,-0.6669006704089134
1902742,7,28.266,-75.822,-0.0750477599843491
2903439,15,-34.917,-109.831,0.5982948768008033
2903440,8,-37.658,-99.29000000000002,0.6430341835378495
2903440,9,-37.685,-99.46499999999996,0.8750826132777182
2903441,13,-39.538,-88.68299999999999,0.6062899396521287
2903442,5,-40.541,-78.88600000000002,0.6495228664288621
2903442,6,-40.541,-78.69999999999999,0.14738898154403632
2903442,8,-40.549,-78.01400000000001,0.8519729535104619
2903442,10,-40.275,-78.017,0.08687155221154716
2903442,12,-39.957,-78.54899999999998,0.4955950700352573
2903442,15,-40.015,-79.33800000000002,0.7711361252175876
2903442,16,-40.122,-79.582,0.2957543225088322
2903451,41,-0.141,148.291,0.6565887749744581
2903451,56,0.082,149.86900000000003,-2.0096303708941075
2903451,57,0.419,148.914,0.8031527367090288
2903451,60,1.342,146.224,0.5604980406659225
2903451,75,0.909,141.28999999999996,0.9075480385007347
2903459,36,-9.778,-93.35000000000002,0.7881177205608388
2903459,38,-10.038,-93.54500000000002,0.8006046259276656
2903459,53,-9.652,-94.14100000000002,0.730458590065708
2903459,54,-9.806,-93.856,0.23147581889216673
2903459,60,-9.674,-93.01799999999996,0.5153127042766897
2903459,64,-10.461,-91.92700000000002,0.41557433784010284
2903459,69,-10.066,-91.74,0.7720435837314403
2903461,30,-2.993,-98.68099999999998,0.17753363510189846
2903461,32,-3.137,-99.05200000000002,0.7559569926356065
2903461,37,-3.058,-100.29500000000002,-0.3110856849338327
2903461,39,-3.08,-101.16500000000002,0.6398663037809218
2903461,51,-2.734,-104.349,-0.03986016398760804
2903461,52,-2.353,-104.369,0.44635612619656156
2903461,56,-2.401,-103.959,0.15975236560882408
2903461,57,-2.532,-104.239,0.7278076951916267
2903461,58,-2.771,-104.281,0.4430824664007223
2903462,31,0.81,-97.64800000000002,0.3250694106505553
2903462,32,0.868,-98.29399999999998,-0.050617344846230636
2903462,36,0.375,-102.41199999999998,0.23361721614836536
2903462,37,0.656,-103.303,0.63435823009319
2903462,38,0.913,-104.103,-0.7017651280248876
2903462,43,-0.443,-106.701,0.42122331566556415
2903462,54,1.336,-104.207,0.637799630916844
2903462,55,1.875,-104.138,0.5128805636166911
2903462,57,1.945,-102.959,0.6628778597628369
2903462,58,1.536,-102.634,0.5567235035334577
2903462,60,0.663,-102.25,0.6745172013641746
2903462,61,1.266,-102.356,0.6292330066931506
2903462,66,0.872,-102.08499999999998,0.7607802431930508
2903463,31,4.121,-97.753,0.6549137434766422
2903463,33,4.41,-97.05599999999998,0.8351128498659501
2903463,37,3.505,-97.37900000000002,-0.16553714283070542
2903463,49,2.024,-102.168,-0.9994728232417638
2903463,53,2.841,-103.046,0.6825288140206286
2903463,60,2.582,-102.43400000000004,0.86914454194217
2903463,61,3.087,-102.365,0.7655547503972522
2903463,62,2.843,-102.26100000000002,0.46573836734800156
2903463,65,3.147,-101.92399999999998,0.6367260468657683
2903463,66,3.345,-102.14999999999998,0.31417303134535435
2903464,48,3.074,82.007,0.6189208884486304
2903464,53,3.614,80.89499999999998,0.748984438539526
2903464,61,3.496,83.35300000000001,0.8601881531021465
2903464,65,2.118,82.209,0.6091923106576012
2903465,36,-4.781,86.53800000000001,0.7928861920604665
2903465,62,-4.926,89.68799999999999,0.4280768016397136
2903465,65,-5.087,91.08499999999998,0.3636740900212327
2903465,68,-5.615,93.918,0.5660320855297798
2903465,69,-5.836,94.52800000000002,-245.90464625610323
2903466,48,1.248,66.457,0.619289852411318
2903466,49,1.412,65.92700000000002,0.5252161857940081
2903466,50,1.091,65.011,0.5118393739540265
2903466,63,-1.157,74.559,0.7857677952788
2903468,29,-18.909,100.72800000000001,0.7886574505478768
2903468,31,-19.374,100.86900000000003,0.04958087008723063
2903468,33,-18.816,100.96100000000001,0.22056641172147048
2903468,38,-18.206,98.678,0.9075598710971867
2903468,39,-18.227,98.09800000000001,0.11424934653343974
2903468,40,-18.355,97.548,0.6294323410770328
2903468,46,-18.704,96.73000000000002,0.35586623998002537
2903468,48,-18.241,96.24200000000002,0.875242388999623
2903468,53,-18.181,95.97399999999999,0.7846765719102602
2903468,57,-18.541,97.572,0.5340866460071435
2903468,60,-19.239,97.02699999999999,0.19985727952345694
2903472,32,-41.079,34.997000000000014,-0.0961583910082686
2903856,28,1.387,-168.199,0.5621438332938943
2903856,30,1.09,-170.164,0.7812209824934062
2903856,32,0.887,-172.214,0.5397518622997417
2903856,34,1.342,-174.341,0.5234549881760976
2903856,40,1.277,-178.81,0.19740589859502575
2903856,55,0.774,178.73900000000003,0.28739652082934325
2903856,56,0.324,179.15800000000002,0.08347560052536161
2903858,39,-16.968,-79.67000000000002,0.14374773450086822
2903858,40,-17.045,-79.76600000000002,0.3632234785096069
2903858,41,-16.935,-79.96600000000001,-0.05193931390521989
2903858,44,-16.523,-80.75,0.73415965597747
2903939,1,-18.95,5.811000000000007,0.531502148989223
2903940,2,-15.632,-10.009000000000015,0.6518758012883403
2903940,3,-15.456,-10.019000000000005,0.5937405483842423
2903940,4,-15.406,-10.011000000000024,0.6132370119038272
2903941,2,-15.875,-19.605000000000018,0.4411667963957293
2903941,3,-15.751,-19.944999999999993,0.4732812895181348
3902261,25,58.832,-23.88900000000001,-0.3099698377119369
3902332,1,41.957,-46.14699999999999,0.5398337792343667
3902334,4,38.096,-63.67700000000002,0.14891035342704656
3902340,1,20.396,-177.844,0.8210962245336377
3902340,3,20.155,-177.195,0.5809868539707912
3902340,13,19.768,-176.429,0.6247957172018263
3902340,14,19.892,-176.673,0.4723702970046598
3902340,17,20.233,-177.732,0.7621701274151204
3902340,19,20.457,-178.428,0.6082806701595198
3902341,2,15.153,154.183,0.5997366733593441
3902341,4,14.583,154.37599999999998,-0.004068116636147183
3902341,10,14.806,158.40999999999997,0.8137627997907485
3902341,11,15.113,158.185,0.4874129863407382
3902341,12,15.38,157.591,0.38284040687405074
3902341,13,15.632,156.812,0.6762679179611237
3902341,16,16.173,154.62599999999998,0.5056666437347098
3902341,17,16.109,154.065,0.602336092930071
3902342,1,21.258,-173.378,0.5582494898180339
3902342,86,22.349,-177.616,0.8157971264961671
3902342,87,22.377,-177.626,0.7881389031654756
3902342,89,22.363,-177.649,0.412768042493583
3902342,90,22.352,-177.646,0.45477320543669053
3902342,91,22.356,-177.663,0.2863202635747492
3902342,92,22.358,-177.661,0.34763767281014696
3902342,93,22.356,-177.675,0.49161289571261146
3902342,95,22.366,-177.693,0.01611057104624154
3902342,96,22.371,-177.687,0.7820389815368984
3902342,97,22.362,-177.707,0.40797145735559665
3902342,98,22.369,-177.709,0.06451303018179186
3902342,99,22.364,-177.719,0.5643617418224425
3902342,100,22.363,-177.73,0.4549282453854357
3902342,101,22.361,-177.728,0.609185166959302
3902342,102,22.364,-177.751,0.5059433062745161
3902342,103,22.362,-177.739,0.4008543016837102
3902342,104,22.369,-177.752,0.3459841262685936
3902342,105,22.364,-177.728,0.6772142800802531
3902342,106,22.366,-177.726,0.6668272209465321
3902342,107,22.357,-177.713,0.6848499683452106
3902342,108,22.354,-177.701,0.44820426739630337
3902342,109,22.35,-177.69,0.43885730979388765
3902342,110,22.35,-177.668,0.5508419811950966
3902342,111,22.347,-177.648,0.8192412752702293
3902342,112,22.346,-177.614,0.8059798206894734
3902342,113,22.349,-177.62,0.8364528844943416
3902342,114,22.363,-177.615,0.8372976211076908
3902342,120,22.412,-177.636,0.8725422409034364
3902342,121,22.433,-177.642,0.8736674272294794
3902342,122,22.444,-177.643,0.7231965609465123
3902342,123,22.451,-177.655,-2.5889993871714547
3902342,124,22.449,-177.663,0.31115336122646753
3902342,125,22.441,-177.674,0.3530550243458114
3902342,126,22.434,-177.676,0.5098641421795291
3902342,127,22.433,-177.665,0.3864151343663357
3902342,128,22.43,-177.66,0.6775801867515082
3902342,129,22.438,-177.65,0.6181859785170822
3902342,130,22.439,-177.639,0.7100866065380709
3902342,131,22.446,-177.641,0.6205069377004221
3902342,132,22.457,-177.644,0.6403888960487144
3902342,133,22.461,-177.654,0.7539053011416615
3902342,134,22.466,-177.662,0.7684440341227962
3902342,135,22.462,-177.658,0.7584821097208828
3902342,136,22.46,-177.655,0.7659610372349489
3902342,137,22.463,-177.65,0.7721390647384166
3902342,138,22.462,-177.64,0.7741608027058107
3902342,139,22.469,-177.64,0.7733581622887532
3902344,12,20.956,178.01999999999998,-0.11978439681829153
3902344,18,20.356,178.92899999999997,0.6675197576429488
3902345,2,14.24,149.053,0.5493395830653044
3902345,4,14.185,150.74099999999999,0.6590268484589974
3902345,6,13.262,151.40800000000002,0.5400459330713845
3902345,9,14.12,151.849,0.3073248930329514
3902345,10,14.218,152.459,0.15766268229045097
3902345,12,14.021,153.529,0.38621177886991787
3902348,3,25.025,-67.60899999999998,0.38461572260766574
3902348,6,26.318,-68.77300000000002,0.5517540829433846
3902348,11,26.539,-66.29399999999998,0.42297252290297155
3902348,12,26.36,-66.23700000000002,0.7980716646390252
3902556,33,-14.718,-79.79199999999997,0.7569570713245347
3902556,45,-13.864,-81.22199999999998,0.5359327849700743
3902615,4,26.241,-37.535000000000025,0.2529345819683831
3902615,5,26.044,-37.40899999999999,0.7102231173515007
3902615,6,25.762,-37.33600000000001,0.5221110905372031
4903273,112,38.475,-66.75999999999999,0.8167635195596319
4903273,118,37.738,-61.339,0.7015104427103772
4903273,120,37.948,-59.91500000000002,0.4070731685833245
4903274,109,27.114,-74.32999999999998,0.3901718006684422
4903274,110,27.173,-74.09100000000001,0.7187784089946007
4903274,111,27.494,-73.993,0.647843640780512
4903274,112,28.001,-74.589,0.8548771708935755
4903274,113,28.735,-75.11000000000001,0.43160228596126327
4903274,119,29.346,-76.44299999999998,0.46552942536015873
4903274,121,28.39,-75.476,0.7139499703588585
4903274,122,28.414,-74.87900000000002,0.20444542891707185
4903274,125,28.445,-76.65300000000002,0.5742825772525728
4903274,136,23.662,-71.84199999999998,0.6333534487903043
4903274,138,23.0,-71.608,0.8270342413620171
4903274,139,22.367,-71.42000000000002,0.7661895682460289
4903274,140,22.172,-70.62099999999998,0.6993534214500695
4903274,141,23.079,-70.93,0.628755228350488
4903274,143,23.17,-69.37,0.5093102795590985
4903274,144,22.654,-69.29399999999998,0.7797788570062943
4903458,68,13.316,-58.291,0.6235886849755568
4903458,69,13.267,-57.696000000000026,-0.050760420367134226
4903458,70,13.077,-57.141999999999996,-0.8503434589262315
4903458,71,14.051,-56.93000000000001,0.6112466609378174
4903458,84,14.51,-55.07900000000001,-0.057890036260486895
4903458,85,14.021,-55.089999999999975,0.6620222272748123
4903459,51,4.406,-28.380999999999972,-203.3625180891868
4903459,75,3.016,-23.281000000000006,0.0010866288625710292
4903459,81,3.207,-24.48599999999999,-0.9151020788770162
4903462,56,7.713,-55.17599999999999,-0.3874233990838935
4903462,66,10.102,-53.23599999999999,0.07899534363545037
4903462,67,10.782,-53.16300000000001,0.2793268771978734
4903462,68,10.618,-52.98599999999999,0.4161536255224546
4903462,82,10.662,-51.06,-136.97609077878798
4903485,35,28.501,-16.067000000000007,-0.023991923116928063
4903485,37,28.198,-16.007000000000005,-0.7599105819204546
4903485,38,27.913,-16.494000000000028,0.44371713754661657
4903485,40,27.555,-16.99000000000001,0.8453515432837905
4903485,41,27.237,-17.101999999999975,0.4538271275758459
4903485,43,26.816,-16.795000000000016,0.5023096996890145
4903485,46,27.651,-17.25799999999998,-0.23066399793989495
4903485,47,27.799,-17.052999999999997,-89.39086092548206
4903485,53,26.184,-15.649000000000001,0.6041611731557421
4903485,63,25.616,-16.581999999999994,0.9998230071755347
4903485,67,26.063,-16.649,-0.43166305058231275
4903485,69,25.873,-16.778999999999996,0.1253197892514035
4903485,71,25.628,-16.548999999999978,0.18693601818088065
4903486,49,4.783,-19.59699999999998,0.999807334577424
4903486,62,4.927,-21.642999999999972,0.03911649357012406
4903487,37,25.341,-22.88900000000001,0.24222522654865655
4903487,41,25.517,-22.307999999999993,0.16855087462387658
4903487,47,26.061,-24.089,0.800193132521896
4903487,49,26.358,-24.649,0.6944386008984229
4903487,50,26.509,-24.75999999999999,0.35245903812204704
4903487,53,26.414,-24.25400000000002,0.4882050145893082
4903487,55,26.191,-24.267999999999972,0.9356731716080616
4903487,58,25.55,-23.514999999999986,0.4025779908384145
4903487,65,26.679,-23.713000000000022,0.6167731041036411
4903487,71,26.84,-22.911,0.5890795355707887
4903487,75,26.568,-22.706999999999994,0.029020957101317742
4903488,42,54.455,-16.821000000000026,0.6174231909940601
4903488,70,55.103,-25.011000000000024,0.2956827538933876
4903489,42,-2.217,-17.089999999999975,-0.6601037824380076
4903489,44,-2.636,-16.613999999999976,0.18611002021632228
4903489,72,-2.635,-16.50400000000002,-0.25584165794062425
4903489,74,-2.655,-17.165999999999997,0.7098523795603453
4903489,78,-3.314,-19.93599999999998,0.35310501663438676
4903533,35,41.488,-27.726999999999975,0.33329088884301017
4903533,37,41.134,-28.24200000000002,0.8661776413562589
4903533,43,40.865,-28.25,0.7787975664653253
4903533,44,41.144,-28.28800000000001,0.7363118829054739
4903533,45,41.204,-28.432999999999993,0.5143678264492555
4903533,46,41.094,-28.697000000000003,0.7448334900276525
4903533,47,41.071,-29.007000000000005,-0.18425795253872473
4903565,4,16.114,-49.32400000000001,0.7124731733089772
4903570,13,31.882,-65.34100000000001,0.2549285198864905
4903570,14,32.27,-65.25599999999997,0.26316821221596437
4903570,16,32.632,-64.839,-0.10112218437739275
4903570,17,32.675,-64.78899999999999,0.4971903218723055
4903570,19,32.568,-64.85399999999998,0.239551376677725
4903570,20,32.926,-64.47300000000001,0.6640553770972427
4903570,21,32.941,-65.21499999999997,0.7626546008541198
4903570,24,33.239,-65.64100000000002,-4.659231969497845
4903570,25,33.268,-67.80099999999999,0.5286668128304156
4903570,30,32.016,-66.32100000000003,0.8583682398112524
4903570,32,31.471,-67.03699999999998,0.6698800374266805
4903570,43,31.633,-68.70999999999998,0.7561077160095102
4903570,44,32.005,-68.32600000000002,0.23934378894480046
4903570,45,32.175,-67.719,0.4413346268108733
4903570,48,32.145,-66.54599999999999,0.7828170342177694
4903570,49,32.286,-66.75299999999999,0.4515133143507571
4903571,5,19.99,-22.78800000000001,0.6034802939901656
4903571,14,19.998,-23.13299999999998,0.14494397548111607
4903571,17,20.153,-23.944000000000017,0.4681317913686289
4903571,23,20.972,-26.687999999999988,-0.7802100334456139
4903571,28,22.27,-28.32299999999998,0.3117088580648302
4903571,32,20.632,-28.754999999999995,0.7225740649096265
4903571,34,20.311,-28.76400000000001,0.5169549141649246
4903571,38,20.241,-28.899999999999977,0.7098380211365201
4903587,99,32.848,-155.995,0.8216837714727842
4903747,31,-26.227,108.80599999999998,0.5815822510688289
4903830,5,26.97,-35.94,0.8101677116363036
4903831,1,-19.892,8.197000000000003,-0.4403032388763442
5906026,115,53.889,-137.834,-0.40530973643651313
5906036,216,-31.864,49.03800000000001,0.6928207515015752
5906304,127,-33.862,-166.957,0.6280510796229203
5906304,135,-35.38,-168.318,0.030537833458118297
5906304,141,-32.012,-171.844,0.7056254929920569
5906305,127,-30.61,-80.36900000000003,0.8433451134586674
5906305,140,-30.584,-80.233,0.6085714152957322
5906305,149,-29.464,-80.41199999999998,-0.22511435990608314
5906305,151,-29.336,-80.23500000000001,0.6241190072903339
5906305,155,-29.293,-80.11200000000002,0.6509366825636218
5906305,159,-29.255,-79.798,0.8300287830428408
5906306,135,-37.299,-87.344,0.6150682121603921
5906307,152,-38.241,-152.47,0.18080025079476716
5906339,140,13.572,-56.519000000000005,0.7919682430556471
5906488,93,-36.158,-45.71199999999999,-0.005862026166096317
5906488,95,-38.235,-47.22300000000001,0.40957994848719226
5906510,102,27.064,133.50599999999997,-0.1637175538481142
5906513,74,27.262,137.07799999999997,0.876141146263818
5906537,51,-11.507,58.285,0.6649442863945676
5906537,59,-11.239,58.45600000000002,0.7977324374237723
5906537,66,-11.664,58.97300000000001,0.7238692942402982
5906537,69,-11.529,58.476,0.3706987554464833
5906537,71,-11.282,58.38900000000001,0.606130250875402
5906537,72,-11.033,58.22300000000001,0.8403173472653532
5906537,73,-10.992,58.143,0.3274907263603761
5906537,74,-10.944,57.90699999999998,0.7114068180164144
5906537,85,-10.465,57.53800000000001,0.8996549010144973
5906537,87,-11.111,58.037000000000006,-1.8171879843679768
5906537,88,-11.852,58.087999999999994,0.5087518237022363
5906537,89,-11.49,58.514999999999986,0.43636745397106896
5906538,53,-25.889,52.47200000000001,-1.4930089761540861
5906538,56,-24.827,52.405,0.2910082069528228
5906538,58,-25.116,51.857,0.5115507856194593
5906538,59,-25.286,51.351,-7.389114369641934
5906538,60,-25.441,50.99799999999999,0.40080629467065465
5906538,61,-25.805,50.803,0.1549412276791781
5906538,73,-27.128,50.34700000000001,0.10856248613434316
5906538,74,-27.676,49.57900000000001,0.3727450821387239
5906538,75,-28.319,49.46600000000001,0.4827011569763523
5906538,76,-28.672,49.75399999999999,0.6620304510246949
5906538,78,-28.519,50.75399999999999,0.0637976398492932
5906538,80,-28.303,50.85300000000001,0.5076851820441378
5906538,81,-28.154,50.869,0.15942499910915814
5906539,53,-7.814,76.41500000000002,0.5161293725616096
5906539,73,-10.65,77.81200000000001,0.6966568143961271
5906539,79,-11.367,75.707,0.3875760953061471
5906539,84,-12.881,75.53399999999999,0.40013230031842295
5906539,87,-13.575,75.07499999999999,-0.052036600132975584
5906540,59,-12.626,46.554,0.2094765819499187
5906540,60,-11.906,46.781000000000006,0.8064653192176775
5906540,61,-11.729,46.62700000000001,-0.26223869035735214
5906540,64,-12.011,47.66899999999998,-0.0642509638053569
5906540,65,-12.929,47.56100000000001,-153.85549659777206
5906540,66,-13.354,47.52000000000001,0.13525377932604096
5906540,67,-13.201,47.623999999999995,-204.46375752941628
5906540,68,-13.363,47.506,0.35242338671860574
5906540,70,-13.207,47.638000000000005,0.7774424313100471
5906540,72,-12.793,47.39699999999999,-158.96223855103062
5906540,74,-12.823,47.364000000000004,0.6274673736540497
5906540,76,-13.005,47.238,0.6608843039684884
5906540,83,-12.888,47.033000000000015,-0.6560801991710958
5906540,86,-13.436,47.345,0.10023441118109264
5906540,87,-13.636,47.209,-0.42722908814221233
5906540,88,-13.524,47.30799999999999,-1.2506926328593448
5906540,89,-13.75,47.28800000000001,0.7228147673146222
5906540,90,-13.834,47.21600000000001,-0.2841757532097007
5906540,91,-13.608,47.41,0.18045143845018388
5906541,51,-38.646,-53.766999999999996,0.6765537469882162
5906541,69,-38.954,-40.40199999999999,0.6172750338627151
5906563,70,18.954,-125.731,0.4503029158990005
5906563,75,18.805,-125.654,0.7757176796356855
5906563,77,19.021,-125.698,0.8434564278536634
5906563,79,19.03,-125.706,0.6875106491782645
5906564,58,8.485,-162.727,0.5509994765472463
5906564,65,7.913,-163.59,0.455726007641642
5906564,66,8.144,-163.62,0.22133383336038717
5906564,78,10.458,-161.849,0.6884241171362216
5906564,81,10.906,-159.85,0.6795167134783587
5906564,82,10.896,-159.225,0.2626457585535421
5906564,83,10.688,-158.651,0.7259900732249925
5906564,84,10.52,-158.851,0.5882533028383291
5906564,85,10.346,-159.569,0.4311910263051601
5906564,86,10.155,-160.504,-0.6742304158192399
5906564,88,10.151,-162.442,0.06910425180496373
5906566,77,-25.924,-158.566,0.9036355438292437
5906566,81,-25.603,-159.43,0.7406836335639053
5906566,85,-26.367,-160.712,0.6889573946269731
6990590,2,22.076,-117.647,0.31361603076913885
6990590,3,22.064,-117.515,-4.309649711928356
6990671,4,-15.386,-13.745999999999981,0.7324164840644833
6990671,5,-15.777,-13.76600000000002,0.418021750028702
6990687,1,30.159,-71.452,0.4468664426170465
6990687,2,30.215,-71.67899999999997,0.5117831854341712
6990687,3,30.165,-72.18599999999998,0.48123808824294295
6990687,5,30.162,-73.02999999999997,0.34680594735056613
6990687,7,30.328,-73.87599999999998,-0.25121669124868967
7901095,24,-0.475,142.7,0.5798580190389712
7901095,35,0.102,147.074,0.6968527518305047
7901095,39,1.469,148.747,0.19000636598899073
7901095,54,0.436,146.01800000000003,0.45441590887720357
7901097,39,8.466,174.098,0.0024988856935422923
7901097,49,7.229,170.56100000000004,0.5366856817111019
7901097,52,7.441,169.512,0.5500081531588724
7901097,54,8.179,168.752,0.44116377134735096
7901098,20,8.111,-169.667,0.8510757615884408
7901098,25,7.479,-174.085,0.7824339714391936
7901098,30,7.728,-175.266,0.7795139399749821
7901098,34,7.148,-174.136,0.6098898822027332
7901098,35,6.911,-173.199,0.4172314095586072
7901098,37,7.452,-171.889,0.638958366541567
7901098,38,7.052,-170.971,0.8095147169857884
7901098,39,6.626,-170.044,0.9069673010392242
7901098,40,7.044,-169.523,0.7162740670146464
7901098,45,7.707,-167.486,-0.06072563742284678
7901098,48,7.86,-168.532,0.5492913056235198
7901098,49,7.871,-168.91,-0.6318211609583123
7901098,50,7.751,-169.545,0.2111072880066716
7901098,51,7.655,-170.205,0.5166947326805112
7901098,52,7.64,-170.684,0.4771863271042065
7901103,25,-49.784,-47.95600000000002,0.06952243097544883
7901103,26,-50.276,-47.22500000000002,0.6278811982678173
7901107,21,-41.871,129.45299999999997,0.41320905558263293
7901109,2,10.126,-89.85300000000001,0.07212211381021837
7902101,14,2.682,-93.235,0.6477175728174421
7902101,20,2.892,-94.48399999999998,0.14993166798721186
7902101,25,2.441,-93.62,0.3730886559200655
7902101,26,2.727,-93.961,0.808379059588372
7902102,14,-1.181,-94.978,0.3146466600461748
7902102,22,-0.801,-95.176,-0.14341060728300975
7902102,23,-1.39,-94.41199999999998,-53.94708193660074
7902102,24,-1.456,-93.98000000000002,0.5481388795994776
7902102,25,-1.963,-93.49400000000004,0.45959093163016373
7902104,20,11.97,-106.077,0.3739727289867194
7902104,21,11.817,-106.022,0.30578905178203725
7902104,22,11.52,-106.082,-0.051566910158321266
7902104,23,11.573,-106.15,0.43394666279569044
7902104,24,11.65,-106.149,0.22776599284004542
7902104,26,11.167,-105.802,0.4776314928694261
7902111,1,40.058,-139.965,0.8710264384366813
7902111,2,40.064,-139.954,0.8886412215084031
7902111,20,40.289,-140.301,0.904857140512894
7902111,21,40.382,-140.267,0.6303889090828759
7902111,28,40.553,-139.448,0.9997702640048669
7902112,10,40.505,-149.605,-0.41755759033797757
7902112,18,40.636,-149.236,0.5552872093327134
7902136,1,4.005,-139.453,0.364604844285671
7902136,7,3.947,-136.715,-4.333155603888779
7902136,8,3.748,-136.272,0.6617491886289718
7902136,9,3.925,-135.766,0.5606816182683859
7902136,10,4.085,-135.307,0.848517489232291
7902136,13,3.838,-134.27,0.4342795529793005
7902226,3,27.225,-46.02199999999999,0.830630221642079
7902226,4,27.479,-46.221000000000004,0.49852607245694247
7902226,5,27.563,-46.293000000000006,0.3066558263629213
7902226,8,26.949,-46.99400000000003,-6.480255139369585
