wmo,cycle,lat,lon,bnw,bbp700_surface_mean3,delta_bbp
1902368,13,56.348,-147.356,0.0014665599446743,0.001935348380357,-0.0004687884356826999
1902369,4,45.006,-133.357,0.0005008206353522,0.000873863697052,-0.0003730430616998
1902369,5,45.02,-133.356,0.0004746729391627,0.0007126806109833,-0.0002380076718206
1902369,6,45.02,-133.354,0.0004746729391627,0.0006829366514769,-0.00020826371231419996
1902369,7,45.038,-133.348,0.0006027951021678,0.0007054455733547,-0.00010265047118689996
1902369,25,45.367,-132.841,0.0081796590238809,0.0009015049630155,0.0072781540608654
1902369,27,45.161,-132.562,0.0033364375121891,0.0014531132765114,0.0018833242356777
1902369,32,44.734,-131.99,0.0041532875038683,0.0010083784388067,0.0031449090650615998
1902369,33,44.703,-131.969,0.0009202256915159,0.0008705289995608,4.9696691955099996e-05
1902371,1,51.953,-142.962,0.0032442717347294,0.0015128395752981,0.0017314321594313002
1902371,2,51.953,-142.968,0.0032442717347294,0.0014531465712934,0.0017911251634360002
1902371,3,51.953,-142.973,0.0032442717347294,0.0014350180669377,0.0018092536677917
1902371,4,51.956,-142.975,0.0032442717347294,0.0014070487425973,0.0018372229921321001
1902371,5,51.96,-142.974,0.0032442717347294,0.0013509391186137,0.0018933326161157
1902371,6,51.963,-142.971,0.0032442717347294,0.0013896072826658,0.0018546644520636
1902371,7,51.962,-142.973,0.0032442717347294,0.0013597856741398,0.0018844860605896
1902371,8,51.957,-142.978,0.0032442717347294,0.0014221717137843,0.0018221000209451001
1902380,81,17.269,-44.988,0.0018035693792626,0.0004217137563197,0.0013818556229429
1902380,84,18.394,-44.495000000000005,0.0025555172469466,0.000417395485177,0.0021381217617696003
1902380,93,18.572,-42.78699999999998,0.0014598085545003,0.0005137744107438,0.0009460341437565
1902380,94,18.677,-42.742999999999995,0.0003547786909621,0.000551117506499,-0.0001963388155369
1902380,95,18.753,-42.778999999999996,0.0003599514311645,0.0005028031397766,-0.00014285170861210003
1902380,96,18.806,-42.685,0.002841024659574,0.0004498676183478,0.0023911570412262
1902380,98,18.774,-41.93799999999999,0.001456988742575,0.0004990944774666,0.0009578942651084
1902380,100,18.611,-41.692999999999984,0.0006098325829952,0.0004552840740264,0.0001545485089688
1902380,112,18.11,-42.64499999999998,0.001661370974034,0.0004910174272178,0.0011703535468162
1902380,114,17.827,-42.579999999999984,0.0021218236070126,0.0004809230643634,0.0016409005426492001
1902380,116,18.235,-42.77600000000001,0.0015992015833035,0.0005219353285307,0.0010772662547728
1902380,117,18.466,-43.15899999999999,0.0006540319300256,0.0005336635804269,0.00012036834959869996
1902380,118,18.66,-43.49400000000003,0.0010006116935983,0.000451086477066,0.0005495252165323
1902382,94,19.015,-30.153999999999996,0.0008289508987218,0.0006245178713773,0.0002044330273445
1902382,98,19.109,-31.202999999999975,0.0014362834626808,0.0007537055644206,0.0006825778982601999
1902382,111,20.086,-32.50400000000002,0.0017125942977145,0.0006004581421924,0.0011121361555221
1902382,113,19.997,-32.218999999999994,0.0021513057872653,0.0006126730780427,0.0015386327092225998
1902382,114,19.829,-32.09699999999998,0.0024459511041641,0.0005921005698231,0.001853850534341
1902382,115,19.563,-31.92500000000001,0.0022118752822279,0.0005735138353581,0.0016383614468698003
1902384,81,20.736,-41.61099999999999,0.0010105512337759,0.0004683116761346,0.0005422395576413
1902384,84,20.254,-41.01799999999997,0.0012260176008567,0.0004939244342191,0.0007320931666375999
1902384,91,20.106,-42.43099999999998,0.0002186172787332,0.0004616637985842,-0.00024304651985099997
1902384,92,20.079,-42.58100000000002,0.001009845174849,0.0005139997423005,0.0004958454325484999
1902384,93,20.052,-42.759000000000015,0.0018032960360869,0.0004626301815733,0.0013406658545136
1902384,94,19.908,-42.93099999999998,0.0013435687869787,0.0004919730708934,0.0008515957160852999
1902384,95,19.62,-43.048,0.0014518364332616,0.0005422349689373,0.0009096014643242999
1902384,96,19.385,-43.041,0.0009689224534668,0.0005008441706498,0.000468078282817
1902384,97,19.27,-42.77999999999997,0.0010396135039627,0.0004979706330535,0.0005416428709092
1902384,100,19.188,-41.66699999999997,0.0015693565364927,0.000451299973065,0.0011180565634277
1902384,112,19.344,-41.05500000000001,0.0024405939038842,0.0005128828537029,0.0019277110501813
1902385,80,24.994,-55.40499999999997,0.0006731910980306,0.0004423795326147,0.00023081156541589996
1902385,82,25.584,-56.418000000000006,0.0009749325690791,0.0005053089504751,0.000469623618604
1902385,84,26.777,-57.115999999999985,0.0009449670324102,0.0004392236296553,0.0005057434027549
1902385,90,25.544,-58.12099999999998,0.0003523727355059,0.0004438551938316,-9.148245832570003e-05
1902385,92,25.143,-58.93599999999998,0.0011698745656758,0.0004722203690713,0.0006976541966045001
1902385,93,24.86,-59.285000000000025,0.0008710545371286,0.0004574028910913,0.00041365164603729995
1902385,94,24.662,-59.519000000000005,0.0006449017091654,0.0006303823417207,1.4519367444700048e-05
1902385,95,24.691,-59.668000000000006,0.0013539808569476,0.0004233340538727,0.0009306468030749
1902385,97,25.238,-59.95600000000002,0.0028947608079761,0.0004832243042377,0.0024115365037384
1902385,102,26.394,-60.83600000000001,0.0020868552383035,0.0004322425520513,0.0016546126862522
1902385,111,25.623,-60.910000000000025,0.0012012725928798,0.0004568183406566,0.0007444542522231999
1902385,112,25.582,-60.61099999999999,0.0008346286485902,0.0004630467058935,0.0003715819426967
1902385,113,25.468,-60.10700000000003,0.0001560343225719,0.0003817436324122,-0.0002257093098403
1902385,116,25.569,-58.250999999999976,0.0035150717012584,0.000384925554196,0.0031301461470624
1902385,118,26.034,-58.137,0.0020301896147429,0.000733271241188,0.0012969183735549003
1902453,36,-2.189,72.368,0.0009484939510002,0.0005425165290944,0.0004059774219058001
1902453,62,-3.52,74.47300000000001,0.0010020685149356,0.0008064877086629,0.00019558080627270007
1902453,64,-3.521,73.84199999999998,0.0007056036265566,0.0005903044948354,0.00011529913172119994
1902453,68,-3.207,74.70999999999998,0.0009270827285945,0.0006673624156974,0.0002597203128971
1902454,47,2.749,57.13300000000001,0.0009536797297187,0.0012749935655544,-0.00032131383583570007
1902454,50,2.03,57.172,0.0011498010717332,0.0008657122768151,0.00028408879491810014
1902454,51,2.735,57.293000000000006,0.000506609736476,0.0010413598890105,-0.0005347501525345
1902454,52,3.975,57.994,0.0021074309479445,0.0008176973205991,0.0012897336273453997
1902454,53,2.54,57.857,0.0020854454487562,0.0007396826598172,0.0013457627889390002
1902454,55,1.973,55.760999999999996,0.0013613133924081,0.0006283304731672,0.0007329829192409
1902454,56,2.18,55.08600000000001,0.0006016819388605,0.0008727364474907,-0.0002710545086302
1902455,52,2.493,70.45600000000002,0.0016387226060032,0.0005489469428236,0.0010897756631796
1902455,65,2.212,74.423,0.0031144886743277,0.0004824355225233,0.0026320531518044
1902455,69,2.979,73.668,0.0013036140007898,0.0006457529768037,0.0006578610239860999
1902456,33,-26.363,56.827,0.0022681332193315,0.0008354966606323,0.0014326365586992
1902456,36,-25.837,55.623999999999995,0.0010690297931432,0.0005692773653815,0.0004997524277617
1902456,38,-25.566,54.260999999999996,0.0001687195763224,0.0006037216129091,-0.0004350020365867
1902456,40,-25.305,52.85499999999999,0.0025220941752195,0.0005894807982258,0.0019326133769936998
1902456,41,-25.465,51.77799999999999,0.0003904394397977,0.0006526917568407,-0.00026225231704299996
1902456,42,-25.887,51.49799999999999,0.0004216976522002,0.0007145084867564,-0.00029281083455620004
1902456,44,-26.265,51.170000000000016,0.0008676188299432,0.0006534957792609,0.00021412305068230003
1902456,45,-26.185,51.170000000000016,0.0030835152138024,0.0006481653933102,0.0024353498204922
1902456,47,-25.865,51.90100000000001,0.0016844664933159,0.0007234993002687,0.0009609671930471999
1902456,51,-24.792,53.14099999999999,0.0007666999590583,0.0007893534105581,-2.2653451499799978e-05
1902456,54,-23.716,54.905,0.0011869042646139,0.0005060798624375,0.0006808244021763999
1902456,59,-23.861,56.105999999999995,0.0030808958690613,0.0004914153832942,0.0025894804857671
1902456,66,-25.254,55.74199999999999,0.0008680343162268,0.0006374693281638,0.00023056498806299996
1902456,68,-25.424,55.857,0.0006266622804105,0.0006705958706637,-4.3933590253199956e-05
1902457,31,5.941,66.221,0.0006761504337191,0.0006096272457701,6.652318794899998e-05
1902457,51,6.037,67.638,0.0019421526230871,0.0005471011390909,0.0013950514839962001
1902457,52,6.219,67.63999999999999,0.0015468437923118,0.0004979249691435,0.0010489188231682998
1902457,57,5.979,67.541,0.001890497165732,0.0006542613070147,0.0012362358587173
1902457,65,5.296,67.81700000000001,0.0022309459745883,0.0006802701585305,0.0015506758160578
1902457,66,5.547,67.95499999999998,0.0011808145791292,0.0006034481339156,0.0005773664452136
1902457,67,6.171,68.98000000000002,0.0007549376459792,0.0007598666901079,-4.929044128699914e-06
1902458,50,12.927,67.83699999999999,0.0007047070539556,0.0007774849267055,-7.277787274990002e-05
1902458,60,12.742,67.261,0.000386285217246,0.0007413743296638,-0.0003550891124178
1902458,63,12.359,67.31700000000001,0.0009144394425675,0.0006183790004191,0.00029606044214839993
1902458,64,12.396,67.261,0.0006543332710862,0.0006870417467628,-3.2708475676599996e-05
1902458,65,12.414,67.24799999999999,0.0007873317226767,0.001059809505629,-0.0002724777829522999
1902458,66,12.242,67.311,0.0003919664013665,0.0006311387599756,-0.0002391723586091
1902458,67,12.039,67.24799999999999,0.0004388890229165,0.000778506800998,-0.0003396177780815
1902490,6,-29.092,1.0529999999999973,0.0020252005197107,0.0005096031042436,0.0015155974154670998
1902490,8,-29.715,0.15799999999998704,0.0020233991090208,0.000542881549336,0.0014805175596848
1902490,14,-30.794,-0.6890000000000214,0.0042337267659604,0.0004974344434837,0.0037362923224767003
1902490,26,-31.218,-2.4110000000000014,0.0012622198555618,0.0008192446548491,0.0004429752007127
1902490,33,-32.133,-4.845000000000027,0.0014448537258431,0.0004793290378681,0.000965524687975
1902492,31,-1.274,-2.901999999999987,2.8718220619339263e-06,0.0007682466530241,-0.000765374830962166
1902492,39,-0.263,-1.4159999999999968,3.87849786420702e-06,0.0014399886131286,-0.001436110115264393
1902493,7,-31.342,-0.41500000000002046,0.0002704864891711,0.0005340882150145,-0.00026360172584339995
1902493,8,-31.288,-0.6669999999999732,0.0020815862808376,0.0005329912722421,0.0015485950085955
1902493,28,-31.335,-4.7309999999999945,0.0007864189101383,0.0007430134767976,4.340543334069996e-05
1902493,33,-29.728,-7.584000000000003,0.0010045183589681,0.0005316356158194,0.0004728827431487001
1902493,36,-29.491,-8.586999999999989,0.0012906617484986,0.0004537020189066,0.000836959729592
1902493,39,-29.392,-8.456999999999994,0.0029071080498397,0.0004557907911172,0.0024513172587224998
1902495,15,-19.583,0.0020000000000095497,0.0048081367276608,0.0007220968060816,0.0040860399215792
1902495,21,-19.371,-0.535000000000025,0.0063908440060913,0.0009559945125753,0.005434849493516
1902495,33,-19.209,-1.8940000000000055,0.0032031047157943,0.0005275800164478,0.0026755246993465003
1902495,37,-17.228,-1.8410000000000082,0.0016751046059653,0.0005856519759011,0.0010894526300642
1902495,41,-19.072,-2.629000000000019,0.0014233133988454,0.0005636075511574,0.0008597058476879999
1902496,11,-16.112,-2.704999999999984,0.0034745119046419,0.000570292235352,0.0029042196692899
1902496,22,-15.91,-2.062999999999988,0.0021392202470451,0.0009670618843908,0.0011721583626542998
1902496,34,-15.422,-1.7819999999999823,0.002574339043349,0.0004900122973291,0.0020843267460199
1902496,36,-15.287,-1.3980000000000246,0.0011481414549052,0.0005657837803786,0.0005823576745266
1902496,40,-15.88,-1.002999999999986,0.0008328797412104,0.0005222499603405,0.0003106297808699001
1902497,5,-12.117,1.5360000000000014,0.000636312062852,0.0004456825651383,0.00019062949771369995
1902497,6,-12.412,1.6529999999999916,0.001657917862758,0.0005068408985001,0.0011510769642579
1902499,17,-3.953,-5.314999999999998,0.0007579679368063,0.001325643621385,-0.0005676756845787
1902500,10,-23.561,-1.0400000000000205,0.0041481195949018,0.0004971440842685,0.0036509755106333003
1902500,12,-23.683,-1.3050000000000068,0.0052429144270718,0.0005289801241209,0.0047139343029509
1902500,14,-23.828,-1.440999999999974,0.0017843923997133,0.0005243334647578,0.0012600589349555
1902500,33,-21.431,-2.180999999999983,0.001209961483255,0.0004788727286116,0.0007310887546434
1902500,35,-20.931,-2.4499999999999886,0.003158462466672,0.0004730576571697,0.0026854048095023
1902500,36,-20.996,-2.019999999999982,0.0013800981687381,0.0006416803807951,0.000738417787943
1902500,37,-21.117,-1.3410000000000082,0.0009530527167953,0.0006058208916025,0.0003472318251928
1902500,39,-20.964,0.2050000000000125,0.002835321938619,0.0005540926164637,0.0022812293221553
1902500,41,-21.325,1.1999999999999886,0.0010489812120795,0.0006725532972874,0.00037642791479210007
1902501,29,-5.771,-91.09300000000002,0.002806975506246,0.0013235527245948,0.0014834227816512002
1902652,1,11.773,-111.519,0.0011896936921402,0.0007960332441143,0.0003936604480259001
1902652,3,11.763,-111.891,0.001860570628196,0.0006407103889311,0.0012198602392649001
1902722,2,-22.209,-34.47500000000002,0.001141304266639,0.000623241920645,0.0005180623459940001
1902742,1,28.721,-74.447,0.0022454040590673,0.0007797790846476,0.0014656249744196999
1902742,2,28.784,-74.40499999999997,0.0023060489911586,0.0009220134428081,0.0013840355483504998
1902742,3,28.796,-74.67500000000001,0.0017355899326503,0.0008526570939769,0.0008829328386733999
1902742,5,28.726,-75.76400000000001,0.0005552026559598,0.0009254676794322,-0.00037026502347239996
1902742,7,28.266,-75.822,0.0007180795655585,0.0007719698284442,-5.3890262885699985e-05
2903439,15,-34.917,-109.831,0.0017495355568826,0.0007027973964189,0.0010467381604636998
2903440,8,-37.658,-99.29000000000002,0.0016906559467315,0.0006035063803816,0.0010871495663499
2903440,9,-37.685,-99.46499999999996,0.0057056886143982,0.0007127397111617,0.0049929489032365
2903441,13,-39.538,-88.68299999999999,0.0021269153803586,0.0008373879827558,0.0012895273976028
2903442,5,-40.541,-78.88600000000002,0.0073950937949121,0.0025918112757305,0.0048032825191815995
2903442,6,-40.541,-78.69999999999999,0.0042179976589977,0.0035963112798829,0.0006216863791148005
2903442,8,-40.549,-78.01400000000001,0.0151074733585119,0.0022363146611799,0.012871158697332
2903442,10,-40.275,-78.017,0.0035566168371587,0.003247648011893,0.0003089688252656997
2903442,12,-39.957,-78.54899999999998,0.0019638075027614,0.0009905541858946,0.0009732533168667998
2903442,15,-40.015,-79.33800000000002,0.0047231554053723,0.001080959647273,0.0036421957580992995
2903442,16,-40.122,-79.582,0.0021895237732678,0.001541962653088,0.0006475611201798002
2903451,41,-0.141,148.291,0.0013943429803475,0.0004788330309869,0.0009155099493606
2903451,56,0.082,149.86900000000003,0.0001633609936106,0.0004916562077899,-0.0003282952141793
2903451,57,0.419,148.914,0.0019369267392903,0.0003812787278244,0.0015556480114659
2903451,60,1.342,146.224,0.0008979454287327,0.0003946487753031,0.0005032966534296
2903451,75,0.909,141.28999999999996,0.0055310958996415,0.0005113606651624,0.0050197352344791
2903459,36,-9.778,-93.35000000000002,0.0033256886526942,0.0007046544924378,0.0026210341602564
2903459,38,-10.038,-93.54500000000002,0.0037613860331475,0.0007500029751099,0.0030113830580376
2903459,53,-9.652,-94.14100000000002,0.0033842492848634,0.0009121953238112,0.0024720539610521997
2903459,54,-9.806,-93.856,0.0013810478849336,0.0010613686948393,0.0003196791900942999
2903459,60,-9.674,-93.01799999999996,0.002256765961647,0.0010938257910311,0.0011629401706158998
2903459,64,-10.461,-91.92700000000002,0.0015886120963841,0.0009284256763445,0.0006601864200396
2903459,69,-10.066,-91.74,0.003773168195039,0.0008601178997196,0.0029130502953194
2903461,30,-2.993,-98.68099999999998,0.0013501159846782,0.0011104249861091,0.0002396909985690999
2903461,32,-3.137,-99.05200000000002,0.0034165962133556,0.0008337964148571,0.0025827997984985
2903461,37,-3.058,-100.29500000000002,0.0006046753842383,0.0007927812403067,-0.00018810585606840002
2903461,39,-3.08,-101.16500000000002,0.0020190139766782,0.0007271149661391,0.0012918990105391002
2903461,51,-2.734,-104.349,0.0012641767971217,0.0013145670915643,-5.039029444260006e-05
2903461,52,-2.353,-104.369,0.0026172501966357,0.0014490245375782,0.0011682256590575001
2903461,56,-2.401,-103.959,0.0020741363987326,0.0017427882024397,0.0003313481962929001
2903461,57,-2.532,-104.239,0.0046266638673841,0.0012593423016369,0.0033673215657472
2903461,58,-2.771,-104.281,0.0016727778129279,0.0009315992938354,0.0007411785190925
2903462,31,0.81,-97.64800000000002,0.0017628596397116,0.0011898078955709,0.0005730517441407
2903462,32,0.868,-98.29399999999998,0.0011257912265136,0.0011827757892509,-5.698456273729984e-05
2903462,36,0.375,-102.41199999999998,0.0011304739164188,0.0008663757471367,0.0002640981692820999
2903462,37,0.656,-103.303,0.0030511610675603,0.0011156319330135,0.0019355291345468
2903462,38,0.913,-104.103,0.000803769158665,0.001367826325198,-0.0005640571665329999
2903462,43,-0.443,-106.701,0.0026204534806311,0.0015166573769723,0.0011037961036588
2903462,54,1.336,-104.207,0.0033641178160905,0.0012184847146272,0.0021456331014633
2903462,55,1.875,-104.138,0.0018692216835916,0.0009105342129866,0.0009586874706049999
2903462,57,1.945,-102.959,0.0031709556933492,0.0010689993699391,0.0021019563234101002
2903462,58,1.536,-102.634,0.0029393963050097,0.0013029652958114,0.0016364310091983001
2903462,60,0.663,-102.25,0.0029697404243052,0.0009665994245248,0.0020031409997804
2903462,61,1.266,-102.356,0.0028774496167898,0.0010668633428091,0.0018105862739807
2903462,66,0.872,-102.08499999999998,0.0024571483954787,0.000587798441605,0.0018693499538736998
2903463,31,4.121,-97.753,0.0021555877756327,0.0007438637161006,0.0014117240595321
2903463,33,4.41,-97.05599999999998,0.0030655968002974,0.0005054775198611,0.0025601192804362996
2903463,37,3.505,-97.37900000000002,0.0008935550577007,0.0010414716089144,-0.0001479165512137
2903463,49,2.024,-102.168,0.0003470678057055,0.0006939526453303,-0.0003468848396248
2903463,53,2.841,-103.046,0.0024878131225705,0.0007898089825175,0.001698004140053
2903463,60,2.582,-102.43400000000004,0.0062010018154978,0.0008114349329844,0.005389566882513399
2903463,61,3.087,-102.365,0.0041393614374101,0.0009704536253896,0.0031689078120204998
2903463,62,2.843,-102.26100000000002,0.0015288211870938,0.0008167905034497,0.0007120306836441
2903463,65,3.147,-101.92399999999998,0.0018843351863324,0.0006845298921689,0.0011998052941635
2903463,66,3.345,-102.14999999999998,0.0012341439723968,0.0008464092194723,0.0003877347529245
2903464,48,3.074,82.007,0.0012452123919501,0.0004745244320171,0.0007706879599330001
2903464,53,3.614,80.89499999999998,0.0025371769443154,0.0006368708952019,0.0019003060491135002
2903464,61,3.496,83.35300000000001,0.0034237254876643,0.0004786773837016,0.0029450481039627
2903464,65,2.118,82.209,0.0010620185639709,0.0004150450210242,0.0006469735429467
2903465,36,-4.781,86.53800000000001,0.0026102135889232,0.0005406112759374,0.0020696023129858
2903465,62,-4.926,89.68799999999999,0.0014176900731399,0.0008108098409138,0.0006068802322261001
2903465,65,-5.087,91.08499999999998,0.0012409043265506,0.0007896195747889,0.0004512847517617
2903465,68,-5.615,93.918,0.0014649088261649,0.0006357234281798,0.0008291853979850999
2903465,69,-5.836,94.52800000000002,2.2407616597774904e-06,0.0005532544649516,-0.0005510137032918225
2903466,48,1.248,66.457,0.002377521013841,0.0009051463760746,0.0014723746377664
2903466,49,1.412,65.92700000000002,0.0018754042685031,0.0008904115917781,0.000984992676725
2903466,50,1.091,65.011,0.0012091527460142,0.0005902607614795,0.0006188919845347001
2903466,63,-1.157,74.559,0.0022945310920476,0.0004915624546507,0.0018029686373968999
2903468,29,-18.909,100.72800000000001,0.002734747948125,0.0005779686034657,0.0021567793446593
2903468,31,-19.374,100.86900000000003,0.0006254689651541,0.0005944576696492,3.1011295504900015e-05
2903468,33,-18.816,100.96100000000001,0.000681807519868,0.000531423681726,0.00015038383814199995
2903468,38,-18.206,98.678,0.005680582486093,0.0005251137772575,0.0051554687088355
2903468,39,-18.227,98.09800000000001,0.0006015247199684,0.0005328009137883,6.872380618010003e-05
2903468,40,-18.355,97.548,0.0015679313801229,0.000581024660884,0.0009869067192389
2903468,46,-18.704,96.73000000000002,0.000853138975799,0.000549535616301,0.000303603359498
2903468,48,-18.241,96.24200000000002,0.0040996158495545,0.0005114582794097,0.0035881575701447997
2903468,53,-18.181,95.97399999999999,0.0024101433809846,0.0005189603349814,0.0018911830460032002
2903468,57,-18.541,97.572,0.0010507286060601,0.0004895484889857,0.0005611801170744
2903468,60,-19.239,97.02699999999999,0.0005950984777882,0.0004761637149689,0.00011893476281930003
2903472,32,-41.079,34.997000000000014,0.000894628057722,0.0009806540523034,-8.602599458139998e-05
2903856,28,1.387,-168.199,0.0015249887946993,0.0006677257479168,0.0008572630467825
2903856,30,1.09,-170.164,0.0035465192049741,0.0007759039872325,0.0027706152177416
2903856,32,0.887,-172.214,0.002349164802581,0.0010811987255389,0.0012679660770420998
2903856,34,1.342,-174.341,0.0016751911025494,0.0007983039637717,0.0008768871387777001
2903856,40,1.277,-178.81,0.0009983248310163,0.0008012496206598,0.0001970752103564999
2903856,55,0.774,178.73900000000003,0.0009946513455361,0.0007087920093908,0.00028585933614530003
2903856,56,0.324,179.15800000000002,0.000770928163547,0.000706574472133,6.435369141400001e-05
2903858,39,-16.968,-79.67000000000002,0.0014247886138036,0.0012199784784267,0.00020481013537689994
2903858,40,-17.045,-79.76600000000002,0.0032097497023642,0.0020438932503263,0.0011658564520379
2903858,41,-16.935,-79.96600000000001,0.0012510180240496,0.0013159950419018,-6.49770178522001e-05
2903858,44,-16.523,-80.75,0.0032307195942848,0.000858855608385,0.0023718639858998003
2903939,1,-18.95,5.811000000000007,0.0025135506875813,0.0011775930955385,0.0013359575920427998
2903940,2,-15.632,-10.009000000000015,0.0013381370808929,0.0004658378990522,0.0008722991818406998
2903940,3,-15.456,-10.019000000000005,0.0012728824513033,0.0005171205266378,0.0007557619246655
2903940,4,-15.406,-10.011000000000024,0.0010961554944515,0.0004239523744521,0.0006722031199994001
2903941,2,-15.875,-19.605000000000018,0.0008446522406302,0.0004720197175629,0.0003726325230673
2903941,3,-15.751,-19.944999999999993,0.0008233103435486,0.0004336529624803,0.0003896573810683
3902261,25,58.832,-23.88900000000001,0.0007237838581204,0.0009481350231605,-0.0002243511650401
3902332,1,41.957,-46.14699999999999,0.0012054881080985,0.0005547249068816,0.0006507632012169
3902334,4,38.096,-63.67700000000002,0.002909418195486,0.0024761757037291,0.0004332424917569003
3902340,1,20.396,-177.844,0.0022687134332954,0.0004058813986678,0.0018628320346275999
3902340,3,20.155,-177.195,0.0008889304590411,0.000372473548244,0.0005164569107971
3902340,13,19.768,-176.429,0.0012002007570117,0.0004503204642484,0.0007498802927633
3902340,14,19.892,-176.673,0.0008091998170129,0.0004269578591144,0.00038224195789849996
3902340,17,20.233,-177.732,0.0020010583102703,0.0004759114429665,0.0015251468673038
3902340,19,20.457,-178.428,0.0010508284904062,0.0004116298320392,0.0006391986583669999
3902341,2,15.153,154.183,0.0007737910491414,0.0003097201794541,0.00046407086968729995
3902341,4,14.583,154.37599999999998,0.0003524648491293,0.0003538987172457,-1.433868116400012e-06
3902341,10,14.806,158.40999999999997,0.0019219832029193,0.0003579447705609,0.0015640384323584
3902341,11,15.113,158.185,0.0007019332842901,0.0003598018859823,0.0003421313983078
3902341,12,15.38,157.591,0.0005812325398437,0.0003587132378015,0.00022251930204220002
3902341,13,15.632,156.812,0.0011252135736867,0.000364267732948,0.0007609458407387001
3902341,16,16.173,154.62599999999998,0.0006320298998616,0.0003124334616586,0.00031959643820300004
3902341,17,16.109,154.065,0.000895143894013,0.000355966418283,0.0005391774757299999
3902342,1,21.258,-173.378,0.0008593786042183,0.0003796309368529,0.0004797476673654
3902342,86,22.349,-177.616,0.0020329500548541,0.0003744752417939,0.0016584748130602
3902342,87,22.377,-177.626,0.0017744654323905,0.0003759401928012,0.0013985252395893
3902342,89,22.363,-177.649,0.0006724959239363,0.0003949110978282,0.00027758482610810005
3902342,90,22.352,-177.646,0.0006773809436708,0.0003693262406159,0.00030805470305490004
3902342,91,22.356,-177.663,0.0005422987742349,0.0003870276462597,0.0001552711279752
3902342,92,22.358,-177.661,0.0005248867091722,0.0003424163151066,0.00018247039406560004
3902342,93,22.356,-177.675,0.0006980934413149,0.0003549017031521,0.0003431917381628
3902342,95,22.366,-177.693,0.0003626763937063,0.0003568334698987,5.842923807600014e-06
3902342,96,22.371,-177.687,0.0017785537056624,0.0003876553770775,0.0013908983285849
3902342,97,22.362,-177.707,0.0006060295854695,0.0003587868122849,0.00024724277318460006
3902342,98,22.369,-177.709,0.0005567427724599,0.0005208256091767,3.5917163283200005e-05
3902342,99,22.364,-177.719,0.0008145701722241,0.0003548579309911,0.000459712241233
3902342,100,22.363,-177.73,0.0006751059554517,0.0003679811876888,0.0003071247677629
3902342,101,22.361,-177.728,0.0009197792387567,0.000359463369629,0.0005603158691277
3902342,102,22.364,-177.751,0.0006943474290892,0.0003430469951126,0.0003513004339766
3902342,103,22.362,-177.739,0.0006295245257206,0.0003771769115701,0.0002523476141505
3902342,104,22.369,-177.752,0.0005345827667042,0.0003496256152478,0.00018495715145640007
3902342,105,22.364,-177.728,0.0011359647614881,0.0003666732033404,0.0007692915581477
3902342,106,22.366,-177.726,0.0011359647614881,0.0003784725364918,0.0007574922249962999
3902342,107,22.357,-177.713,0.0011359647614881,0.0003579993305417,0.0007779654309463999
3902342,108,22.354,-177.701,0.0006738739903084,0.0003718407921648,0.00030203319814360005
3902342,109,22.35,-177.69,0.0006647520931437,0.0003730207778668,0.0002917313152769
3902342,110,22.35,-177.668,0.0008307243697345,0.0003731265120829,0.0004575978576516
3902342,111,22.347,-177.648,0.0020313379354774,0.0003671820547121,0.0016641558807652997
3902342,112,22.346,-177.614,0.0020313379354774,0.0003941205504816,0.0016372173849957998
3902342,113,22.349,-177.62,0.0024097675923258,0.0003941105387639,0.0020156570535619003
3902342,114,22.363,-177.615,0.0024097675923258,0.000392074919849,0.0020176926724768
3902342,120,22.412,-177.636,0.0030050578061491,0.0003830179339274,0.0026220398722217
3902342,121,22.433,-177.642,0.0029692512471228,0.0003751131492511,0.0025941380978717
3902342,122,22.444,-177.643,0.0014240519376471,0.0003941824737315,0.0010298694639155998
3902342,123,22.451,-177.655,0.0001047095720423,0.0003758025898908,-0.0002710930178485
3902342,124,22.449,-177.663,0.000579870713409,0.000399441991855,0.00018042872155399998
3902342,125,22.441,-177.674,0.0005944783915765,0.0003845948085654,0.00020988358301110002
3902342,126,22.434,-177.676,0.0007468203548341,0.0003660434352544,0.00038077691957969997
3902342,127,22.433,-177.665,0.0006018107524141,0.0003692619696569,0.00023254878275720005
3902342,128,22.43,-177.66,0.0011576237156987,0.0003732408222276,0.0007843828934711
3902342,129,22.438,-177.65,0.0009704310796223,0.0003705241930826,0.0005999068865397
3902342,130,22.439,-177.639,0.0012283039977774,0.0003561017801985,0.0008722022175789001
3902342,131,22.446,-177.641,0.0010559746297076,0.0004007350459384,0.0006552395837692
3902342,132,22.457,-177.644,0.0010559746297076,0.0003797402023337,0.0006762344273738999
3902342,133,22.461,-177.654,0.0015804310096427,0.0003889356933844,0.0011914953162583
3902342,134,22.466,-177.662,0.0015804310096427,0.0003659582289401,0.0012144727807026
3902342,135,22.462,-177.658,0.0015804310096427,0.0003817023631806,0.0011987286464621
3902342,136,22.46,-177.655,0.0015804310096427,0.0003698824342185,0.0012105485754242001
3902342,137,22.463,-177.65,0.0016320555005222,0.0003718816927478,0.0012601738077744
3902342,138,22.462,-177.64,0.0016320555005222,0.0003685821041775,0.0012634733963446999
3902342,139,22.469,-177.64,0.0016320555005222,0.0003698920578851,0.0012621634426370999
3902344,12,20.956,178.01999999999998,0.0003899315779563,0.0004366392968222,-4.670771886590002e-05
3902344,18,20.356,178.92899999999997,0.0013399866875261,0.0004455190986239,0.0008944675889021999
3902345,2,14.24,149.053,0.0009085503406822,0.000409447675338,0.0004991026653442
3902345,4,14.185,150.74099999999999,0.0011690951650962,0.0003986300628942,0.0007704651022019999
3902345,6,13.262,151.40800000000002,0.0009152932325378,0.000420992844738,0.0004943003877997999
3902345,9,14.12,151.849,0.0006324731511995,0.0004380984076609,0.00019437474353860003
3902345,10,14.218,152.459,0.0004799462913069,0.0004042766716641,7.566961964280001e-05
3902345,12,14.021,153.529,0.0006713258917443,0.0004120519248923,0.000259273966852
3902348,3,25.025,-67.60899999999998,0.0005939244874753,0.0003654917915506,0.00022843269592470007
3902348,6,26.318,-68.77300000000002,0.0008337416220456,0.0003737212779621,0.0004600203440835
3902348,11,26.539,-66.29399999999998,0.0005806460394524,0.0003350487192316,0.0002455973202208
3902348,12,26.36,-66.23700000000002,0.0016812689136713,0.0003394958330318,0.0013417730806395
3902556,33,-14.718,-79.79199999999997,0.0055515053682029,0.0013492541232456,0.0042022512449573
3902556,45,-13.864,-81.22199999999998,0.0028533712029457,0.0013241560275976,0.0015292151753481002
3902615,4,26.241,-37.535000000000025,0.0007702935836277,0.0005754596980599,0.00019483388556780002
3902615,5,26.044,-37.40899999999999,0.0021938120480626,0.0006357160164043,0.0015580960316583002
3902615,6,25.762,-37.33600000000001,0.0013089759740978,0.0006255451007746,0.0006834308733232001
4903273,112,38.475,-66.75999999999999,0.0035985303111374,0.0006593820289708,0.0029391482821666
4903273,118,37.738,-61.339,0.0014478630619123,0.0004321720043662,0.0010156910575460998
4903273,120,37.948,-59.91500000000002,0.0007136889034882,0.0004231653001625,0.00029052360332570005
4903274,109,27.114,-74.32999999999998,0.0010052968282252,0.0006130583545503,0.0003922384736748999
4903274,110,27.173,-74.09100000000001,0.0017280477331951,0.0004859643328624,0.0012420834003327
4903274,111,27.494,-73.993,0.001482855877839,0.000522197127187,0.000960658750652
4903274,112,28.001,-74.589,0.0035989747848361,0.0005222934026581,0.003076681382178
4903274,113,28.735,-75.11000000000001,0.0007591806352138,0.000431516537598,0.0003276640976158
4903274,119,29.346,-76.44299999999998,0.0009346941369585,0.0004995665124927,0.00043512762446580003
4903274,121,28.39,-75.476,0.001895536435768,0.0005422182536373,0.0013533181821307
4903274,122,28.414,-74.87900000000002,0.0007326334598474,0.0005828498979099,0.00014978356193750002
4903274,125,28.445,-76.65300000000002,0.0010103287640959,0.0004301145575785,0.0005802142065174001
4903274,136,23.662,-71.84199999999998,0.0012603898067027,0.0004621175758074,0.0007982722308953001
4903274,138,23.0,-71.608,0.0025475944858044,0.0004406466129391,0.0021069478728653
4903274,139,22.367,-71.42000000000002,0.0017742394702509,0.0004148356965743,0.0013594037736766001
4903274,140,22.172,-70.62099999999998,0.0013187362346798,0.0003964735369663,0.0009222626977134999
4903274,141,23.079,-70.93,0.0011991444043815,0.0004451760905794,0.0007539683138020999
4903274,143,23.17,-69.37,0.0009926859056577,0.0004871007695328,0.0005055851361249
4903274,144,22.654,-69.29399999999998,0.0021093906834721,0.0004645324273345,0.0016448582561376002
4903458,68,13.316,-58.291,0.0024457226973026,0.0009205976966768,0.0015251250006258002
4903458,69,13.267,-57.696000000000026,0.0008443393162451,0.0008871983348702,-4.285901862509996e-05
4903458,70,13.077,-57.141999999999996,0.0004119538934901,0.0007622561921986,-0.00035030229870850003
4903458,71,14.051,-56.93000000000001,0.0020469923038035,0.0007957750931382,0.0012512172106652997
4903458,84,14.51,-55.07900000000001,0.0005219575250521,0.0005521736651038,-3.0216140051700065e-05
4903458,85,14.021,-55.089999999999975,0.0017695343121886,0.0005980632655943,0.0011714710465943
4903459,51,4.406,-28.380999999999972,7.015295523160603e-06,0.0014336634582529,-0.0014266481627297394
4903459,75,3.016,-23.281000000000006,0.0006496986607089,0.0006489926793922,7.05981316700033e-07
4903459,81,3.207,-24.48599999999999,0.0004914727760478,0.0009412205351206,-0.00044974775907279997
4903462,56,7.713,-55.17599999999999,0.0011529120383784,0.0015995771391317,-0.00044666510075329997
4903462,66,10.102,-53.23599999999999,0.0007859752513468,0.0007238868662777,6.208838506909994e-05
4903462,67,10.782,-53.16300000000001,0.0009783778805285,0.000705090642441,0.0002732872380875
4903462,68,10.618,-52.98599999999999,0.0011636627605184,0.0006794002838432,0.0004842624766752
4903462,82,10.662,-51.06,4.9454006330051925e-06,0.000682347046677,-0.0006774016460439948
4903485,35,28.501,-16.067000000000007,0.0009562039631418,0.0009791451351096,-2.294117196779998e-05
4903485,37,28.198,-16.007000000000005,0.0004285404866095,0.0007541929371654,-0.00032565245055589994
4903485,38,27.913,-16.494000000000028,0.0008353405282832,0.0004646856201967,0.00037065490808650003
4903485,40,27.555,-16.99000000000001,0.0042915283702313,0.0006636782394101,0.0036278501308211995
4903485,41,27.237,-17.101999999999975,0.000954425020609,0.0005212810550195,0.00043314396558950005
4903485,43,26.816,-16.795000000000016,0.0011866834247484,0.0005906008300371,0.0005960825947113001
4903485,46,27.651,-17.25799999999998,0.0005037473747506,0.0006199437581623,-0.0001161963834116999
4903485,47,27.799,-17.052999999999997,7.708731573075056e-06,0.0006967988835337,-0.0006890901519606249
4903485,53,26.184,-15.649000000000001,0.0014114371733739,0.0005587016348727,0.0008527355385012001
4903485,63,25.616,-16.581999999999994,3.583038568496704,0.0006341721164062,3.582404396380298
4903485,67,26.063,-16.649,0.0011510875774547,0.0016479695526262,-0.0004968819751715
4903485,69,25.873,-16.778999999999996,0.0014408457791432,0.0012602792897572,0.0001805664893860001
4903485,71,25.628,-16.548999999999978,0.0009437591070309,0.0007673365374406,0.00017642256959030003
4903486,49,4.783,-19.59699999999998,4.103306770324707,0.0007905653328634,4.1025162049918436
4903486,62,4.927,-21.642999999999972,0.0009942353935912,0.0009553443912106,3.889100238059994e-05
4903487,37,25.341,-22.88900000000001,0.0009802692802622,0.000742823331772,0.00023744594849019988
4903487,41,25.517,-22.307999999999993,0.0012691000010818,0.0010551920859143,0.0002139079151675001
4903487,47,26.061,-24.089,0.0019290485652163,0.000385437151029,0.0015436114141873
4903487,49,26.358,-24.649,0.0016989067662507,0.0005191203284387,0.0011797864378120001
4903487,50,26.509,-24.75999999999999,0.0008709919056855,0.0005640029363955,0.00030698896929000005
4903487,53,26.414,-24.25400000000002,0.0011376128531992,0.0005822245536061,0.0005553882995931
4903487,55,26.191,-24.267999999999972,0.008018871769309,0.0005158285882013,0.007503043181107701
4903487,58,25.55,-23.514999999999986,0.0009480566950514,0.0005663899355567,0.0003816667594947
4903487,65,26.679,-23.713000000000022,0.0015236038016155,0.000583885955469,0.0009397178461465
4903487,71,26.84,-22.911,0.0022999185603111,0.0009450836029524,0.0013548349573586998
4903487,75,26.568,-22.706999999999994,0.0007718933047726,0.000749492222288,2.2401082484600006e-05
4903488,42,54.455,-16.821000000000026,0.002087760483846,0.0007987287438785,0.0012890317399675
4903488,70,55.103,-25.011000000000024,0.0009579241159372,0.000674682475316,0.0002832416406212
4903489,42,-2.217,-17.089999999999975,0.0004648520553018,0.0007717026552806,-0.00030685059997880005
4903489,44,-2.636,-16.613999999999976,0.0009570300462655,0.0007789171650074,0.00017811288125810004
4903489,72,-2.635,-16.50400000000002,0.0006439387798309,0.0008086851448751,-0.00016474636504420007
4903489,74,-2.655,-17.165999999999997,0.0018756359349936,0.0005442113033495,0.0013314246316441
4903489,78,-3.314,-19.93599999999998,0.0014042818220332,0.0009084228659048,0.0004958589561284
4903533,35,41.488,-27.726999999999975,0.0020177618134766,0.0013452601851895,0.0006725016282871001
4903533,37,41.134,-28.24200000000002,0.0037892535328865,0.00050708684527,0.0032821666876164998
4903533,43,40.865,-28.25,0.0043347310274839,0.0009588530519977,0.0033758779754862003
4903533,44,41.144,-28.28800000000001,0.0026085991412401,0.000687856595808,0.0019207425454321001
4903533,45,41.204,-28.432999999999993,0.0016795254778116,0.0008156316083235,0.0008638938694881
4903533,46,41.094,-28.697000000000003,0.0033321103546768,0.0008502429700456,0.0024818673846312
4903533,47,41.071,-29.007000000000005,0.0007259984267875,0.0008597694104537,-0.0001337709836662
4903565,4,16.114,-49.32400000000001,0.0020945842843502,0.0006022491725161,0.0014923351118341002
4903570,13,31.882,-65.34100000000001,0.0015182392671704,0.0011311967779571,0.00038704248921330006
4903570,14,32.27,-65.25599999999997,0.0012825363082811,0.0009450135209287,0.0003375227873524
4903570,16,32.632,-64.839,0.0006859387503936,0.0007553023751825,-6.93636247889e-05
4903570,17,32.675,-64.78899999999999,0.0012172181159257,0.0006120290490798,0.0006051890668459
4903570,19,32.568,-64.85399999999998,0.0013738715788349,0.0010447587507466,0.00032911282808829987
4903570,20,32.926,-64.47300000000001,0.0018185034859925,0.0006109164678491,0.0012075870181434
4903570,21,32.941,-65.21499999999997,0.0019324510358273,0.0004586583624283,0.001473792673399
4903570,24,33.239,-65.64100000000002,9.126650547841564e-05,0.0005164983255478,-0.00042523182006938434
4903570,25,33.268,-67.80099999999999,0.0010651487391442,0.0005020399500305,0.0005631087891136999
4903570,30,32.016,-66.32100000000003,0.0030500823631882,0.000431988533819,0.0026180938293692
4903570,32,31.471,-67.03699999999998,0.0013930851127952,0.0004598852052974,0.0009331999074977999
4903570,43,31.633,-68.70999999999998,0.0023896906059235,0.0005828270999093,0.0018068635060142
4903570,44,32.005,-68.32600000000002,0.0007711465586908,0.000586577419502,0.0001845691391888
4903570,45,32.175,-67.719,0.0011269426904618,0.0006295838587296,0.0004973588317322001
4903570,48,32.145,-66.54599999999999,0.0027969263028353,0.0006074447495241,0.0021894815533112003
4903570,49,32.286,-66.75299999999999,0.0011436756467446,0.0006272908649407,0.0005163847818039
4903571,5,19.99,-22.78800000000001,0.0020299712195992,0.0008049235912039,0.0012250476283953001
4903571,14,19.998,-23.13299999999998,0.0013878806494176,0.0011867157105977,0.00020116493881990006
4903571,17,20.153,-23.944000000000017,0.0021698339842259,0.0011540657142177,0.0010157682700081998
4903571,23,20.972,-26.687999999999988,0.0004318209830671,0.0007687320467084,-0.0003369110636413
4903571,28,22.27,-28.32299999999998,0.0011165043106302,0.0007684800269392,0.0003480242836910001
4903571,32,20.632,-28.754999999999995,0.0022592390887439,0.0006267715167875,0.0016324675719564
4903571,34,20.311,-28.76400000000001,0.00139707676135,0.0006748510641045,0.0007222256972455001
4903571,38,20.241,-28.899999999999977,0.0017517210217192,0.0005082828380788,0.0012434381836404
4903587,99,32.848,-155.995,0.0034353288356214,0.0006125748817188,0.0028227539539026
4903747,31,-26.227,108.80599999999998,0.0014468849403783,0.0006054023397155,0.0008414826006628
4903830,5,26.97,-35.94,0.0033057713881134,0.0006275421474128,0.0026782292407006
4903831,1,-19.892,8.197000000000003,0.0008092335774563,0.0011655417426178,-0.0003563081651614999
5906026,115,53.889,-137.834,0.0020713075064122,0.0029108286059151,-0.0008395210995029
5906036,216,-31.864,49.03800000000001,0.0018329181475564,0.0005630344191255,0.0012698837284309
5906304,127,-33.862,-166.957,0.0013267858885228,0.0004934965788076,0.0008332893097152001
5906304,135,-35.38,-168.318,0.0006490017403848,0.0006291826333229,1.981910706189995e-05
5906304,141,-32.012,-171.844,0.0017613118980079,0.0005184853216633,0.0012428265763446
5906305,127,-30.61,-80.36900000000003,0.0025014204438775,0.0003918597358278,0.0021095607080497004
5906305,140,-30.584,-80.233,0.0028896103613078,0.0011310760940735,0.0017585342672343
5906305,149,-29.464,-80.41199999999998,0.0009322174591943,0.0011420729958141,-0.00020985553661980003
5906305,151,-29.336,-80.23500000000001,0.0027817788068205,0.0010456177794064,0.0017361610274141
5906305,155,-29.293,-80.11200000000002,0.0027886962052434,0.0009734315487245,0.0018152646565189
5906305,159,-29.255,-79.798,0.0027990920934826,0.0004757650895044,0.0023233270039782
5906306,135,-37.299,-87.344,0.0016768896020948,0.000645488112544,0.0010314014895508
5906307,152,-38.241,-152.47,0.000802855414804,0.0006576989544555,0.0001451564603485
5906339,140,13.572,-56.519000000000005,0.0029687394853681,0.0006175920910512,0.0023511473943169
5906488,93,-36.158,-45.71199999999999,0.0013840823667123,0.001392195893762,-8.11352704970002e-06
5906488,95,-38.235,-47.22300000000001,0.0019514496671035,0.0011521750129759,0.0007992746541276
5906510,102,27.064,133.50599999999997,0.000932234339416,0.0010848574650784,-0.00015262312566240014
5906513,74,27.262,137.07799999999997,0.0039431783370673,0.0004883975489065,0.0034547807881608
5906537,51,-11.507,58.285,0.0012796324444934,0.0004287481618424,0.0008508842826509999
5906537,59,-11.239,58.45600000000002,0.0025543614756315,0.0005166644696146,0.0020376970060169003
5906537,66,-11.664,58.97300000000001,0.0024822049308568,0.0006854129993977,0.0017967919314591002
5906537,69,-11.529,58.476,0.001125814160332,0.0007084762522329,0.0004173379080991
5906537,71,-11.282,58.38900000000001,0.0012216933537274,0.0004811880547398,0.0007405052989876001
5906537,72,-11.033,58.22300000000001,0.0025962754152715,0.0004145801455403,0.0021816952697312
5906537,73,-10.992,58.143,0.000655165000353,0.0004406045385015,0.00021456046185150006
5906537,74,-10.944,57.90699999999998,0.0014200517907738,0.0004098172648809,0.0010102345258929
5906537,85,-10.465,57.53800000000001,0.0038672084920108,0.0003880554189284,0.0034791530730824
5906537,87,-11.111,58.037000000000006,0.0001706198090687,0.0004806680760035,-0.0003100482669348
5906537,88,-11.852,58.087999999999994,0.0010164065752178,0.0004993078764528,0.0005170986987649999
5906537,89,-11.49,58.514999999999986,0.0012952691176906,0.0007300558305966,0.000565213287094
5906538,53,-25.889,52.47200000000001,0.0002812306047417,0.0007011104219903,-0.0004198798172486
5906538,56,-24.827,52.405,0.000884763430804,0.0006272900112283,0.00025747341957569995
5906538,58,-25.116,51.857,0.001392837264575,0.0006803302676416,0.0007125069969334
5906538,59,-25.286,51.351,7.011437992332503e-05,0.0005881975521333,-0.0005180831722099749
5906538,60,-25.441,50.99799999999999,0.0010005941148847,0.0005995496952285,0.0004010444196561999
5906538,61,-25.805,50.803,0.0007460163906216,0.0006304276951899,0.00011558869543169998
5906538,73,-27.128,50.34700000000001,0.0014101669657975,0.001257075734126,0.00015309123167149986
5906538,74,-27.676,49.57900000000001,0.0009546597721055,0.0005988150369375,0.00035584473516800006
5906538,75,-28.319,49.46600000000001,0.0015239953063428,0.0007883610087446,0.0007356342975982001
5906538,76,-28.672,49.75399999999999,0.0024368532467633,0.0008235821927276,0.0016132710540356998
5906538,78,-28.519,50.75399999999999,0.0011744569055736,0.0010995293268933,7.492757868029988e-05
5906538,80,-28.303,50.85300000000001,0.001602625590749,0.000788996325961,0.000813629264788
5906538,81,-28.154,50.869,0.0010302017908543,0.0008659618712651,0.00016423991958919987
5906539,53,-7.814,76.41500000000002,0.0014088329626247,0.0006816928895811,0.0007271400730436001
5906539,73,-10.65,77.81200000000001,0.0019472129642963,0.0005906737836388,0.0013565391806575
5906539,79,-11.367,75.707,0.0009031636291183,0.0005531189963221,0.00035004463279619997
5906539,84,-12.881,75.53399999999999,0.0010913506848737,0.0006546660248811,0.00043668465999259986
5906539,87,-13.575,75.07499999999999,0.0005447771982289,0.0005731255514547,-2.8348353225800043e-05
5906540,59,-12.626,46.554,0.0007336151320487,0.0005799399417204,0.00015367519032829992
5906540,60,-11.906,46.781000000000006,0.00344048300758,0.000665852780609,0.002774630226971
5906540,61,-11.729,46.62700000000001,0.0004430299741216,0.0005592095743243,-0.00011617960020269999
5906540,64,-12.011,47.66899999999998,0.0005384742398746,0.0005730717287709,-3.45974888963e-05
5906540,65,-12.929,47.56100000000001,3.778178097491036e-06,0.0005850716455218,-0.000581293467424309
5906540,66,-13.354,47.52000000000001,0.0006037824205122,0.0005221185662473,8.166385426489997e-05
5906540,67,-13.201,47.623999999999995,2.5869719593174523e-06,0.0005315289793846,-0.0005289420074252825
5906540,68,-13.363,47.506,0.0008168736821971,0.0005289882925959,0.00028788538960120003
5906540,70,-13.207,47.638000000000005,0.0021872436627745,0.0004867876317196,0.0017004560310549
5906540,72,-12.793,47.39699999999999,3.360119990247767e-06,0.0005374923154401,-0.0005341321954498523
5906540,74,-12.823,47.364000000000004,0.0011762933572754,0.0004382076537391,0.0007380857035362999
5906540,76,-13.005,47.238,0.0015035935211926,0.0005098921634877,0.0009937013577049
5906540,83,-12.888,47.033000000000015,0.0003825429594144,0.0006335218204185,-0.0002509788610041
5906540,86,-13.436,47.345,0.0010041501373052,0.000903499739555,0.00010065039775020005
5906540,87,-13.636,47.209,0.0005338354967534,0.0007619055492493,-0.00022807005249590002
5906540,88,-13.524,47.30799999999999,0.0003266742278356,0.0007352432779346,-0.00040856905009900005
5906540,89,-13.75,47.28800000000001,0.0026690533850342,0.0007398221835804,0.0019292312014538
5906540,90,-13.834,47.21600000000001,0.0005322091164998,0.0006834500430462,-0.0001512409265464
5906540,91,-13.608,47.41,0.001000328338705,0.0008198176510632,0.0001805106876418
5906541,51,-38.646,-53.766999999999996,0.0018827231833711,0.0006089597591198,0.0012737634242513001
5906541,69,-38.954,-40.40199999999999,0.0028058676980435,0.0010738756197194,0.0017319920783240997
5906563,70,18.954,-125.731,0.0009929115185514,0.000545800566518,0.00044711095203339994
5906563,75,18.805,-125.654,0.0021433793008327,0.0004807220830116,0.0016626572178210998
5906563,77,19.021,-125.698,0.0028394623659551,0.0004444995817417,0.0023949627842134
5906563,79,19.03,-125.706,0.0014275186695158,0.0004460843823229,0.0009814342871929
5906564,58,8.485,-162.727,0.0013536680489778,0.0006077976625723,0.0007458703864055001
5906564,65,7.913,-163.59,0.0014436446363106,0.0007857382297515,0.0006579064065591
5906564,66,8.144,-163.62,0.0007198734674602,0.0005605411133728,0.0001593323540874
5906564,78,10.458,-161.849,0.0015170994447544,0.0004726915988915,0.0010444078458629
5906564,81,10.906,-159.85,0.0015618893085047,0.0005005594187726,0.0010613298897321
5906564,82,10.896,-159.225,0.0007416731677949,0.0005468758560406,0.00019479731175430003
5906564,83,10.688,-158.651,0.0019683591090142,0.0005393499353279,0.0014290091736863
5906564,84,10.52,-158.851,0.0012667027767747,0.0005215606846225,0.0007451420921522001
5906564,85,10.346,-159.569,0.0010174392955377,0.0005787286014916,0.0004387106940460999
5906564,86,10.155,-160.504,0.0006404594168998,0.0010722766358715,-0.00043181721897170007
5906564,88,10.151,-162.442,0.0006347577436827,0.0005908932847281,4.386445895459992e-05
5906566,77,-25.924,-158.566,0.0035809359978884,0.0003450749500188,0.0032358610478696
5906566,81,-25.603,-159.43,0.0012587046949192,0.0003264027279025,0.0009323019670167
5906566,85,-26.367,-160.712,0.001114755636081,0.0003467364974009,0.0007680191386801
6990590,2,22.076,-117.647,0.000594898534473,0.0004083288173812,0.00018656971709179998
6990590,3,22.064,-117.515,7.301961886696517e-05,0.0003877085982821,-0.0003146889794151348
6990671,4,-15.386,-13.745999999999981,0.0018249440472573,0.0004883249445507,0.0013366191027066
6990671,5,-15.777,-13.76600000000002,0.0008015804341994,0.0004665023783066,0.00033507805589280004
6990687,1,30.159,-71.452,0.0009676610352471,0.0005352457907671,0.00043241524448000006
6990687,2,30.215,-71.67899999999997,0.0021827537566423,0.0010656570860495,0.0011170966705928
6990687,3,30.165,-72.18599999999998,0.001745056011714,0.0009052685927599,0.0008397874189541001
6990687,5,30.162,-73.02999999999997,0.0014875645283609,0.0009716683028576,0.0005158962255033
6990687,7,30.328,-73.87599999999998,0.0006655752076767,0.0008327788091264,-0.00016720360144970004
7901095,24,-0.475,142.7,0.0012854466913267,0.0005400701193138,0.0007453765720129001
7901095,35,0.102,147.074,0.0016930447891354,0.0005132418688541,0.0011798029202813
7901095,39,1.469,148.747,0.0005108494660817,0.0004137848154641,9.70646506176e-05
7901095,54,0.436,146.01800000000003,0.0011798775522038,0.0006437224219553,0.0005361551302485
7901097,39,8.466,174.098,0.000379260018235,0.0003783122908013,9.477274337000305e-07
7901097,49,7.229,170.56100000000004,0.0009567584493197,0.0004432798887137,0.0005134785606059999
7901097,52,7.441,169.512,0.0013871615519747,0.0006242113886401,0.0007629501633346
7901097,54,8.179,168.752,0.0009173849248327,0.0005126679316163,0.0004047169932164
7901098,20,8.111,-169.667,0.003815502859652,0.0005682208575308,0.0032472820021211997
7901098,25,7.479,-174.085,0.0025367033667862,0.0005519004771485,0.0019848028896377
7901098,30,7.728,-175.266,0.0030304978135973,0.0006681825228345,0.0023623152907628
7901098,34,7.148,-174.136,0.0012885371688753,0.0005026713867361,0.0007858657821392
7901098,35,6.911,-173.199,0.0007834899588488,0.0004565933389433,0.0003268966199055
7901098,37,7.452,-171.889,0.0011714627034962,0.0004229468080059,0.0007485158954902999
7901098,38,7.052,-170.971,0.0021576762665063,0.0004110055742785,0.0017466706922278
7901098,39,6.626,-170.044,0.004701420199126,0.0004373858100734,0.0042640343890526
7901098,40,7.044,-169.523,0.0013893693685531,0.000394200120354,0.0009951692481991001
7901098,45,7.707,-167.486,0.000612266594544,0.0006494468737704,-3.718027922640008e-05
7901098,48,7.86,-168.532,0.0019492397550493,0.000878539305025,0.0010707004500243
7901098,49,7.871,-168.91,0.0005089163896627,0.0008304605338101,-0.00032154414414739996
7901098,50,7.751,-169.545,0.0009023488964885,0.000711856468115,0.0001904924283735001
7901098,51,7.655,-170.205,0.0018012993969023,0.0008705774865423,0.00093072191036
7901098,52,7.64,-170.684,0.0014497480588033,0.0007579481073965,0.0006917999514067999
7901103,25,-49.784,-47.95600000000002,0.0021702270023524,0.0020193475453803,0.00015087945697209995
7901103,26,-50.276,-47.22500000000002,0.0061176600866019,0.0022764963408311,0.0038411637457707996
7901107,21,-41.871,129.45299999999997,0.0015102978795766,0.0008862291191083,0.0006240687604683
7901109,2,10.126,-89.85300000000001,0.0010697189718484,0.0009925685784158,7.715039343260009e-05
7902101,14,2.682,-93.235,0.0029491428285837,0.0010389311937615,0.0019102116348222
7902101,20,2.892,-94.48399999999998,0.0007377892616204,0.0006271712870026,0.00011061797461780001
7902101,25,2.441,-93.62,0.0014071424957364,0.0008821535933141,0.0005249889024223
7902101,26,2.727,-93.961,0.0041379663161933,0.0007929209969006,0.0033450453192926995
7902102,14,-1.181,-94.978,0.0045399675145745,0.0031114818993955,0.001428485615179
7902102,22,-0.801,-95.176,0.0023606279864907,0.0026991670796026,-0.0003385390931118998
7902102,23,-1.39,-94.41199999999998,3.910752639058046e-05,0.002148844456921,-0.0021097369305304197
7902102,24,-1.456,-93.98000000000002,0.0035723221953958,0.0016141935096432,0.0019581286857526
7902102,25,-1.963,-93.49400000000004,0.0021387811284512,0.0011558167170733,0.0009829644113778999
7902104,20,11.97,-106.077,0.0014619234716519,0.0009152039613885,0.0005467195102634
7902104,21,11.817,-106.022,0.0014126145979389,0.0009806525195017,0.0004319620784372
7902104,22,11.52,-106.082,0.0010108158458024,0.0010629404957095,-5.212464990709989e-05
7902104,23,11.573,-106.15,0.0010626128641888,0.0006014955579303,0.00046111730625850004
7902104,24,11.65,-106.149,0.0008127932087518,0.0006276665565868,0.00018512665216500004
7902104,26,11.167,-105.802,0.0009953489061444,0.0005199389221767,0.00047540998396770006
7902111,1,40.058,-139.965,0.0040706205181777,0.0005250024260021,0.0035456180921756
7902111,2,40.064,-139.954,0.0040706205181777,0.0004532993286071,0.0036173211895706
7902111,20,40.289,-140.301,0.0033106422051787,0.0003149839661394,0.0029956582390393
7902111,21,40.382,-140.267,0.0010594534687697,0.0003915857523679,0.0006678677164018
7902111,28,40.553,-139.448,2.214508533477783,0.0005087523216692,2.213999781156114
7902112,10,40.505,-149.605,0.00090071168961,0.0012768106923128,-0.00037609900270279997
7902112,18,40.636,-149.236,0.0010044737718999,0.0004467023342537,0.0005577714376462
7902136,1,4.005,-139.453,0.0010599449742585,0.0006734839019676,0.0003864610722909
7902136,7,3.947,-136.715,0.0001546925341244,0.0008249993552453,-0.0006703068211209
7902136,8,3.748,-136.272,0.0025515961460769,0.0008630794667017,0.0016885166793752
7902136,9,3.925,-135.766,0.0016551369335502,0.0007271320791915,0.0009280048543587001
7902136,10,4.085,-135.307,0.0059368163347244,0.0008993238443508,0.0050374924903736
7902136,13,3.838,-134.27,0.0015202042413875,0.0008600106230005,0.0006601936183870001
7902226,3,27.225,-46.02199999999999,0.0022663658019155,0.0003838538735484,0.0018825119283671
7902226,4,27.479,-46.221000000000004,0.0009499754523858,0.0004763879211774,0.0004735875312084
7902226,5,27.563,-46.293000000000006,0.0005783374072052,0.0004009868716821,0.00017735053552309993
7902226,8,26.949,-46.99400000000003,0.0034410271327942,0.025739760894794,-0.0222987337619998
