wmo,profile,lat,lon,bnw,bbp700_first3_mean,delta_bbp
1902368,13,56.348,-147.356,0.0014665599446743,0.0013453333333333,0.00012122661134100006
1902369,4,45.006,-133.357,0.0005008206353522,0.0007126666666666,-0.00021184603131439998
1902369,5,45.02,-133.356,0.0004746729391627,0.000683,-0.0002083270608373
1902369,6,45.02,-133.354,0.0004746729391627,0.0007053333333333,-0.0002306603941706
1902369,7,45.038,-133.348,0.0006027951021678,0.0006923333333333,-8.953823116550005e-05
1902369,25,45.367,-132.841,0.0081796590238809,0.000911,0.007268659023880899
1902369,27,45.161,-132.562,0.0033364375121891,0.006601,-0.0032645624878109
1902369,32,44.734,-131.99,0.0041532875038683,0.0008703333333333,0.0032829541705349996
1902369,33,44.703,-131.969,0.0009202256915159,0.001148,-0.00022777430848409995
1902370,16,5.055,160.529,0.0008081672131083,0.0003413333333333,0.000466833879775
1902370,28,5.898,165.981,0.0011824986431747,0.0007106666666666,0.0004718319765081001
1902370,34,5.828,167.53499999999997,0.0010135842021554,0.0003826666666666,0.0006309175354887999
1902371,0,51.955,-142.958,0.0032442717347294,0.0015129999999999,0.0017312717347295
1902371,1,51.953,-142.962,0.0032442717347294,0.001453,0.0017912717347294
1902371,2,51.953,-142.968,0.0032442717347294,0.0014349999999999,0.0018092717347295002
1902371,3,51.953,-142.973,0.0032442717347294,0.001407,0.0018372717347294
1902371,4,51.956,-142.975,0.0032442717347294,0.0013513333333333,0.0018929384013961002
1902371,5,51.96,-142.974,0.0032442717347294,0.0013896666666666,0.0018546050680628
1902371,6,51.963,-142.971,0.0032442717347294,0.00136,0.0018842717347294
1902371,7,51.962,-142.973,0.0032442717347294,0.0014223333333333,0.0018219384013961001
1902371,8,51.957,-142.978,0.0032442717347294,0.0011976666666666,0.0020466050680628
1902372,13,0.35,93.043,0.0024070518556982,0.0006856666666666,0.0017213851890316
1902380,81,17.269,-44.988,0.0018035693792626,0.0004603333333333,0.0013432360459293
1902380,84,18.394,-44.495000000000005,0.0025555172469466,0.0004523333333333,0.0021031839136133003
1902380,93,18.572,-42.78699999999998,0.0014598085545003,0.0005513333333333,0.000908475221167
1902380,94,18.677,-42.742999999999995,0.0003547786909621,0.0005026666666666,-0.00014788797570449997
1902380,95,18.753,-42.778999999999996,0.0003599514311645,0.00045,-9.004856883549999e-05
1902380,96,18.806,-42.685,0.002841024659574,0.0005723333333333,0.0022686913262407
1902380,98,18.774,-41.93799999999999,0.001456988742575,0.000434,0.001022988742575
1902380,100,18.611,-41.692999999999984,0.0006098325829952,0.000572,3.783258299519998e-05
1902380,112,18.11,-42.64499999999998,0.001661370974034,0.0004793333333333,0.0011820376407007
1902380,114,17.827,-42.579999999999984,0.0021218236070126,0.000504,0.0016178236070126
1902380,116,18.235,-42.77600000000001,0.0015992015833035,0.0005333333333333,0.0010658682499702001
1902380,117,18.466,-43.15899999999999,0.0006540319300256,0.000451,0.00020303193002559994
1902380,118,18.66,-43.49400000000003,0.0010006116935983,0.0004536666666666,0.0005469450269317001
1902381,81,16.511,-33.52999999999997,0.0017920249374583,0.0005673333333333,0.001224691604125
1902381,94,17.077,-34.41699999999997,5.237756340648048e-06,0.00062,-0.000614762243659352
1902381,98,17.564,-34.41500000000002,0.0009629848646,0.0007076666666666,0.00025531819793339996
1902382,94,19.015,-30.153999999999996,0.0008289508987218,0.0007176666666666,0.00011128423205519994
1902382,98,19.109,-31.202999999999975,0.0014362834626808,0.0006889999999999,0.0007472834626809
1902382,111,20.086,-32.50400000000002,0.0017125942977145,0.000619,0.0010935942977145
1902382,113,19.997,-32.218999999999994,0.0021513057872653,0.000592,0.0015593057872652998
1902382,114,19.829,-32.09699999999998,0.0024459511041641,0.0005736666666666,0.0018722844374975001
1902382,115,19.563,-31.92500000000001,0.0022118752822279,0.0006129999999999,0.0015988752822280001
1902384,81,20.736,-41.61099999999999,0.0010105512337759,0.0004323333333333,0.0005782179004426
1902384,84,20.254,-41.01799999999997,0.0012260176008567,0.0005196666666666,0.0007063509341901
1902384,91,20.106,-42.43099999999998,0.0002186172787332,0.0005143333333333,-0.00029571605460010006
1902384,92,20.079,-42.58100000000002,0.001009845174849,0.000463,0.000546845174849
1902384,93,20.052,-42.759000000000015,0.0018032960360869,0.000492,0.0013112960360869
1902384,94,19.908,-42.93099999999998,0.0013435687869787,0.000542,0.0008015687869787
1902384,95,19.62,-43.048,0.0014518364332616,0.000501,0.0009508364332615999
1902384,96,19.385,-43.041,0.0009689224534668,0.000498,0.00047092245346680005
1902384,97,19.27,-42.77999999999997,0.0010396135039627,0.000497,0.0005426135039626999
1902384,100,19.188,-41.66699999999997,0.0015693565364927,0.000511,0.0010583565364927
1902384,112,19.344,-41.05500000000001,0.0024405939038842,0.000556,0.0018845939038842
1902385,80,24.994,-55.40499999999997,0.0006731910980306,0.0004109999999999,0.0002621910980307
1902385,82,25.584,-56.418000000000006,0.0009749325690791,0.0004796666666666,0.0004952659024125
1902385,84,26.777,-57.115999999999985,0.0009449670324102,0.0005173333333333,0.00042763369907689996
1902385,90,25.544,-58.12099999999998,0.0003523727355059,0.0004823333333333,-0.00012996059782740003
1902385,92,25.143,-58.93599999999998,0.0011698745656758,0.0004573333333333,0.0007125412323425
1902385,93,24.86,-59.285000000000025,0.0008710545371286,0.0006306666666666,0.000240387870462
1902385,94,24.662,-59.519000000000005,0.0006449017091654,0.0004233333333333,0.00022156837583210004
1902385,95,24.691,-59.668000000000006,0.0013539808569476,0.0004309999999999,0.0009229808569477
1902385,97,25.238,-59.95600000000002,0.0028947608079761,0.00043,0.0024647608079761004
1902385,102,26.394,-60.83600000000001,0.0020868552383035,0.0005706666666666,0.0015161885716369
1902385,111,25.623,-60.910000000000025,0.0012012725928798,0.000463,0.0007382725928797999
1902385,112,25.582,-60.61099999999999,0.0008346286485902,0.0003816666666666,0.00045296198192360004
1902385,113,25.468,-60.10700000000003,0.0001560343225719,0.0004179999999999,-0.000261965677428
1902385,116,25.569,-58.250999999999976,0.0035150717012584,0.0004559999999999,0.0030590717012585
1902385,118,26.034,-58.137,0.0020301896147429,0.0004346666666666,0.0015955229480763002
1902453,36,-2.189,72.368,0.0009484939510002,0.0005936666666666,0.0003548272843336
1902453,62,-3.52,74.47300000000001,0.0010020685149356,0.00059,0.00041206851493560005
1902453,64,-3.521,73.84199999999998,0.0007056036265566,0.0005173333333333,0.00018827029322329995
1902453,68,-3.207,74.70999999999998,0.0009270827285945,0.00056,0.0003670827285945001
1902454,47,2.749,57.13300000000001,0.0009536797297187,0.0009713333333333,-1.7653603614599996e-05
1902454,50,2.03,57.172,0.0011498010717332,0.0008176666666666,0.00033213440506660015
1902454,51,2.735,57.293000000000006,0.000506609736476,0.0007396666666666,-0.00023305693019060004
1902454,52,3.975,57.994,0.0021074309479445,0.0007743333333333,0.0013330976146111997
1902454,53,2.54,57.857,0.0020854454487562,0.0006283333333333,0.0014571121154229002
1902454,55,1.973,55.760999999999996,0.0013613133924081,0.001371,-9.68660759190004e-06
1902454,56,2.18,55.08600000000001,0.0006016819388605,0.0013319999999999,-0.0007303180611394001
1902455,52,2.493,70.45600000000002,0.0016387226060032,0.0005953333333333,0.0010433892726699001
1902455,65,2.212,74.423,0.0031144886743277,0.000569,0.0025454886743277
1902455,69,2.979,73.668,0.0013036140007898,0.0006103333333333,0.0006932806674564999
1902456,33,-26.363,56.827,0.0022681332193315,0.0005676666666666,0.0017004665526648998
1902456,36,-25.837,55.623999999999995,0.0010690297931432,0.0006036666666666,0.0004653631264766
1902456,38,-25.566,54.260999999999996,0.0001687195763224,0.0005896666666666,-0.0004209470903442001
1902456,40,-25.305,52.85499999999999,0.0025220941752195,0.0007143333333333,0.0018077608418862
1902456,41,-25.465,51.77799999999999,0.0003904394397977,0.0006533333333333,-0.00026289389353559994
1902456,42,-25.887,51.49799999999999,0.0004216976522002,0.000648,-0.00022630234779980003
1902456,43,-26.139,51.339,0.0016081364592537,0.0006943333333333,0.0009138031259204
1902456,44,-26.265,51.170000000000016,0.0008676188299432,0.0007233333333333,0.00014428549660989998
1902456,45,-26.185,51.170000000000016,0.0030835152138024,0.0007663333333333,0.0023171818804691
1902456,47,-25.865,51.90100000000001,0.0016844664933159,0.0008033333333333,0.0008811331599826
1902456,51,-24.792,53.14099999999999,0.0007666999590583,0.0005059999999999,0.00026069995905840006
1902456,54,-23.716,54.905,0.0011869042646139,0.0005163333333333,0.0006705709312805999
1902456,58,-24.477,56.18099999999998,0.0018421685090288,0.000498,0.0013441685090288
1902456,59,-23.861,56.105999999999995,0.0030808958690613,0.0006793333333333,0.002401562535728
1902456,66,-25.254,55.74199999999999,0.0008680343162268,0.0005536666666666,0.0003143676495602
1902456,68,-25.424,55.857,0.0006266622804105,0.0005426666666666,8.39956137439e-05
1902457,31,5.941,66.221,0.0006761504337191,0.0006983333333333,-2.2182899614200014e-05
1902457,51,6.037,67.638,0.0019421526230871,0.000498,0.0014441526230871001
1902457,52,6.219,67.63999999999999,0.0015468437923118,0.0005426666666666,0.0010041771256452
1902457,57,5.979,67.541,0.001890497165732,0.0009166666666666,0.0009738304990654001
1902457,65,5.296,67.81700000000001,0.0022309459745883,0.0006033333333333,0.0016276126412550001
1902457,66,5.547,67.95499999999998,0.0011808145791292,0.0007599999999999,0.0004208145791293
1902457,67,6.171,68.98000000000002,0.0007549376459792,0.0005683333333333,0.0001866043126459001
1902458,50,12.927,67.83699999999999,0.0007047070539556,0.000572,0.0001327070539556
1902458,60,12.742,67.261,0.000386285217246,0.000664,-0.000277714782754
1902458,63,12.359,67.31700000000001,0.0009144394425675,0.0010596666666666,-0.00014522722409910011
1902458,64,12.396,67.261,0.0006543332710862,0.0006313333333333,2.2999937752900073e-05
1902458,65,12.414,67.24799999999999,0.0007873317226767,0.0007786666666666,8.665056010100027e-06
1902458,66,12.242,67.311,0.0003919664013665,0.0007303333333333,-0.0003383669319668
1902458,67,12.039,67.24799999999999,0.0004388890229165,0.000778,-0.00033911097708350004
1902490,6,-29.092,1.0529999999999973,0.0020252005197107,0.000489,0.0015362005197107
1902490,8,-29.715,0.15799999999998704,0.0020233991090208,0.0005393333333333,0.0014840657756875
1902490,14,-30.794,-0.6890000000000214,0.0042337267659604,0.0005033333333333,0.0037303934326271
1902490,26,-31.218,-2.4110000000000014,0.0012622198555618,0.0006003333333333,0.0006618865222285
1902490,33,-32.133,-4.845000000000027,0.0014448537258431,0.000475,0.0009698537258431002
1902492,31,-1.274,-2.901999999999987,2.8718220619339263e-06,0.0008653333333333,-0.0008624615112713661
1902492,39,-0.263,-1.4159999999999968,3.87849786420702e-06,0.0006403333333333,-0.0006364548354690929
1902493,7,-31.342,-0.41500000000002046,0.0002704864891711,0.000533,-0.00026251351082890004
1902493,8,-31.288,-0.6669999999999732,0.0020815862808376,0.0005319999999999,0.0015495862808377
1902493,28,-31.335,-4.7309999999999945,0.0007864189101383,0.0005136666666666,0.00027275224347169996
1902493,31,-30.208,-6.670000000000016,0.001954233739525,0.0005316666666666,0.0014225670728583999
1902493,33,-29.728,-7.584000000000003,0.0010045183589681,0.0004293333333333,0.0005751850256348
1902493,36,-29.491,-8.586999999999989,0.0012906617484986,0.0004366666666666,0.0008539950818319999
1902493,39,-29.392,-8.456999999999994,0.0029071080498397,0.000485,0.0024221080498396997
1902495,15,-19.583,0.0020000000000095497,0.0048081367276608,0.000759,0.0040491367276608
1902495,21,-19.371,-0.535000000000025,0.0063908440060913,0.000741,0.0056498440060912996
1902495,33,-19.209,-1.8940000000000055,0.0032031047157943,0.0004926666666666,0.0027104380491277
1902495,37,-17.228,-1.8410000000000082,0.0016751046059653,0.000597,0.0010781046059653
1902495,41,-19.072,-2.629000000000019,0.0014233133988454,0.0004966666666666,0.0009266467321788
1902496,11,-16.112,-2.704999999999984,0.0034745119046419,0.00057,0.0029045119046419
1902496,22,-15.91,-2.062999999999988,0.0021392202470451,0.0008376666666666,0.0013015535803785
1902496,34,-15.422,-1.7819999999999823,0.002574339043349,0.000566,0.0020083390433489998
1902496,36,-15.287,-1.3980000000000246,0.0011481414549052,0.000443,0.0007051414549051999
1902496,40,-15.88,-1.002999999999986,0.0008328797412104,0.000524,0.0003088797412104
1902497,5,-12.117,1.5360000000000014,0.000636312062852,0.0005803333333333,5.597872951869994e-05
1902497,6,-12.412,1.6529999999999916,0.001657917862758,0.0005253333333333,0.0011325845294247
1902497,41,-11.625,-2.1229999999999905,0.0012526027858257,0.0004689999999999,0.0007836027858258
1902499,17,-3.953,-5.314999999999998,0.0007579679368063,0.001214,-0.00045603206319370004
1902500,10,-23.561,-1.0400000000000205,0.0041481195949018,0.0005136666666666,0.0036344529282352003
1902500,12,-23.683,-1.3050000000000068,0.0052429144270718,0.000496,0.0047469144270718
1902500,14,-23.828,-1.440999999999974,0.0017843923997133,0.0005233333333333,0.0012610590663800002
1902500,33,-21.431,-2.180999999999983,0.001209961483255,0.000485,0.0007249614832550001
1902500,35,-20.931,-2.4499999999999886,0.003158462466672,0.000642,0.002516462466672
1902500,36,-20.996,-2.019999999999982,0.0013800981687381,0.0006059999999999,0.0007740981687382
1902500,37,-21.117,-1.3410000000000082,0.0009530527167953,0.000687,0.0002660527167953
1902500,39,-20.964,0.2050000000000125,0.002835321938619,0.0006516666666666,0.0021836552719524
1902500,41,-21.325,1.1999999999999886,0.0010489812120795,0.0006063333333333,0.00044264787874620005
1902501,29,-5.771,-91.09300000000002,0.002806975506246,0.0012696666666666,0.0015373088395794002
1902644,16,-19.268,-73.40699999999998,0.0062125055119395,0.0016909999999999,0.0045215055119395995
1902644,17,-19.081,-73.20800000000003,0.0034631944727152,0.0008493333333333,0.0026138611393819
1902644,19,-18.961,-72.86900000000003,0.003426288254559,0.0009623333333333,0.0024639549212257003
1902644,23,-19.506,-72.04000000000002,0.0029914735350757,0.0007826666666666,0.0022088068684091
1902644,32,-18.245,-71.714,0.0022189526353031,0.001365,0.0008539526353030999
1902644,34,-18.38,-72.094,0.0035113166086375,0.002979,0.0005323166086375003
1902644,36,-19.089,-72.827,0.0032603819854557,0.001,0.0022603819854557
1902644,38,-19.443,-72.40100000000001,0.0014315539738163,0.000944,0.0004875539738163001
1902644,40,-19.264,-71.697,0.0016968309646472,0.001548,0.0001488309646472002
1902652,0,12.467,-111.892,0.0005370875587686,0.0007959999999999,-0.0002589124412313
1902652,1,11.773,-111.519,0.0011896936921402,0.0006103333333333,0.0005793603588069001
1902652,3,11.763,-111.891,0.001860570628196,0.0005613333333333,0.0012992372948627
1902722,0,-22.123,-34.65499999999997,0.0012552564730867,0.000562,0.0006932564730867
1902722,2,-22.209,-34.47500000000002,0.001141304266639,0.0005676666666666,0.0005736375999724
1902742,1,28.721,-74.447,0.0022454040590673,0.000922,0.0013234040590673
1902742,2,28.784,-74.40499999999997,0.0023060489911586,0.000853,0.0014530489911585998
1902742,3,28.796,-74.67500000000001,0.0017355899326503,0.000821,0.0009145899326502999
1902742,5,28.726,-75.76400000000001,0.0005552026559598,0.00082,-0.00026479734404019997
1902742,7,28.266,-75.822,0.0007180795655585,0.0006166666666666,0.00010141289889189998
2903439,0,-35.654,-108.048,0.0003125314833596,0.0010136666666666,-0.0007011351833070001
2903439,15,-34.917,-109.831,0.0017495355568826,0.000687,0.0010625355568825998
2903440,8,-37.658,-99.29000000000002,0.0016906559467315,0.000713,0.0009776559467315
2903440,9,-37.685,-99.46499999999996,0.0057056886143982,0.0008259999999999,0.0048796886143983005
2903441,13,-39.538,-88.68299999999999,0.0021269153803586,0.0008866666666666,0.0012402487136920002
2903442,5,-40.541,-78.88600000000002,0.0073950937949121,0.0035963333333333,0.0037987604615788
2903442,6,-40.541,-78.69999999999999,0.0042179976589977,0.0035746666666666,0.0006433309923311002
2903442,8,-40.549,-78.01400000000001,0.0151074733585119,0.0029983333333333,0.0121091400251786
2903442,10,-40.275,-78.017,0.0035566168371587,0.0012276666666666,0.0023289501704921
2903442,12,-39.957,-78.54899999999998,0.0019638075027614,0.0011306666666666,0.0008331408360948
2903442,15,-40.015,-79.33800000000002,0.0047231554053723,0.001542,0.0031811554053722997
2903442,16,-40.122,-79.582,0.0021895237732678,0.0013953333333333,0.0007941904399345
2903451,41,-0.141,148.291,0.0013943429803475,0.0004483333333333,0.0009460096470142001
2903451,56,0.082,149.86900000000003,0.0001633609936106,0.0003813333333333,-0.0002179723397227
2903451,57,0.419,148.914,0.0019369267392903,0.0003726666666666,0.0015642600726237
2903451,60,1.342,146.224,0.0008979454287327,0.0005796666666666,0.00031827876206609997
2903451,75,0.909,141.28999999999996,0.0055310958996415,0.000479,0.0050520958996415
2903459,36,-9.778,-93.35000000000002,0.0033256886526942,0.0007409999999999,0.0025846886526943
2903459,38,-10.038,-93.54500000000002,0.0037613860331475,0.0006733333333333,0.0030880526998142
2903459,41,-9.63,-93.226,0.0050466083921492,0.0009623333333333,0.004084275058815899
2903459,53,-9.652,-94.14100000000002,0.0033842492848634,0.0009346666666666,0.0024495826181968
2903459,54,-9.806,-93.856,0.0013810478849336,0.000809,0.0005720478849335999
2903459,60,-9.674,-93.01799999999996,0.002256765961647,0.0018529999999999,0.0004037659616470998
2903459,64,-10.461,-91.92700000000002,0.0015886120963841,0.0006523333333333,0.0009362787630508
2903459,69,-10.066,-91.74,0.003773168195039,0.0007063333333333,0.0030668348617057
2903461,30,-2.993,-98.68099999999998,0.0013501159846782,0.0008336666666666,0.0005164493180115999
2903461,32,-3.137,-99.05200000000002,0.0034165962133556,0.001067,0.0023495962133556004
2903461,37,-3.058,-100.29500000000002,0.0006046753842383,0.000727,-0.00012232461576170003
2903461,39,-3.08,-101.16500000000002,0.0020190139766782,0.0006833333333333,0.0013356806433449
2903461,51,-2.734,-104.349,0.0012641767971217,0.0011279999999999,0.0001361767971218
2903461,52,-2.353,-104.369,0.0026172501966357,0.0012126666666666,0.0014045835299691001
2903461,56,-2.401,-103.959,0.0020741363987326,0.000893,0.0011811363987326
2903461,57,-2.532,-104.239,0.0046266638673841,0.00107,0.0035566638673841
2903461,58,-2.771,-104.281,0.0016727778129279,0.0012166666666666,0.0004561111462612999
2903461,65,-3.577,-108.831,0.0034509361721575,0.0006133333333333,0.0028376028388242
2903462,31,0.81,-97.64800000000002,0.0017628596397116,0.0011826666666666,0.000580192973045
2903462,32,0.868,-98.29399999999998,0.0011257912265136,0.0014796666666666,-0.000353875440153
2903462,36,0.375,-102.41199999999998,0.0011304739164188,0.0011156666666666,1.4807249752199969e-05
2903462,37,0.656,-103.303,0.0030511610675603,0.0013676666666666,0.0016834944008937
2903462,38,0.913,-104.103,0.000803769158665,0.0008036666666666,1.024919984000082e-07
2903462,43,-0.443,-106.701,0.0026204534806311,0.001773,0.0008474534806311
2903462,54,1.336,-104.207,0.0033641178160905,0.0009106666666666,0.0024534511494239
2903462,55,1.875,-104.138,0.0018692216835916,0.0010303333333333,0.0008388883502582999
2903462,57,1.945,-102.959,0.0031709556933492,0.0013026666666666,0.0018682890266826001
2903462,58,1.536,-102.634,0.0029393963050097,0.000864,0.0020753963050097
2903462,60,0.663,-102.25,0.0029697404243052,0.001067,0.0019027404243052001
2903462,61,1.266,-102.356,0.0028774496167898,0.000972,0.0019054496167898
2903462,66,0.872,-102.08499999999998,0.0024571483954787,0.0006176666666666,0.0018394817288120999
2903463,31,4.121,-97.753,0.0021555877756327,0.0007183333333333,0.0014372544422994
2903463,33,4.41,-97.05599999999998,0.0030655968002974,0.0007653333333333,0.0023002634669640996
2903463,37,3.505,-97.37900000000002,0.0008935550577007,0.0007016666666666,0.00019188839103410004
2903463,49,2.024,-102.168,0.0003470678057055,0.0008103333333333,-0.0004632655276278
2903463,53,2.841,-103.046,0.0024878131225705,0.0007983333333333,0.0016894797892372
2903463,60,2.582,-102.43400000000004,0.0062010018154978,0.0009703333333333,0.0052306684821645
2903463,61,3.087,-102.365,0.0041393614374101,0.0008166666666666,0.0033226947707434996
2903463,62,2.843,-102.26100000000002,0.0015288211870938,0.000575,0.0009538211870938
2903463,65,3.147,-101.92399999999998,0.0018843351863324,0.0008466666666666,0.0010376685196658
2903463,66,3.345,-102.14999999999998,0.0012341439723968,0.0008313333333333,0.0004028106390635
2903464,48,3.074,82.007,0.0012452123919501,0.0007043333333333,0.0005408790586168001
2903464,53,3.614,80.89499999999998,0.0025371769443154,0.0005066666666666,0.0020305102776488
2903464,61,3.496,83.35300000000001,0.0034237254876643,0.0005263333333333,0.0028973921543309997
2903464,65,2.118,82.209,0.0010620185639709,0.0005096666666666,0.0005523518973043
2903465,36,-4.781,86.53800000000001,0.0026102135889232,0.0006226666666666,0.0019875469222566
2903465,62,-4.926,89.68799999999999,0.0014176900731399,0.0007386666666666,0.0006790234064733001
2903465,65,-5.087,91.08499999999998,0.0012409043265506,0.0005656666666666,0.0006752376598840001
2903465,68,-5.615,93.918,0.0014649088261649,0.0005533333333333,0.0009115754928315999
2903465,69,-5.836,94.52800000000002,2.2407616597774904e-06,0.0004886666666666,-0.0004864259050068225
2903466,48,1.248,66.457,0.002377521013841,0.0008903333333333,0.0014871876805077002
2903466,49,1.412,65.92700000000002,0.0018754042685031,0.00059,0.0012854042685031
2903466,50,1.091,65.011,0.0012091527460142,0.0008496666666666,0.0003594860793476001
2903466,63,-1.157,74.559,0.0022945310920476,0.0005909999999999,0.0017035310920476999
2903467,46,-8.225,86.52300000000002,4.3582849684753455e-06,0.000578,-0.0005736417150315246
2903467,52,-8.777,86.005,0.0012845550663769,0.0006493333333333,0.0006352217330436
2903467,57,-9.405,89.05599999999998,0.0016811462119221,0.000496,0.0011851462119220999
2903467,60,-10.078,90.54500000000002,0.0017446221318095,0.0008286666666666,0.0009159554651429001
2903467,64,-9.934,91.90699999999998,0.001187921850942,0.0006846666666666,0.0005032551842754
2903468,26,-17.927,101.99400000000003,0.0013787691714242,0.0006026666666666,0.0007761025047576001
2903468,29,-18.909,100.72800000000001,0.002734747948125,0.0005946666666666,0.0021400812814584003
2903468,31,-19.374,100.86900000000003,0.0006254689651541,0.0005313333333333,9.413563182079996e-05
2903468,33,-18.816,100.96100000000001,0.000681807519868,0.0005006666666666,0.00018114085320139993
2903468,38,-18.206,98.678,0.005680582486093,0.0005806666666666,0.0050999158194264
2903468,39,-18.227,98.09800000000001,0.0006015247199684,0.000505,9.652471996839996e-05
2903468,40,-18.355,97.548,0.0015679313801229,0.0005149999999999,0.001052931380123
2903468,46,-18.704,96.73000000000002,0.000853138975799,0.0005116666666666,0.0003414723091324
2903468,48,-18.241,96.24200000000002,0.0040996158495545,0.0005836666666666,0.0035159491828878997
2903468,53,-18.181,95.97399999999999,0.0024101433809846,0.0004966666666666,0.0019134767143180003
2903468,57,-18.541,97.572,0.0010507286060601,0.0004363333333333,0.0006143952727268
2903468,60,-19.239,97.02699999999999,0.0005950984777882,0.0004489999999999,0.00014609847778830002
2903472,32,-41.079,34.997000000000014,0.000894628057722,0.001118,-0.00022337194227800008
2903829,7,8.897,87.493,0.0013797527644783,0.0006686666666666,0.0007110860978117
2903831,9,16.614,89.45600000000002,0.0010871558915823,0.0004376666666666,0.0006494892249157
2903832,0,-29.9,-90.00400000000002,0.0015930607914924,0.0004216666666666,0.0011713941248258
2903832,1,-29.9,-90.007,0.0015930607914924,0.000423,0.0011700607914924
2903832,2,-29.902,-90.00999999999999,0.0015930607914924,0.0004123333333333,0.0011807274581591
2903832,3,-29.905,-90.01299999999998,0.0003852297668345,0.0004036666666666,-1.8436899832100038e-05
2903832,4,-29.909,-90.01400000000001,0.0003852297668345,0.0004209999999999,-3.577023316540004e-05
2903832,5,-29.912,-90.01499999999999,0.0003852297668345,0.0004133333333333,-2.810356649879999e-05
2903832,6,-29.915,-90.01499999999999,0.0007584645063616,0.0004176666666666,0.00034079783969500005
2903832,7,-29.917,-90.01499999999999,0.0007584645063616,0.0004053333333333,0.00035313117302830004
2903832,8,-29.919,-90.01499999999999,0.0007584645063616,0.0004143333333333,0.00034413117302830004
2903832,9,-29.919,-90.01499999999999,0.0007584645063616,0.0004233333333333,0.00033513117302830004
2903832,10,-29.919,-90.01600000000002,0.0007584645063616,0.000418,0.0003404645063616
2903832,11,-29.919,-90.01799999999997,0.0007584645063616,0.0005179999999999,0.0002404645063617
2903832,12,-29.919,-90.02100000000002,0.0007584645063616,0.0002323333333333,0.0005261311730283
2903832,13,-29.92,-90.024,0.0007584645063616,-0.0001066666666666,0.0008651311730282
2903832,14,-29.922,-90.02699999999999,0.0007584645063616,0.0003493333333333,0.00040913117302830004
2903832,16,-29.938,-90.03300000000002,0.0007884545484557,0.0004066666666666,0.0003817878817891
2903832,17,-29.937,-90.03500000000003,0.0007884545484557,0.000415,0.00037345454845569997
2903832,25,-29.726,-90.077,0.0010147161083295,0.0003719999999999,0.0006427161083296001
2903832,26,-29.398,-90.04899999999998,0.0007193121127784,0.0003736666666666,0.00034564544611179995
2903832,27,-29.114,-89.99200000000002,0.0040279752574861,0.0003576666666666,0.0036703085908195
2903832,28,-28.917,-89.79000000000002,0.0002733866858761,0.0003493333333333,-7.594664745720002e-05
2903832,32,-29.998,-89.87799999999999,0.0008851618040353,0.000311,0.0005741618040353
2903833,11,-30.296,-106.313,0.001354708103463,0.000327,0.001027708103463
2903833,12,-30.143,-106.422,0.0009395474917255,0.000334,0.0006055474917255001
2903833,16,-30.425,-106.378,0.0014115092344582,0.0002679999999999,0.0011435092344583
2903833,17,-30.6,-106.283,0.0011405394179746,0.0002896666666666,0.0008508727513079999
2903856,28,1.387,-168.199,0.0015249887946993,0.000776,0.0007489887946993
2903856,30,1.09,-170.164,0.0035465192049741,0.0010813333333333,0.0024651858716408
2903856,32,0.887,-172.214,0.002349164802581,0.0007983333333333,0.0015508314692476999
2903856,34,1.342,-174.341,0.0016751911025494,0.000893,0.0007821911025494001
2903856,40,1.277,-178.81,0.0009983248310163,0.0007143333333333,0.0002839914976829999
2903856,55,0.774,178.73900000000003,0.0009946513455361,0.0004753333333333,0.0005193180122027999
2903856,56,0.324,179.15800000000002,0.000770928163547,0.000853,-8.207183645300004e-05
2903858,39,-16.968,-79.67000000000002,0.0014247886138036,0.002044,-0.0006192113861963999
2903858,40,-17.045,-79.76600000000002,0.0032097497023642,0.0013156666666666,0.0018940830356975998
2903858,41,-16.935,-79.96600000000001,0.0012510180240496,0.0013276666666666,-7.66486426170001e-05
2903858,44,-16.523,-80.75,0.0032307195942848,0.000977,0.0022537195942848
2903863,52,19.087,-156.475,0.0015954055124893,0.000504,0.0010914055124892998
2903863,66,19.496,-158.688,0.0004074841854162,0.0005033333333333,-9.584914791710002e-05
2903863,74,18.641,-159.144,0.0021194673608988,0.0005836666666666,0.0015358006942321999
2903863,75,18.644,-159.305,0.0009612450376152,0.00063,0.0003312450376152
2903863,78,18.737,-159.667,0.0011739553883671,0.000602,0.0005719553883671
2903863,79,18.675,-159.808,0.0016160191735252,0.0005983333333333,0.0010176858401919
2903863,80,18.595,-159.987,0.0008788328850641,0.0005843333333333,0.0002944995517308
2903863,84,18.155,-161.002,0.0006492151878774,0.0004493333333333,0.00019988185454410004
2903863,85,18.062,-161.276,0.0007004428189247,0.000463,0.0002374428189247
2903863,86,17.977,-161.552,0.0009880498982965,0.0005729999999999,0.0004150498982966001
2903863,87,17.886,-161.82,0.000566600007005,0.00055,1.6600007004999957e-05
2903863,103,18.387,-164.838,0.001464202068746,0.000915,0.0005492020687459999
2903863,105,18.177,-165.024,0.0008799857459962,0.0004853333333333,0.00039465241266290006
2903863,108,17.927,-165.033,0.0006467758794315,0.00049,0.0001567758794315
2903863,109,17.841,-164.987,0.0014526775339618,0.0004583333333333,0.0009943442006285
2903863,110,17.8,-165.004,0.0013652109773829,0.000466,0.0008992109773829
2903863,111,17.8,-165.096,0.0006348392926156,0.000459,0.00017583929261560005
2903863,112,17.916,-165.235,0.0009806219022721,0.0004836666666666,0.0004969552356055
2903863,113,18.04,-165.402,0.001147212809883,0.00046,0.0006872128098829999
2903863,114,18.142,-165.479,0.0032497725915163,0.0005253333333333,0.002724439258183
2903863,116,18.127,-165.424,0.0008934226352721,0.000649,0.0002444226352721
2903863,117,17.943,-165.286,2.7922533263335936e-06,0.0004766666666666,-0.0004738744133402664
2903863,118,17.657,-165.101,0.0007699545240029,0.000464,0.0003059545240029
2903863,122,17.3,-163.816,0.0008201602031476,0.0004883333333333,0.00033182686981430003
2903884,0,0.513,-139.96,0.0008400063379667,0.0013673333333333,-0.0005273269953666001
2903884,1,0.524,-139.927,0.0008214268600568,0.0015469999999999,-0.0007255731399431
2903884,5,0.536,-139.805,0.001367284101434,0.0011516666666666,0.0002156174347674
2903884,6,0.536,-139.777,0.0017151506617665,0.001089,0.0006261506617665001
2903884,7,0.539,-139.749,0.001676041050814,0.001001,0.0006750410508140001
2903884,8,0.54,-139.72,0.0012587150558829,0.0010083333333333,0.00025038172254960005
2903884,9,0.54,-139.692,0.0027131412643939,0.0009303333333333,0.0017828079310606001
2903884,10,0.522,-139.67,0.0027131412643939,0.0011963333333333,0.0015168079310606002
2903884,11,0.494,-139.652,0.0025289945770055,0.0009453333333333,0.0015836612436722
2903884,12,0.462,-139.624,0.0026031115557998,0.00095,0.0016531115557998
2903884,15,0.943,-138.307,0.0030484301969408,0.001034,0.0020144301969408
2903884,16,0.362,-138.387,0.0026806041132658,0.0008676666666666,0.0018129374465992
2903884,17,-0.347,-138.044,0.000796929874923,0.001073,-0.000276070125077
2903884,18,-0.227,-137.417,0.0008114423253573,0.001224,-0.0004125576746427
2903884,19,0.154,-136.761,0.000525064242538,0.0009353333333333,-0.0004102690907953
2903884,20,0.513,-136.033,0.0010555394692346,0.0015913333333333,-0.0005357938640987
2903884,21,0.448,-135.653,0.0012241646181792,0.0010706666666666,0.00015349795151259988
2903884,24,1.097,-133.798,0.0023612813092768,0.001121,0.0012402813092768001
2903885,3,-11.969,95.05700000000002,0.0014442019164562,0.000697,0.0007472019164562
2903885,4,-11.977,95.05399999999997,0.0012362636625766,0.000661,0.0005752636625765999
2903885,7,-11.91,94.79899999999998,0.0063497209921479,0.0006396666666666,0.0057100543254813
2903885,8,-11.729,94.29000000000002,0.0013241750421002,0.000716,0.0006081750421002
2903886,48,32.079,-119.565,0.0016486211679875,0.0019256666666666,-0.00027704549867910004
2903886,50,32.669,-120.155,0.001498625264503,0.0017393333333333,-0.00024070806883030003
2903886,51,33.209,-120.641,0.0083052646368741,0.002238,0.0060672646368741
2903886,53,33.603,-120.404,0.0043540447950363,0.0070853333333333,-0.002731288538297
2903886,54,33.541,-120.601,0.0025801414158195,0.006051,-0.0034708585841805
2903886,56,33.728,-120.975,0.002844467293471,0.0025583333333333,0.00028613396013769986
2903886,59,33.025,-121.377,0.0037512525450438,0.001412,0.0023392525450438
2903886,61,33.073,-121.632,0.003719663945958,0.0017086666666666,0.0020109972792914004
2903886,64,33.247,-121.839,0.0030394133646041,0.0023656666666666,0.0006737466979374997
2903886,68,33.281,-122.316,0.0006876324187032,0.001121,-0.0004333675812968
2903886,72,32.336,-122.331,0.0008776521426625,0.0011753333333333,-0.00029768119067079995
2903886,77,32.073,-123.12,0.0020051435567438,0.0012553333333333,0.0007498102234105
2903886,79,31.803,-123.041,0.0012436308898031,0.0008073333333333,0.0004362975564698
2903886,80,31.834,-122.998,0.0009071951499208,0.0016863333333333,-0.0007791381834124999
2903886,81,32.001,-122.818,0.0008314311271533,0.0011553333333333,-0.0003239022061799999
2903886,85,31.982,-122.107,0.0019920081831514,0.0005536666666666,0.0014383415164848
2903887,32,15.264,158.966,0.0029439439531415,0.000343,0.0026009439531415
2903887,33,15.329,158.627,0.0014379220083355,0.000376,0.0010619220083355
2903887,34,15.568,158.10699999999997,0.000536678766366,0.000339,0.00019767876636600003
2903887,40,16.603,156.308,0.0009002889855764,0.0003803333333333,0.0005199556522430999
2903887,42,17.298,156.543,0.0016561376396566,0.0003766666666666,0.00127947097299
2903887,45,17.382,157.29499999999996,0.0015200088964775,0.0003346666666666,0.0011853422298109002
2903887,47,17.161,156.822,0.0009897170821204,0.0003806666666666,0.0006090504154538001
2903939,0,-18.965,5.996000000000009,0.0018439219566062,0.0011776666666666,0.0006662552899396
2903939,1,-18.95,5.811000000000007,0.0025135506875813,0.0006976666666666,0.0018158840209147
2903940,0,-15.996,-10.004000000000019,0.0011931989574804,0.0004096666666666,0.0007835322908138
2903940,2,-15.632,-10.009000000000015,0.0013381370808929,0.000517,0.0008211370808928999
2903940,3,-15.456,-10.019000000000005,0.0012728824513033,0.0004239999999999,0.0008488824513034001
2903940,4,-15.406,-10.011000000000024,0.0010961554944515,0.0004203333333333,0.0006758221611182001
2903941,0,-15.987,-19.031999999999982,0.0001162823027698,0.000462,-0.0003457176972302
2903941,2,-15.875,-19.605000000000018,0.0008446522406302,0.0004333333333333,0.0004113189072969
2903941,3,-15.751,-19.944999999999993,0.0008233103435486,0.000401,0.0004223103435486
3902261,25,58.832,-23.88900000000001,0.0007237838581204,0.000877,-0.00015321614187959994
3902332,0,41.502,-44.75599999999997,0.0003146674716845,0.0005546666666666,-0.00023999919498209993
3902332,1,41.957,-46.14699999999999,0.0012054881080985,0.0007399999999999,0.00046548810809859996
3902334,0,37.331,-72.30200000000002,0.0017381033394485,0.000769,0.0009691033394485
3902334,4,38.096,-63.67700000000002,0.002909418195486,0.0018173333333333,0.0010920848621527003
3902340,0,20.617,-177.948,0.0012767420848831,0.0004059999999999,0.0008707420848832002
3902340,1,20.396,-177.844,0.0022687134332954,0.000404,0.0018647134332953998
3902340,3,20.155,-177.195,0.0008889304590411,0.0003853333333333,0.0005035971257078
3902340,13,19.768,-176.429,0.0012002007570117,0.000427,0.0007732007570117
3902340,14,19.892,-176.673,0.0008091998170129,0.000416,0.0003931998170129
3902340,17,20.233,-177.732,0.0020010583102703,0.0004303333333333,0.001570724976937
3902340,19,20.457,-178.428,0.0010508284904062,0.0003926666666666,0.0006581618237396
3902341,2,15.153,154.183,0.0007737910491414,0.0003203333333333,0.00045345771580809996
3902341,4,14.583,154.37599999999998,0.0003524648491293,0.0003233333333333,2.913151579599999e-05
3902341,10,14.806,158.40999999999997,0.0019219832029193,0.00036,0.0015619832029193
3902341,11,15.113,158.185,0.0007019332842901,0.0003586666666666,0.0003432666176235
3902341,12,15.38,157.591,0.0005812325398437,0.0003643333333333,0.00021689920651040003
3902341,13,15.632,156.812,0.0011252135736867,0.0003743333333333,0.0007508802403534
3902341,16,16.173,154.62599999999998,0.0006320298998616,0.0003563333333333,0.00027569656652830005
3902341,17,16.109,154.065,0.000895143894013,0.0004163333333333,0.00047881056067969997
3902342,1,21.258,-173.378,0.0008593786042183,0.0003903333333333,0.000469045270885
3902342,86,22.349,-177.616,0.0020329500548541,0.0003756666666666,0.0016572833881875
3902342,87,22.377,-177.626,0.0017744654323905,0.000395,0.0013794654323905
3902342,88,22.363,-177.635,0.000731153297238,0.0003693333333333,0.00036181996390469997
3902342,89,22.363,-177.649,0.0006724959239363,0.000387,0.00028549592393630006
3902342,90,22.352,-177.646,0.0006773809436708,0.0003426666666666,0.0003347142770042
3902342,91,22.356,-177.663,0.0005422987742349,0.0003553333333333,0.00018696544090160004
3902342,92,22.358,-177.661,0.0005248867091722,0.0003686666666666,0.00015622004250560005
3902342,93,22.356,-177.675,0.0006980934413149,0.0003569999999999,0.000341093441315
3902342,95,22.366,-177.693,0.0003626763937063,0.0003586666666666,4.009727039700004e-06
3902342,96,22.371,-177.687,0.0017785537056624,0.0005206666666666,0.0012578870389958001
3902342,97,22.362,-177.707,0.0006060295854695,0.000355,0.00025102958546950003
3902342,98,22.369,-177.709,0.0005567427724599,0.0003676666666666,0.0001890761057933
3902342,99,22.364,-177.719,0.0008145701722241,0.0003596666666666,0.00045490350555750004
3902342,100,22.363,-177.73,0.0006751059554517,0.0003433333333333,0.0003317726221184
3902342,101,22.361,-177.728,0.0009197792387567,0.000377,0.0005427792387566999
3902342,102,22.364,-177.751,0.0006943474290892,0.00035,0.00034434742908920005
3902342,103,22.362,-177.739,0.0006295245257206,0.0003663333333333,0.00026319119238729996
3902342,104,22.369,-177.752,0.0005345827667042,0.0003783333333333,0.00015624943337090005
3902342,105,22.364,-177.728,0.0011359647614881,0.0003576666666666,0.0007782980948215
3902342,106,22.366,-177.726,0.0011359647614881,0.0003716666666666,0.0007642980948214999
3902342,107,22.357,-177.713,0.0011359647614881,0.000373,0.0007629647614880999
3902342,108,22.354,-177.701,0.0006738739903084,0.000373,0.0003008739903084
3902342,109,22.35,-177.69,0.0006647520931437,0.000367,0.00029775209314370003
3902342,110,22.35,-177.668,0.0008307243697345,0.0003943333333333,0.0004363910364012
3902342,111,22.347,-177.648,0.0020313379354774,0.0003943333333333,0.0016370046021440998
3902342,112,22.346,-177.614,0.0020313379354774,0.0003923333333333,0.0016390046021440997
3902342,113,22.349,-177.62,0.0024097675923258,0.0003856666666666,0.0020241009256592
3902342,114,22.363,-177.615,0.0024097675923258,0.0003803333333333,0.0020294342589925003
3902342,120,22.412,-177.636,0.0030050578061491,0.0003943333333333,0.0026107244728158
3902342,121,22.433,-177.642,0.0029692512471228,0.0003756666666666,0.0025935845804562
3902342,122,22.444,-177.643,0.0014240519376471,0.0003996666666666,0.0010243852709804998
3902342,123,22.451,-177.655,0.0001047095720423,0.0003843333333333,-0.00027962376129099997
3902342,124,22.449,-177.663,0.000579870713409,0.0003656666666666,0.00021420404674239995
3902342,125,22.441,-177.674,0.0005944783915765,0.0003689999999999,0.00022547839157660001
3902342,126,22.434,-177.676,0.0007468203548341,0.000373,0.00037382035483409995
3902342,127,22.433,-177.665,0.0006018107524141,0.0003703333333333,0.00023147741908080002
3902342,128,22.43,-177.66,0.0011576237156987,0.0003556666666666,0.0008019570490321
3902342,129,22.438,-177.65,0.0009704310796223,0.000401,0.0005694310796223
3902342,130,22.439,-177.639,0.0012283039977774,0.0003796666666666,0.0008486373311108
3902342,131,22.446,-177.641,0.0010559746297076,0.000389,0.0006669746297076
3902342,132,22.457,-177.644,0.0010559746297076,0.0003656666666666,0.000690307963041
3902342,133,22.461,-177.654,0.0015804310096427,0.0003816666666666,0.0011987643429761
3902342,134,22.466,-177.662,0.0015804310096427,0.0003696666666666,0.0012107643429761
3902342,135,22.462,-177.658,0.0015804310096427,0.0003716666666666,0.0012087643429761
3902342,136,22.46,-177.655,0.0015804310096427,0.0003683333333333,0.0012120976763094
3902342,137,22.463,-177.65,0.0016320555005222,0.0003696666666666,0.0012623888338556
3902342,138,22.462,-177.64,0.0016320555005222,0.0003816666666666,0.0012503888338555999
3902342,139,22.469,-177.64,0.0016320555005222,0.0003796666666666,0.0012523888338556
3902343,0,19.535,172.06,0.0016800510929897,0.0006649999999999,0.0010150510929898
3902343,2,19.924,172.149,0.0010444043437018,0.000308,0.0007364043437018
3902343,4,21.007,171.171,0.002881015650928,0.0003176666666666,0.0025633489842614003
3902343,10,20.375,171.87900000000002,0.0013573605101555,0.0003699999999999,0.0009873605101556001
3902343,18,20.82,173.019,0.0023827266413718,0.0004046666666666,0.0019780599747051997
3902344,12,20.956,178.01999999999998,0.0003899315779563,0.000445,-5.506842204369998e-05
3902344,18,20.356,178.92899999999997,0.0013399866875261,0.0004813333333333,0.0008586533541927999
3902345,2,14.24,149.053,0.0009085503406822,0.0003896666666666,0.0005188836740156
3902345,4,14.185,150.74099999999999,0.0011690951650962,0.0003979999999999,0.0007710951650963
3902345,6,13.262,151.40800000000002,0.0009152932325378,0.0004199999999999,0.0004952932325378999
3902345,9,14.12,151.849,0.0006324731511995,0.0004043333333333,0.00022813981786620004
3902345,10,14.218,152.459,0.0004799462913069,0.0004156666666666,6.427962464030003e-05
3902345,12,14.021,153.529,0.0006713258917443,0.0004323333333333,0.000238992558411
3902348,3,25.025,-67.60899999999998,0.0005939244874753,0.0003493333333333,0.00024459115414200006
3902348,6,26.318,-68.77300000000002,0.0008337416220456,0.000374,0.0004597416220456
3902348,11,26.539,-66.29399999999998,0.0005806460394524,0.0003393333333333,0.00024131270611909997
3902348,12,26.36,-66.23700000000002,0.0016812689136713,0.000335,0.0013462689136713
3902533,22,-4.052,166.947,0.0012293105246499,0.0008969999999999,0.00033231052465000003
3902533,39,-4.596,-177.393,0.0012985926587134,0.0005823333333333,0.0007162593253800999
3902556,33,-14.718,-79.79199999999997,0.0055515053682029,0.001129,0.0044225053682029
3902556,45,-13.864,-81.22199999999998,0.0028533712029457,0.0008716666666666,0.0019817045362791
3902615,4,26.241,-37.535000000000025,0.0007702935836277,0.0006356666666666,0.00013462691696110004
3902615,5,26.044,-37.40899999999999,0.0021938120480626,0.0006253333333333,0.0015684787147293002
3902615,6,25.762,-37.33600000000001,0.0013089759740978,0.0006063333333333,0.0007026426407645
4903026,310,36.5,-126.986,0.0040450072847306,0.0011473333333333,0.0028976739513973003
4903026,319,37.038,-126.81,0.0018199675250798,0.0009386666666666,0.0008813008584132
4903026,325,37.248,-126.282,0.002342639490962,0.0005856666666666,0.0017569728242954
4903026,326,37.234,-126.156,0.0014854631153866,0.000716,0.0007694631153866001
4903026,327,37.198,-126.014,0.0016790616791695,0.001412,0.0002670616791695
4903026,328,37.132,-125.874,0.0011000540107488,0.000575,0.0005250540107487999
4903026,331,37.004,-125.468,0.0010410688119009,0.0009729999999999,6.8068811901e-05
4903026,332,37.0,-125.37,0.0018152149859815,0.0008266666666666,0.0009885483193149
4903026,333,37.039,-125.293,0.0010630299802869,0.0008516666666666,0.0002113633136203001
4903026,334,37.097,-125.228,0.0005983484443277,0.0008776666666666,-0.0002793182223389
4903026,335,37.17,-125.162,0.0007775455596856,0.0011403333333333,-0.0003627877736477001
4903026,343,37.56,-125.49,0.0061138994060456,0.0049383333333333,0.0011755660727123
4903026,348,37.558,-125.954,0.0011554535012692,0.0019356666666666,-0.0007802131653973999
4903026,349,37.554,-126.081,0.0020788775291293,0.0016316666666666,0.0004472108624627002
4903026,350,37.536,-126.239,0.001141648273915,0.001009,0.00013264827391500002
4903026,351,37.514,-126.404,0.0022618153598159,0.0022373333333333,2.4482026482600117e-05
4903026,352,37.505,-126.58,0.0038860640488564,0.0014233333333333,0.0024627307155231
4903026,354,37.517,-126.953,0.006320524495095,0.001907,0.004413524495095
4903026,368,38.175,-127.371,0.0006952594267204,0.001174,-0.00047874057327959997
4903026,369,38.071,-127.152,0.0010302425362169,-8.899999999999995e-05,0.0011192425362169
4903026,373,38.045,-126.612,0.0007053433801047,0.0012063333333333,-0.0005009899532286
4903026,374,38.118,-126.513,0.0013155901106074,0.0007483333333333,0.0005672567772740999
4903026,375,38.223,-126.425,0.0019618808291852,0.001008,0.0009538808291852002
4903026,397,38.4,-126.159,0.0011959053808823,0.001211,-1.5094619117700034e-05
4903026,398,38.342,-125.995,0.0021045960020273,0.0013183333333333,0.0007862626686939999
4903026,402,37.851,-126.003,0.002979464828968,0.000904,0.002075464828968
4903026,415,37.388,-126.423,0.0007609648164361,0.001779,-0.0010180351835639
4903273,112,38.475,-66.75999999999999,0.0035985303111374,0.0048146666666666,-0.0012161363555291999
4903273,118,37.738,-61.339,0.0014478630619123,0.0004306666666666,0.0010171963952457
4903273,120,37.948,-59.91500000000002,0.0007136889034882,0.0004866666666666,0.00022702223682160005
4903274,109,27.114,-74.32999999999998,0.0010052968282252,0.0004863333333333,0.0005189634948918999
4903274,110,27.173,-74.09100000000001,0.0017280477331951,0.000522,0.0012060477331951001
4903274,111,27.494,-73.993,0.001482855877839,0.0005223333333333,0.0009605225445057
4903274,112,28.001,-74.589,0.0035989747848361,0.0004316666666666,0.0031673081181695
4903274,113,28.735,-75.11000000000001,0.0007591806352138,0.0006326666666666,0.0001265139685472
4903274,119,29.346,-76.44299999999998,0.0009346941369585,0.000745,0.0001896941369585
4903274,121,28.39,-75.476,0.001895536435768,0.0005826666666666,0.0013128697691014001
4903274,122,28.414,-74.87900000000002,0.0007326334598474,0.000578,0.0001546334598474
4903274,125,28.445,-76.65300000000002,0.0010103287640959,0.0004403333333333,0.0005699954307626001
4903274,136,23.662,-71.84199999999998,0.0012603898067027,0.0004053333333333,0.0008550564733694001
4903274,138,23.0,-71.608,0.0025475944858044,0.0004146666666666,0.0021329278191378
4903274,139,22.367,-71.42000000000002,0.0017742394702509,0.0003966666666666,0.0013775728035842999
4903274,140,22.172,-70.62099999999998,0.0013187362346798,0.000445,0.0008737362346798
4903274,141,23.079,-70.93,0.0011991444043815,0.0004556666666666,0.0007434777377149
4903274,143,23.17,-69.37,0.0009926859056577,0.0004646666666666,0.0005280192389910999
4903274,144,22.654,-69.29399999999998,0.0021093906834721,0.0004506666666666,0.0016587240168055002
4903456,63,37.642,-50.685,0.0041834935545921,0.0010223333333333,0.0031611602212587996
4903456,65,38.326,-52.259000000000015,0.0032171164639294,0.0007936666666666,0.0024234497972628
4903456,66,38.408,-52.12299999999999,0.0021789933089166,0.000611,0.0015679933089166
4903456,67,37.904,-51.98700000000002,0.0011917665833607,0.0006386666666666,0.0005530999166940999
4903456,68,37.508,-52.55799999999999,0.0009971564868465,0.0006416666666666,0.0003554898201799001
4903456,69,37.169,-53.036,0.0004724037135019,0.0005093333333333,-3.692961983140002e-05
4903456,70,37.235,-52.932000000000016,0.0013144140830263,0.0005913333333333,0.0007230807496930001
4903458,68,13.316,-58.291,0.0024457226973026,0.0008873333333333,0.0015583893639693003
4903458,69,13.267,-57.696000000000026,0.0008443393162451,0.0007623333333333,8.200598291180003e-05
4903458,70,13.077,-57.141999999999996,0.0004119538934901,0.0007956666666666,-0.00038371277317649996
4903458,71,14.051,-56.93000000000001,0.0020469923038035,0.0006263333333333,0.0014206589704701999
4903458,84,14.51,-55.07900000000001,0.0005219575250521,0.0005983333333333,-7.637580828120005e-05
4903458,85,14.021,-55.089999999999975,0.0017695343121886,0.0006476666666666,0.001121867645522
4903459,51,4.406,-28.380999999999972,7.015295523160603e-06,0.0011943333333333,-0.0011873180378101395
4903459,75,3.016,-23.281000000000006,0.0006496986607089,0.0005976666666666,5.203199404229999e-05
4903459,81,3.207,-24.48599999999999,0.0004914727760478,0.000889,-0.00039752722395220005
4903462,56,7.713,-55.17599999999999,0.0011529120383784,0.0011099999999999,4.2912038378500016e-05
4903462,66,10.102,-53.23599999999999,0.0007859752513468,0.0007053333333333,8.064191801349996e-05
4903462,67,10.782,-53.16300000000001,0.0009783778805285,0.0006793333333333,0.0002990445471952
4903462,68,10.618,-52.98599999999999,0.0011636627605184,0.0009406666666666,0.00022299609385179997
4903462,82,10.662,-51.06,4.9454006330051925e-06,0.0006616666666666,-0.0006567212660335948
4903463,50,5.378,-22.46199999999999,0.0039662979543209,0.001005,0.0029612979543209
4903463,72,5.783,-22.283999999999992,0.0005998637061566,0.000793,-0.00019313629384340003
4903463,74,5.671,-22.692000000000007,0.0003226391563657,0.0009626666666666,-0.0006400275103009
4903463,80,5.638,-23.110000000000014,1.8031293153762815,0.0008976666666666,1.8022316487096148
4903485,35,28.501,-16.067000000000007,0.0009562039631418,0.000794,0.00016220396314180002
4903485,37,28.198,-16.007000000000005,0.0004285404866095,0.0004646666666666,-3.6126180057099967e-05
4903485,38,27.913,-16.494000000000028,0.0008353405282832,0.0005836666666666,0.0002516738616166
4903485,40,27.555,-16.99000000000001,0.0042915283702313,0.0005213333333333,0.003770195036898
4903485,41,27.237,-17.101999999999975,0.000954425020609,0.0005733333333333,0.00038109168727570007
4903485,43,26.816,-16.795000000000016,0.0011866834247484,0.0005896666666666,0.0005970167580818
4903485,46,27.651,-17.25799999999998,0.0005037473747506,0.0006966666666666,-0.000192919291916
4903485,47,27.799,-17.052999999999997,7.708731573075056e-06,0.0006216666666666,-0.0006139579350935249
4903485,53,26.184,-15.649000000000001,0.0014114371733739,0.0007036666666666,0.0007077705067073001
4903485,63,25.616,-16.581999999999994,3.583038568496704,0.0007116666666666,3.5823269018300374
4903485,67,26.063,-16.649,0.0011510875774547,0.0009273333333333,0.00022375424412140001
4903485,69,25.873,-16.778999999999996,0.0014408457791432,0.0012823333333333,0.00015851244580990004
4903485,71,25.628,-16.548999999999978,0.0009437591070309,0.0009243333333333,1.9425773697600017e-05
4903486,49,4.783,-19.59699999999998,4.103306770324707,0.001106,4.102200770324707
4903486,62,4.927,-21.642999999999972,0.0009942353935912,0.0007126666666666,0.0002815687269246
4903487,37,25.341,-22.88900000000001,0.0009802692802622,0.0008449999999999,0.00013526928026229995
4903487,41,25.517,-22.307999999999993,0.0012691000010818,0.0009099999999999,0.0003591000010819
4903487,47,26.061,-24.089,0.0019290485652163,0.0006193333333333,0.0013097152318830001
4903487,49,26.358,-24.649,0.0016989067662507,0.0005639999999999,0.0011349067662508
4903487,50,26.509,-24.75999999999999,0.0008709919056855,0.0005683333333333,0.00030265857235220006
4903487,53,26.414,-24.25400000000002,0.0011376128531992,0.0005536666666666,0.0005839461865325999
4903487,55,26.191,-24.267999999999972,0.008018871769309,0.0005183333333333,0.0075005384359757
4903487,58,25.55,-23.514999999999986,0.0009480566950514,0.00057,0.0003780566950514
4903487,65,26.679,-23.713000000000022,0.0015236038016155,0.0007563333333333,0.0007672704682822
4903487,71,26.84,-22.911,0.0022999185603111,0.0008573333333333,0.0014425852269777998
4903487,75,26.568,-22.706999999999994,0.0007718933047726,0.000615,0.00015689330477260002
4903488,42,54.455,-16.821000000000026,0.002087760483846,0.0008286666666666,0.0012590938171793999
4903488,70,55.103,-25.011000000000024,0.0009579241159372,0.0009683333333333,-1.0409217396099998e-05
4903489,42,-2.217,-17.089999999999975,0.0004648520553018,0.0008386666666666,-0.0003738146113648
4903489,44,-2.636,-16.613999999999976,0.0009570300462655,0.0009733333333333,-1.6303287067800042e-05
4903489,72,-2.635,-16.50400000000002,0.0006439387798309,0.0006406666666666,3.272113164299998e-06
4903489,74,-2.655,-17.165999999999997,0.0018756359349936,0.0006773333333333,0.0011983026016603
4903489,78,-3.314,-19.93599999999998,0.0014042818220332,0.0006836666666666,0.0007206151553666
4903533,35,41.488,-27.726999999999975,0.0020177618134766,0.0011953333333333,0.0008224284801433002
4903533,37,41.134,-28.24200000000002,0.0037892535328865,0.0021226666666666,0.0016665868662199
4903533,43,40.865,-28.25,0.0043347310274839,0.0006879999999999,0.003646731027484
4903533,44,41.144,-28.28800000000001,0.0026085991412401,0.0008156666666666,0.0017929324745735
4903533,45,41.204,-28.432999999999993,0.0016795254778116,0.0008506666666666,0.000828858811145
4903533,46,41.094,-28.697000000000003,0.0033321103546768,0.00086,0.0024721103546768
4903533,47,41.071,-29.007000000000005,0.0007259984267875,0.0006953333333333,3.066509345420003e-05
4903564,0,25.404,-29.01400000000001,0.0009270242298953,0.000718,0.0002090242298953
4903564,2,25.184,-29.22800000000001,2.259810798932449e-06,0.0008376666666666,-0.0008354068558676676
4903564,5,24.402,-29.023000000000025,0.0009536896832287,0.000876,7.76896832287e-05
4903564,6,24.178,-28.84699999999998,0.0015627520624548,0.000676,0.0008867520624548
4903565,0,18.238,-49.012,0.0032680300064384,0.0005073333333333,0.0027606966731051003
4903565,4,16.114,-49.32400000000001,0.0020945842843502,0.000562,0.0015325842843502
4903570,13,31.882,-65.34100000000001,0.0015182392671704,0.000945,0.0005732392671704
4903570,14,32.27,-65.25599999999997,0.0012825363082811,0.0008313333333333,0.00045120297494779995
4903570,16,32.632,-64.839,0.0006859387503936,0.000612,7.393875039359997e-05
4903570,17,32.675,-64.78899999999999,0.0012172181159257,0.0005653333333333,0.0006518847825924
4903570,19,32.568,-64.85399999999998,0.0013738715788349,0.000611,0.0007628715788349
4903570,20,32.926,-64.47300000000001,0.0018185034859925,0.0004586666666666,0.0013598368193258998
4903570,21,32.941,-65.21499999999997,0.0019324510358273,0.0004746666666666,0.0014577843691607
4903570,24,33.239,-65.64100000000002,9.126650547841564e-05,0.000502,-0.0004107334945215843
4903570,25,33.268,-67.80099999999999,0.0010651487391442,0.000543,0.0005221487391442
4903570,30,32.016,-66.32100000000003,0.0030500823631882,0.00046,0.0025900823631882
4903570,32,31.471,-67.03699999999998,0.0013930851127952,0.0004273333333333,0.0009657517794618999
4903570,43,31.633,-68.70999999999998,0.0023896906059235,0.0006296666666666,0.0017600239392569
4903570,44,32.005,-68.32600000000002,0.0007711465586908,0.0006963333333333,7.481322535749999e-05
4903570,45,32.175,-67.719,0.0011269426904618,0.0007506666666666,0.0003762760237952001
4903570,48,32.145,-66.54599999999999,0.0027969263028353,0.0006526666666666,0.0021442596361687
4903570,49,32.286,-66.75299999999999,0.0011436756467446,0.0006503333333333,0.0004933423134113
4903571,5,19.99,-22.78800000000001,0.0020299712195992,0.001011,0.0010189712195992002
4903571,14,19.998,-23.13299999999998,0.0013878806494176,0.0012406666666666,0.00014721398275099992
4903571,17,20.153,-23.944000000000017,0.0021698339842259,0.000811,0.0013588339842258998
4903571,23,20.972,-26.687999999999988,0.0004318209830671,0.0006763333333333,-0.00024451235026619995
4903571,28,22.27,-28.32299999999998,0.0011165043106302,0.0006216666666666,0.0004948376439636001
4903571,32,20.632,-28.754999999999995,0.0022592390887439,0.0009683333333333,0.0012909057554106
4903571,34,20.311,-28.76400000000001,0.00139707676135,0.0006116666666666,0.0007854100946834001
4903571,38,20.241,-28.899999999999977,0.0017517210217192,0.0006116666666666,0.0011400543550525999
4903587,99,32.848,-155.995,0.0034353288356214,0.0006163333333333,0.0028189955022881
4903747,31,-26.227,108.80599999999998,0.0014468849403783,0.0006246666666666,0.0008222182737117
4903830,5,26.97,-35.94,0.0033057713881134,0.0006483333333333,0.0026574380547800995
4903831,0,-19.997,7.968999999999994,0.0012111922260373,0.0011653333333333,4.58588927040001e-05
4903831,1,-19.892,8.197000000000003,0.0008092335774563,0.0018806666666666,-0.0010714330892102998
5906026,115,53.889,-137.834,0.0020713075064122,0.0028623333333333,-0.0007910258269211001
5906036,198,-31.222,48.506,0.0007646214216947,0.000795,-3.0378578305299982e-05
5906036,216,-31.864,49.03800000000001,0.0018329181475564,0.000501,0.0013319181475564
5906304,127,-33.862,-166.957,0.0013267858885228,0.0005016666666666,0.0008251192218562001
5906304,135,-35.38,-168.318,0.0006490017403848,0.0006093333333333,3.966840705150001e-05
5906304,141,-32.012,-171.844,0.0017613118980079,0.0003623333333333,0.0013989785646746
5906305,127,-30.61,-80.36900000000003,0.0025014204438775,0.0003923333333333,0.0021090871105442
5906305,140,-30.584,-80.233,0.0028896103613078,0.000718,0.0021716103613078
5906305,149,-29.464,-80.41199999999998,0.0009322174591943,0.0007103333333333,0.000221884125861
5906305,151,-29.336,-80.23500000000001,0.0027817788068205,0.0007913333333333,0.0019904454734872004
5906305,155,-29.293,-80.11200000000002,0.0027886962052434,0.0006519999999999,0.0021366962052435
5906305,159,-29.255,-79.798,0.0027990920934826,0.0005426666666666,0.0022564254268160003
5906306,135,-37.299,-87.344,0.0016768896020948,0.0006943333333333,0.0009825562687615
5906307,152,-38.241,-152.47,0.000802855414804,0.000538,0.000264855414804
5906308,124,-36.818,-77.106,0.0014521983684971,0.0014733333333333,-2.1134964836199994e-05
5906308,132,-36.65,-75.80700000000002,0.0041884896345436,0.0012406666666666,0.002947822967877
5906308,135,-37.137,-76.96199999999999,0.0058329431340098,0.002306,0.0035269431340098
5906308,138,-37.406,-77.58100000000002,0.0066584199666976,0.002015,0.0046434199666976
5906308,140,-37.6,-77.81700000000001,0.0085573764517903,0.0018393333333333,0.006718043118456999
5906308,144,-37.521,-78.055,0.0025155562907457,0.001554,0.0009615562907457
5906308,145,-37.456,-78.113,0.0018772429320961,0.0018793333333333,-2.09040123719988e-06
5906308,147,-37.322,-78.35300000000001,0.0062085948884487,0.0016169999999999,0.0045915948884488
5906308,148,-37.285,-78.531,0.0014445135602727,0.0018373333333333,-0.0003928197730606001
5906308,150,-37.089,-78.92200000000003,0.0036655236035585,0.0015763333333333,0.0020891902702252
5906308,154,-36.368,-78.53300000000002,0.0011301705380901,0.00091,0.00022017053809010004
5906308,155,-36.616,-78.24900000000002,0.0008251913823187,0.000668,0.00015719138231870002
5906310,149,-34.161,-156.617,0.0020736092701554,0.0003046666666666,0.0017689426034887999
5906339,140,13.572,-56.519000000000005,0.0029687394853681,0.0005393333333333,0.0024294061520348
5906488,93,-36.158,-45.71199999999999,0.0013840823667123,0.001248,0.0001360823667123001
5906488,95,-38.235,-47.22300000000001,0.0019514496671035,0.0008839999999999,0.0010674496671036
5906510,102,27.064,133.50599999999997,0.000932234339416,0.0008386666666666,9.356767274939994e-05
5906513,74,27.262,137.07799999999997,0.0039431783370673,0.00044,0.0035031783370673
5906537,51,-11.507,58.285,0.0012796324444934,0.0004276666666666,0.0008519657778267999
5906537,59,-11.239,58.45600000000002,0.0025543614756315,0.0004443333333333,0.0021100281422982
5906537,66,-11.664,58.97300000000001,0.0024822049308568,0.0006666666666666,0.0018155382641902
5906537,69,-11.529,58.476,0.001125814160332,0.0005103333333333,0.0006154808269987
5906537,71,-11.282,58.38900000000001,0.0012216933537274,0.0004146666666666,0.0008070266870608
5906537,72,-11.033,58.22300000000001,0.0025962754152715,0.0004406666666666,0.0021556087486048997
5906537,73,-10.992,58.143,0.000655165000353,0.00041,0.00024516500035300006
5906537,74,-10.944,57.90699999999998,0.0014200517907738,0.000479,0.0009410517907738
5906537,85,-10.465,57.53800000000001,0.0038672084920108,0.0004023333333333,0.0034648751586775
5906537,87,-11.111,58.037000000000006,0.0001706198090687,0.0004993333333333,-0.0003287135242646
5906537,88,-11.852,58.087999999999994,0.0010164065752178,0.0007303333333333,0.0002860732418844999
5906537,89,-11.49,58.514999999999986,0.0012952691176906,0.000651,0.0006442691176906
5906538,53,-25.889,52.47200000000001,0.0002812306047417,0.0006343333333333,-0.0003531027285916
5906538,56,-24.827,52.405,0.000884763430804,0.000619,0.00026576343080400003
5906538,58,-25.116,51.857,0.001392837264575,0.000588,0.000804837264575
5906538,59,-25.286,51.351,7.011437992332503e-05,0.0005996666666666,-0.0005295522867432749
5906538,60,-25.441,50.99799999999999,0.0010005941148847,0.0006306666666666,0.00036992744821809993
5906538,61,-25.805,50.803,0.0007460163906216,0.000685,6.101639062160006e-05
5906538,73,-27.128,50.34700000000001,0.0014101669657975,0.0005986666666666,0.0008115002991308999
5906538,74,-27.676,49.57900000000001,0.0009546597721055,0.0007883333333333,0.00016632643877220006
5906538,75,-28.319,49.46600000000001,0.0015239953063428,0.000824,0.0006999953063428001
5906538,76,-28.672,49.75399999999999,0.0024368532467633,0.0007356666666666,0.0017011865800967
5906538,78,-28.519,50.75399999999999,0.0011744569055736,0.0007043333333333,0.0004701235722403
5906538,80,-28.303,50.85300000000001,0.001602625590749,0.0008659999999999,0.0007366255907490999
5906538,81,-28.154,50.869,0.0010302017908543,0.0006933333333333,0.00033686845752099997
5906539,53,-7.814,76.41500000000002,0.0014088329626247,0.0006479999999999,0.0007608329626248001
5906539,73,-10.65,77.81200000000001,0.0019472129642963,0.0005903333333333,0.0013568796309629998
5906539,79,-11.367,75.707,0.0009031636291183,0.0005936666666666,0.00030949696245169997
5906539,84,-12.881,75.53399999999999,0.0010913506848737,0.0004776666666666,0.0006136840182070999
5906539,87,-13.575,75.07499999999999,0.0005447771982289,0.0006053333333333,-6.055613510440002e-05
5906540,59,-12.626,46.554,0.0007336151320487,0.0006656666666666,6.79484653820999e-05
5906540,60,-11.906,46.781000000000006,0.00344048300758,0.000559,0.00288148300758
5906540,61,-11.729,46.62700000000001,0.0004430299741216,0.0005716666666666,-0.00012863669254500003
5906540,64,-12.011,47.66899999999998,0.0005384742398746,0.0005853333333333,-4.685909345869999e-05
5906540,65,-12.929,47.56100000000001,3.778178097491036e-06,0.0005223333333333,-0.000518555155235809
5906540,66,-13.354,47.52000000000001,0.0006037824205122,0.000532,7.178242051219998e-05
5906540,67,-13.201,47.623999999999995,2.5869719593174523e-06,0.0005286666666666,-0.0005260796947072825
5906540,68,-13.363,47.506,0.0008168736821971,0.0004503333333333,0.0003665403488638
5906540,70,-13.207,47.638000000000005,0.0021872436627745,0.0005083333333333,0.0016789103294412
5906540,72,-12.793,47.39699999999999,3.360119990247767e-06,0.0005583333333333,-0.0005549732133430523
5906540,74,-12.823,47.364000000000004,0.0011762933572754,0.0004996666666666,0.0006766266906087999
5906540,76,-13.005,47.238,0.0015035935211926,0.0004779999999999,0.0010255935211927
5906540,83,-12.888,47.033000000000015,0.0003825429594144,0.0005013333333333,-0.00011879037391889993
5906540,86,-13.436,47.345,0.0010041501373052,0.000762,0.0002421501373052001
5906540,87,-13.636,47.209,0.0005338354967534,0.0007353333333333,-0.0002014978365799
5906540,88,-13.524,47.30799999999999,0.0003266742278356,0.0007396666666666,-0.000412992438831
5906540,89,-13.75,47.28800000000001,0.0026690533850342,0.0006833333333333,0.0019857200517009
5906540,90,-13.834,47.21600000000001,0.0005322091164998,0.00082,-0.0002877908835002
5906540,91,-13.608,47.41,0.001000328338705,0.0007363333333333,0.0002639950053717
5906541,51,-38.646,-53.766999999999996,0.0018827231833711,0.0008233333333333,0.0010593898500378001
5906541,69,-38.954,-40.40199999999999,0.0028058676980435,0.0014663333333333,0.0013395343647101998
5906563,70,18.954,-125.731,0.0009929115185514,0.0004996666666666,0.0004932448518847999
5906563,75,18.805,-125.654,0.0021433793008327,0.0004729999999999,0.0016703793008328
5906563,77,19.021,-125.698,0.0028394623659551,0.000453,0.0023864623659551
5906563,79,19.03,-125.706,0.0014275186695158,0.0004469999999999,0.0009805186695159
5906564,58,8.485,-162.727,0.0013536680489778,0.000695,0.0006586680489778001
5906564,65,7.913,-163.59,0.0014436446363106,0.0005603333333333,0.0008833113029773
5906564,66,8.144,-163.62,0.0007198734674602,0.0005333333333333,0.00018654013412690003
5906564,78,10.458,-161.849,0.0015170994447544,0.000482,0.0010350994447544
5906564,81,10.906,-159.85,0.0015618893085047,0.000547,0.0010148893085047
5906564,82,10.896,-159.225,0.0007416731677949,0.0005393333333333,0.00020233983446160003
5906564,83,10.688,-158.651,0.0019683591090142,0.0005216666666666,0.0014466924423475998
5906564,84,10.52,-158.851,0.0012667027767747,0.0005786666666666,0.0006880361101081001
5906564,85,10.346,-159.569,0.0010174392955377,0.001072,-5.4560704462300064e-05
5906564,86,10.155,-160.504,0.0006404594168998,0.000671,-3.0540583100200085e-05
5906564,88,10.151,-162.442,0.0006347577436827,0.0005179999999999,0.0001167577436827999
5906566,77,-25.924,-158.566,0.0035809359978884,0.0003503333333333,0.0032306026645550997
5906566,81,-25.603,-159.43,0.0012587046949192,0.0003133333333333,0.0009453713615858999
5906566,85,-26.367,-160.712,0.001114755636081,0.0003923333333333,0.0007224223027477
5906765,149,4.128,170.78200000000004,0.0012376706581562,0.0009633333333333,0.00027433732482290006
5906765,153,4.728,169.288,0.0040173176676034,0.000732,0.0032853176676034
5906767,94,2.262,-173.28,0.0011147875338792,0.0005746666666666,0.0005401208672126001
5906767,101,2.421,-171.451,0.0039801006205379,0.0005046666666666,0.0034754339538713
5906767,103,2.145,-169.755,0.0038202251307666,0.0005873333333333,0.0032328917974333
5906767,107,2.628,-168.803,0.0038653023075312,0.0006113333333333,0.0032539689741978997
5906767,108,2.527,-169.38,0.0021991550456732,0.000405,0.0017941550456732
5906767,110,2.743,-169.697,0.0016107022529467,0.0006696666666666,0.0009410355862800999
5906767,114,2.554,-169.408,0.0009339954704046,0.0008183333333333,0.00011566213707130005
5906767,116,2.149,-168.088,0.0008051775512285,0.0006276666666666,0.00017751088456190005
5906767,120,1.994,-165.07,0.0026641024742275,0.0008803333333333,0.0017837691408941999
5906767,121,1.885,-164.009,0.002332117408514,0.0006186666666666,0.0017134507418474
5906767,122,1.808,-163.298,0.0009651621803641,0.000629,0.00033616218036410005
5906767,123,1.7,-161.865,0.001296563190408,0.0005903333333333,0.0007062298570747
5906767,124,2.239,-160.535,0.0009980048052966,0.0008553333333333,0.00014267147196330007
5906767,125,2.166,-159.821,0.0008793951710686,0.0005876666666666,0.000291728504402
6990590,0,21.679,-117.954,0.0003298284718766,0.000422,-9.217152812339999e-05
6990590,2,22.076,-117.647,0.000594898534473,0.0003876666666666,0.00020723186780639998
6990590,3,22.064,-117.515,7.301961886696517e-05,0.000444,-0.00037098038113303483
6990671,4,-15.386,-13.745999999999981,0.0018249440472573,0.0004663333333333,0.001358610713924
6990671,5,-15.777,-13.76600000000002,0.0008015804341994,0.0004066666666666,0.00039491376753280006
6990687,1,30.159,-71.452,0.0009676610352471,0.0010656666666666,-9.800563141949999e-05
6990687,2,30.215,-71.67899999999997,0.0021827537566423,0.0009053333333333,0.0012774204233089999
6990687,3,30.165,-72.18599999999998,0.001745056011714,0.0007469999999999,0.0009980560117141
6990687,5,30.162,-73.02999999999997,0.0014875645283609,0.0011316666666666,0.0003558978616942999
6990687,7,30.328,-73.87599999999998,0.0006655752076767,0.000633,3.257520767670002e-05
7901095,24,-0.475,142.7,0.0012854466913267,0.000501,0.0007844466913267
7901095,35,0.102,147.074,0.0016930447891354,0.0004806666666666,0.0012123781224688
7901095,39,1.469,148.747,0.0005108494660817,0.0004436666666666,6.718279941509998e-05
7901095,54,0.436,146.01800000000003,0.0011798775522038,0.0004943333333333,0.0006855442188705
7901097,39,8.466,174.098,0.000379260018235,0.0003736666666666,5.593351568400015e-06
7901097,49,7.229,170.56100000000004,0.0009567584493197,0.0007326666666666,0.00022409178265309993
7901097,52,7.441,169.512,0.0013871615519747,0.0007043333333333,0.0006828282186413999
7901097,54,8.179,168.752,0.0009173849248327,0.000446,0.00047138492483270004
7901098,20,8.111,-169.667,0.003815502859652,0.0004896666666666,0.0033258361929853998
7901098,25,7.479,-174.085,0.0025367033667862,0.0005899999999999,0.0019467033667862998
7901098,30,7.728,-175.266,0.0030304978135973,0.0005896666666666,0.0024408311469307
7901098,34,7.148,-174.136,0.0012885371688753,0.0004566666666666,0.0008318705022086999
7901098,35,6.911,-173.199,0.0007834899588488,0.000415,0.0003684899588488
7901098,37,7.452,-171.889,0.0011714627034962,0.0004109999999999,0.0007604627034963
7901098,38,7.052,-170.971,0.0021576762665063,0.0004373333333333,0.001720342933173
7901098,39,6.626,-170.044,0.004701420199126,0.0003943333333333,0.0043070868657927
7901098,40,7.044,-169.523,0.0013893693685531,0.0003833333333333,0.0010060360352198
7901098,45,7.707,-167.486,0.000612266594544,0.0005646666666666,4.759992787739997e-05
7901098,48,7.86,-168.532,0.0019492397550493,0.0008306666666666,0.0011185730883827
7901098,49,7.871,-168.91,0.0005089163896627,0.000712,-0.00020308361033729997
7901098,50,7.751,-169.545,0.0009023488964885,0.0008703333333333,3.201556315520003e-05
7901098,51,7.655,-170.205,0.0018012993969023,0.0007576666666666,0.0010436327302357
7901098,52,7.64,-170.684,0.0014497480588033,0.0006386666666666,0.0008110813921366999
7901103,25,-49.784,-47.95600000000002,0.0021702270023524,0.0022766666666666,-0.00010643966431420028
7901103,26,-50.276,-47.22500000000002,0.0061176600866019,0.003111,0.0030066600866018997
7901107,21,-41.871,129.45299999999997,0.0015102978795766,0.001274,0.00023629787957660004
7901109,0,8.658,-90.122,0.0024402777198702,0.0022556666666666,0.00018461105320360027
7901109,2,10.126,-89.85300000000001,0.0010697189718484,0.0008373333333333,0.00023238563851510005
7902101,14,2.682,-93.235,0.0029491428285837,0.0006776666666666,0.0022714761619171
7902101,20,2.892,-94.48399999999998,0.0007377892616204,0.0006306666666666,0.00010712259495380006
7902101,25,2.441,-93.62,0.0014071424957364,0.000793,0.0006141424957364
7902101,26,2.727,-93.961,0.0041379663161933,0.0008363333333333,0.0033016329828599996
7902102,14,-1.181,-94.978,0.0045399675145745,0.001497,0.0030429675145745
7902102,22,-0.801,-95.176,0.0023606279864907,0.002149,0.00021162798649070015
7902102,23,-1.39,-94.41199999999998,3.910752639058046e-05,0.001614,-0.0015748924736094195
7902102,24,-1.456,-93.98000000000002,0.0035723221953958,0.0011556666666666,0.0024166555287292
7902102,25,-1.963,-93.49400000000004,0.0021387811284512,0.00112,0.0010187811284512
7902103,12,7.228,-99.43200000000002,0.0066582262516021,0.000745,0.0059132262516021
7902103,19,7.526,-101.48000000000002,0.0014432690804824,0.0007019999999999,0.0007412690804825001
7902103,20,7.425,-101.70800000000004,0.0007223865832202,0.0007213333333333,1.0532498869000092e-06
7902103,21,7.283,-102.07,0.0037848316133022,0.0008393333333333,0.0029454982799689
7902103,24,7.135,-102.336,0.0009810623014345,0.0005956666666666,0.0003853956347679
7902103,27,7.354,-102.555,0.0015916778938844,0.0005573333333333,0.0010343445605510999
7902104,20,11.97,-106.077,0.0014619234716519,0.000981,0.0004809234716518999
7902104,21,11.817,-106.022,0.0014126145979389,0.0010626666666666,0.0003499479312722999
7902104,22,11.52,-106.082,0.0010108158458024,0.0006013333333333,0.0004094825124691001
7902104,23,11.573,-106.15,0.0010626128641888,0.0006276666666666,0.00043494619752220006
7902104,24,11.65,-106.149,0.0008127932087518,0.0007153333333333,9.74598754185e-05
7902104,26,11.167,-105.802,0.0009953489061444,0.0004883333333333,0.0005070155728111001
7902111,0,40.043,-139.964,0.0010605672141537,0.000525,0.0005355672141537001
7902111,1,40.058,-139.965,0.0040706205181777,0.000453,0.0036176205181777
7902111,2,40.064,-139.954,0.0040706205181777,0.0004793333333333,0.0035912871848444
7902111,20,40.289,-140.301,0.0033106422051787,0.0003913333333333,0.0029193088718454
7902111,21,40.382,-140.267,0.0010594534687697,0.0003313333333333,0.0007281201354364
7902111,28,40.553,-139.448,2.214508533477783,0.0005273333333333,2.21398120014445
7902112,10,40.505,-149.605,0.00090071168961,0.0006619999999999,0.0002387116896101
7902112,18,40.636,-149.236,0.0010044737718999,0.0004136666666666,0.0005908071052333
7902136,0,2.961,-140.012,0.0022846064530313,0.0006733333333333,0.001611273119698
7902136,1,4.005,-139.453,0.0010599449742585,0.00078,0.0002799449742585
7902136,7,3.947,-136.715,0.0001546925341244,0.000863,-0.0007083074658756001
7902136,8,3.748,-136.272,0.0025515961460769,0.0007273333333333,0.0018242628127436
7902136,9,3.925,-135.766,0.0016551369335502,0.000899,0.0007561369335502001
7902136,10,4.085,-135.307,0.0059368163347244,0.0009336666666666,0.0050031496680578
7902136,13,3.838,-134.27,0.0015202042413875,0.0007043333333333,0.0008158709080542001
7902226,3,27.225,-46.02199999999999,0.0022663658019155,0.0004766666666666,0.0017896991352488998
7902226,4,27.479,-46.221000000000004,0.0009499754523858,0.000401,0.0005489754523858
7902226,5,27.563,-46.293000000000006,0.0005783374072052,0.0004283333333333,0.00015000407387189994
7902226,8,26.949,-46.99400000000003,0.0034410271327942,0.0004153333333333,0.0030256937994608997
